LinkID,PeptidePairIDs,PSMIDs,Protein1,Name1,Description1,Decoy1,Protein2,Name2,Description2,Decoy2,fromSite,ToSite,Croslinkers,Score,isDecoy,isTT,isTD,isDD,count PSMs,count peptide pairs,fdrGroup,fdr,ifdr,PEP,20240131_E0_NEO6_Mueller_MS_TechHub_IMP_THIDVJSSG004_Celegans_Nulcei_S3_DSG_SEC6_allng_FAIMS_001.raw,20240131_E0_NEO6_Mueller_MS_TechHub_IMP_THIDVJSSG004_Celegans_Nulcei_S3_DSG_SEC7_allng_FAIMS_001.raw,20240131_E0_NEO6_Mueller_MS_TechHub_IMP_THIDVJSSG004_Celegans_Nulcei_S3_DSG_SEC8_allng_FAIMS_001.raw,20240131_E0_NEO6_Mueller_MS_TechHub_IMP_THIDVJSSG004_Celegans_Nulcei_S3_DSG_SEC9_allng_FAIMS_001.raw,20240131_E0_NEO6_Mueller_MS_TechHub_IMP_THIDVJSSG004_Celegans_Nulcei_S3_DSG_SEC10_allng_FAIMS_001.raw,20240131_E0_NEO6_Mueller_MS_TechHub_IMP_THIDVJSSG004_Celegans_Nulcei_S3_DSG_SEC11_allng_FAIMS_001.raw,20240131_E0_NEO6_Mueller_MS_TechHub_IMP_THIDVJSSG004_Celegans_Nulcei_S3_DSG_SEC12_allng_FAIMS_001.raw,20240131_E0_NEO6_Mueller_MS_TechHub_IMP_THIDVJSSG004_Celegans_Nulcei_S3_DSG_SEC75_allng_FAIMS_001.raw,20240131_E0_NEO6_Mueller_MS_TechHub_IMP_THIDVJSSG004_Celegans_Nulcei_S3_DSG_SEC85_allng_FAIMS_001.raw,20240131_E0_NEO6_Mueller_MS_TechHub_IMP_THIDVJSSG004_Celegans_Nulcei_S3_DSG_SEC95_allng_FAIMS_001.raw,20240131_E0_NEO6_Mueller_MS_TechHub_IMP_THIDVJSSG004_Celegans_Nulcei_S3_DSG_SEC105_allng_FAIMS_001.raw,,Protein1FDR,Protein2FDR,PPIFDR,,top pep fdr,top psm fdr,,PPI id
328,1085;1088,Scan: 52277 Run: 20240131_E0_NEO6_Mueller_MS_TechHub_IMP_THIDVJSSG004_Celegans_Nulcei_S3_DSG_SEC9_allng_FAIMS_001.raw P1_TIAECLADELINAAKGSSNSYAIK P2_EVITYKLITPSVVSER 15 6;Scan: 52163 Run: 20240131_E0_NEO6_Mueller_MS_TechHub_IMP_THIDVJSSG004_Celegans_Nulcei_S3_DSG_SEC9_allng_FAIMS_001.raw P1_TIAECLADELINAAKGSSNSYAIK P2_EVITYKLITPSVVSER 15 6;Scan: 50242 Run: 20240131_E0_NEO6_Mueller_MS_TechHub_IMP_THIDVJSSG004_Celegans_Nulcei_S3_DSG_SEC9_allng_FAIMS_001.raw P1_TIAECLADELINAAKGSSNSYAIK P2_EVITYKLITPSVVSERLK 15 6;Scan: 51671 Run: 20240131_E0_NEO6_Mueller_MS_TechHub_IMP_THIDVJSSG004_Celegans_Nulcei_S3_DSG_SEC85_allng_FAIMS_001.raw P1_TIAECLADELINAAKGSSNSYAIK P2_EVITYKLITPSVVSERLK 15 6,P52821,,,false,P49041,,,false,62,188,DSG,853.808,false,true,false,false,4,2,Between,0,0,0.029,,,,506.3,,,,,475.75,,,,0,0,0,,0,0,,33
324,1090;1089,Scan: 37543 Run: 20240131_E0_NEO6_Mueller_MS_TechHub_IMP_THIDVJSSG004_Celegans_Nulcei_S3_DSG_SEC85_allng_FAIMS_001.raw P1_RYVNVASGPGKK P2_ERLDQELKLIGTFGLK 11 8;Scan: 37590 Run: 20240131_E0_NEO6_Mueller_MS_TechHub_IMP_THIDVJSSG004_Celegans_Nulcei_S3_DSG_SEC85_allng_FAIMS_001.raw P1_RYVNVASGPGKK P2_ERLDQELKLIGTFGLK 11 8;Scan: 40695 Run: 20240131_E0_NEO6_Mueller_MS_TechHub_IMP_THIDVJSSG004_Celegans_Nulcei_S3_DSG_SEC85_allng_FAIMS_001.raw P1_YVNVASGPGKK P2_ERLDQELKLIGTFGLK 10 8,Q20228,,,false,Q18231,,,false,29,122,DSG,756.297,false,true,false,false,3,2,Between,0,-0.141,0.03,,,,,,,,,499.02,,,,0,0,0,,0,0,,32
285,337,Scan: 27723 Run: 20240131_E0_NEO6_Mueller_MS_TechHub_IMP_THIDVJSSG004_Celegans_Nulcei_S3_DSG_SEC85_allng_FAIMS_001.raw P1_SSNRFLKDAGSGVENASK P2_SSNRFLKDAGSGVENASK 7 7;Scan: 27705 Run: 20240131_E0_NEO6_Mueller_MS_TechHub_IMP_THIDVJSSG004_Celegans_Nulcei_S3_DSG_SEC85_allng_FAIMS_001.raw P1_SSNRFLKDAGSGVENASK P2_SSNRFLKDAGSGVENASK 7 7,Q19057,,,false,Q19057,,,false,577,577,DSG,748.218,false,true,false,false,2,1,Self,0,0,0.006,,,,,,,,,568.17,,,,0,0,0,,0,0,,210
284,329,Scan: 36701 Run: 20240131_E0_NEO6_Mueller_MS_TechHub_IMP_THIDVJSSG004_Celegans_Nulcei_S3_DSG_SEC8_allng_FAIMS_001.raw P1_VNVSGVKIPEHINDEYFK P2_RVVFLKQLPQSGLLLVTGPHK 7 6;Scan: 41046 Run: 20240131_E0_NEO6_Mueller_MS_TechHub_IMP_THIDVJSSG004_Celegans_Nulcei_S3_DSG_SEC85_allng_FAIMS_001.raw P1_VNVSGVKIPEHINDEYFK P2_RVVFLKQLPQSGLLLVTGPHK 7 6,P47991,,,false,P47991,,,false,93,135,DSG,583.146,false,true,false,false,2,1,Self,0,0.002,0.006,,,395.61,,,,,,428.43,,,,0,0,0,,0,0,,61
326,1068;1081,Scan: 41855 Run: 20240131_E0_NEO6_Mueller_MS_TechHub_IMP_THIDVJSSG004_Celegans_Nulcei_S3_DSG_SEC9_allng_FAIMS_001.raw P1_TVTAMDVVYALKR P2_KESYSVYIYRVLK 12 1;Scan: 46200 Run: 20240131_E0_NEO6_Mueller_MS_TechHub_IMP_THIDVJSSG004_Celegans_Nulcei_S3_DSG_SEC85_allng_FAIMS_001.raw P1_TVTAMDVVYALKR P2_KESYSVYIYRVLK 12 1;Scan: 43112 Run: 20240131_E0_NEO6_Mueller_MS_TechHub_IMP_THIDVJSSG004_Celegans_Nulcei_S3_DSG_SEC9_allng_FAIMS_001.raw P1_TVTAMDVVYALKR P2_KESYSVYIYR 12 1;Scan: 43010 Run: 20240131_E0_NEO6_Mueller_MS_TechHub_IMP_THIDVJSSG004_Celegans_Nulcei_S3_DSG_SEC9_allng_FAIMS_001.raw P1_TVTAMDVVYALKR P2_KESYSVYIYR 12 1,Q27484;Q27876;P04255;Q27894,;;;,;;;,false,P62784,,,false,32;32;31;32,92,DSG,564.852,false,true,false,false,4,2,Between,0,-0.419,0.031,,,,289.95,,,,,345.97,,,,0,0,0,,0,0,,31
270,302;324,Scan: 32325 Run: 20240131_E0_NEO6_Mueller_MS_TechHub_IMP_THIDVJSSG004_Celegans_Nulcei_S3_DSG_SEC9_allng_FAIMS_001.raw P1_YKIPQYGITLTEK P2_IDSTTRAGDNKEVEFK 2 11;Scan: 32310 Run: 20240131_E0_NEO6_Mueller_MS_TechHub_IMP_THIDVJSSG004_Celegans_Nulcei_S3_DSG_SEC9_allng_FAIMS_001.raw P1_YKIPQYGITLTEK P2_IDSTTRAGDNKEVEFK 2 11;Scan: 33873 Run: 20240131_E0_NEO6_Mueller_MS_TechHub_IMP_THIDVJSSG004_Celegans_Nulcei_S3_DSG_SEC9_allng_FAIMS_001.raw P1_YKIPQYGITLTEK P2_AGDNKEVEFK 2 5,Q21752,,,false,Q21752,,,false,64,38,DSG,561.693,false,true,false,false,3,2,Self,0,0.002,0.006,,,,356.09,,,,,171.13,207.55,,,0,0,0,,0,0,,68
283,320,Scan: 25792 Run: 20240131_E0_NEO6_Mueller_MS_TechHub_IMP_THIDVJSSG004_Celegans_Nulcei_S3_DSG_SEC85_allng_FAIMS_001.raw P1_AARDLEKFPNAK P2_AARDLEKFPNAK 7 7;Scan: 25846 Run: 20240131_E0_NEO6_Mueller_MS_TechHub_IMP_THIDVJSSG004_Celegans_Nulcei_S3_DSG_SEC85_allng_FAIMS_001.raw P1_AARDLEKFPNAK P2_AARDLEKFPNAK 7 7,Q20748,,,false,Q20748,,,false,64,64,DSG,544.446,false,true,false,false,2,1,Self,0,0.002,0.006,,,,,,,,,446.76,,,,0,0,0,,0,0,,100
260,188;315,Scan: 43063 Run: 20240131_E0_NEO6_Mueller_MS_TechHub_IMP_THIDVJSSG004_Celegans_Nulcei_S3_DSG_SEC85_allng_FAIMS_001.raw P1_KANGEILSIKQVFEK P2_EPVTPIWKMQIFATNHVIAK 10 8;Scan: 43002 Run: 20240131_E0_NEO6_Mueller_MS_TechHub_IMP_THIDVJSSG004_Celegans_Nulcei_S3_DSG_SEC85_allng_FAIMS_001.raw P1_KANGEILSIKQVFEK P2_EPVTPIWKMQIFATNHVIAK 10 8;Scan: 44452 Run: 20240131_E0_NEO6_Mueller_MS_TechHub_IMP_THIDVJSSG004_Celegans_Nulcei_S3_DSG_SEC9_allng_FAIMS_001.raw P1_EPVTPIWKMQIFATNHVIAK P2_ANGEILSIKQVFEK 8 9,O44480,,,false,O44480,,,false,68,32,DSG,525.053,false,true,false,false,3,2,Self,0,0.002,0.006,,,,294.57,,,,,412.14,,,,0,0,0,,0,0,,173
57,310;186;74,Scan: 32619 Run: 20240131_E0_NEO6_Mueller_MS_TechHub_IMP_THIDVJSSG004_Celegans_Nulcei_S3_DSG_SEC85_allng_FAIMS_001.raw P1_YIREVGLGFKAPR P2_TVRFNVLKVNK 10 8;Scan: 32584 Run: 20240131_E0_NEO6_Mueller_MS_TechHub_IMP_THIDVJSSG004_Celegans_Nulcei_S3_DSG_SEC85_allng_FAIMS_001.raw P1_YIREVGLGFKAPR P2_TVRFNVLKVNK 10 8;Scan: 34869 Run: 20240131_E0_NEO6_Mueller_MS_TechHub_IMP_THIDVJSSG004_Celegans_Nulcei_S3_DSG_SEC85_allng_FAIMS_001.raw P1_YIREVGLGFKAPRDAVEGTYIDK P2_TVRFNVLKVNK 10 8;Scan: 30661 Run: 20240131_E0_NEO6_Mueller_MS_TechHub_IMP_THIDVJSSG004_Celegans_Nulcei_S3_DSG_SEC8_allng_FAIMS_001.raw P1_YIREVGLGFKAPRDAVEGTYIDK P2_TVRFNVLKVNK 10 8;Scan: 31474 Run: 20240131_E0_NEO6_Mueller_MS_TechHub_IMP_THIDVJSSG004_Celegans_Nulcei_S3_DSG_SEC9_allng_FAIMS_001.raw P1_YIREVGLGFKAPR P2_FNVLKVNK 10 5,Q20206,,,false,Q20206,,,false,42,141,DSG,489.469,false,true,false,false,5,3,Self,0,0.002,0.006,,,216.6,68.85,,,,,293.65,,,,0,0,0,,0,0,,205
123,321;319;257;153,Scan: 35343 Run: 20240131_E0_NEO6_Mueller_MS_TechHub_IMP_THIDVJSSG004_Celegans_Nulcei_S3_DSG_SEC9_allng_FAIMS_001.raw P1_SINFDKCTERSEIAYGLR P2_NEIEKIESSYDK 6 5;Scan: 32486 Run: 20240131_E0_NEO6_Mueller_MS_TechHub_IMP_THIDVJSSG004_Celegans_Nulcei_S3_DSG_SEC9_allng_FAIMS_001.raw P1_SINFDKCTER P2_NEIEKIESSYDK 6 5;Scan: 37274 Run: 20240131_E0_NEO6_Mueller_MS_TechHub_IMP_THIDVJSSG004_Celegans_Nulcei_S3_DSG_SEC8_allng_FAIMS_001.raw P1_SINFDKCTERSEIAYGLR P2_RAVVNMISFNPIAPRNEIEKIESSYDK 6 20;Scan: 40858 Run: 20240131_E0_NEO6_Mueller_MS_TechHub_IMP_THIDVJSSG004_Celegans_Nulcei_S3_DSG_SEC85_allng_FAIMS_001.raw P1_SINFDKCTER P2_RAVVNMISFNPIAPRNEIEKIESSYDK 6 20,P05690;P55155,;,;,false,P05690;P55155,;,;,false,157;157,208;208,DSG,489.344,false,true,false,false,4,4,Self,0,0.002,0.006,,,188.41,311.46,,,,,121.54,198.08,,,0,0,0,,0,0,,177
166,269;207,Scan: 35396 Run: 20240131_E0_NEO6_Mueller_MS_TechHub_IMP_THIDVJSSG004_Celegans_Nulcei_S3_DSG_SEC85_allng_FAIMS_001.raw P1_GYNFGFLKIDSTTRAGDNK P2_EVEFKSAASHNIGSGK 8 5;Scan: 35251 Run: 20240131_E0_NEO6_Mueller_MS_TechHub_IMP_THIDVJSSG004_Celegans_Nulcei_S3_DSG_SEC85_allng_FAIMS_001.raw P1_GYNFGFLKIDSTTRAGDNK P2_EVEFKSAASHNIGSGK 8 5;Scan: 36109 Run: 20240131_E0_NEO6_Mueller_MS_TechHub_IMP_THIDVJSSG004_Celegans_Nulcei_S3_DSG_SEC9_allng_FAIMS_001.raw P1_GYNFGFLKIDSTTR P2_EVEFKSAASHNIGSGK 8 5,Q21752,,,false,Q21752,,,false,43,27,DSG,468.004,false,true,false,false,3,2,Self,0,0.003,0.006,,,,146.38,,,,,393.49,,,,0,0,0,,0,0,,68
299,492;955;1065;1061,Scan: 15358 Run: 20240131_E0_NEO6_Mueller_MS_TechHub_IMP_THIDVJSSG004_Celegans_Nulcei_S3_DSG_SEC85_allng_FAIMS_001.raw P1_HTNHKVTQYKK P2_DKRFSGSIR 5 2;Scan: 15197 Run: 20240131_E0_NEO6_Mueller_MS_TechHub_IMP_THIDVJSSG004_Celegans_Nulcei_S3_DSG_SEC85_allng_FAIMS_001.raw P1_HTNHKVTQYKK P2_DKRFSGSIR 5 2;Scan: 17100 Run: 20240131_E0_NEO6_Mueller_MS_TechHub_IMP_THIDVJSSG004_Celegans_Nulcei_S3_DSG_SEC85_allng_FAIMS_001.raw P1_HTNHKVTQYK P2_DKRFSGSIR 5 2;Scan: 17138 Run: 20240131_E0_NEO6_Mueller_MS_TechHub_IMP_THIDVJSSG004_Celegans_Nulcei_S3_DSG_SEC85_allng_FAIMS_001.raw P1_HTNHKVTQYK P2_DKRFSGSIR 5 2;Scan: 14715 Run: 20240131_E0_NEO6_Mueller_MS_TechHub_IMP_THIDVJSSG004_Celegans_Nulcei_S3_DSG_SEC8_allng_FAIMS_001.raw P1_HTNHKVTQYKK P2_DKRFSGSIRLK 5 2;Scan: 16293 Run: 20240131_E0_NEO6_Mueller_MS_TechHub_IMP_THIDVJSSG004_Celegans_Nulcei_S3_DSG_SEC8_allng_FAIMS_001.raw P1_HTNHKVTQYK P2_DKRFSGSIRLK 5 2,Q9N4I4,,,false,P48166,,,false,46,23,DSG,462.751,false,true,false,false,6,4,Between,0,-0.567,0.032,,,201.79,67.32,,,,,247.38,,,,0,0,0,,0,0,,30
282,336,Scan: 48237 Run: 20240131_E0_NEO6_Mueller_MS_TechHub_IMP_THIDVJSSG004_Celegans_Nulcei_S3_DSG_SEC85_allng_FAIMS_001.raw P1_SPDELIDDLAKK P2_EETVAKLLDTVSGVKPDELDDK 11 6,Q9N4M4;A0A2C9C3A7;A0A2C9C2Z1,;;,;;,false,Q9N4M4;A0A2C9C3A7;A0A2C9C2Z1,;;,;;,false,3497;3490;2492,3490;3483;2485,DSG,459.59,false,true,false,false,1,1,Self,0,0.003,0.006,,,,259.69,,,,,459.59,,,,0,0,0,,0,0,,113
280,335,Scan: 45355 Run: 20240131_E0_NEO6_Mueller_MS_TechHub_IMP_THIDVJSSG004_Celegans_Nulcei_S3_DSG_SEC95_allng_FAIMS_001.raw P1_NKNVTYLPGNQQTLLNLQS P2_NKNVTYLPGNQQTLLNLQS 2 2,Q9BKU4,,,false,Q9BKU4,,,false,258,258,DSG,447.66,false,true,false,false,1,1,Self,0,0.003,0.006,,,,,438.57,,,,,447.66,,,0,0,0,,0,0,,201
235,268;289,Scan: 14287 Run: 20240131_E0_NEO6_Mueller_MS_TechHub_IMP_THIDVJSSG004_Celegans_Nulcei_S3_DSG_SEC8_allng_FAIMS_001.raw P1_HIFLSMKGVDAK P2_AHRNGITKPKK 7 10;Scan: 17185 Run: 20240131_E0_NEO6_Mueller_MS_TechHub_IMP_THIDVJSSG004_Celegans_Nulcei_S3_DSG_SEC85_allng_FAIMS_001.raw P1_HIFLSMKGVDAK P2_AHRNGITKPKK 7 10;Scan: 20819 Run: 20240131_E0_NEO6_Mueller_MS_TechHub_IMP_THIDVJSSG004_Celegans_Nulcei_S3_DSG_SEC85_allng_FAIMS_001.raw P1_NGITKPKK P2_HIFLSMKGVDAK 7 7,O45226,,,false,O45226,,,false,33,25,DSG,427.225,false,true,false,false,3,2,Self,0,0.003,0.006,,,282.53,,,,,,291.39,,,,0,0,0,,0,0,,126
301,1079;621,Scan: 41130 Run: 20240131_E0_NEO6_Mueller_MS_TechHub_IMP_THIDVJSSG004_Celegans_Nulcei_S3_DSG_SEC9_allng_FAIMS_001.raw P1_VLVQNVKDLDMLLMQSYK P2_RFSTEKFNLK 7 6;Scan: 42517 Run: 20240131_E0_NEO6_Mueller_MS_TechHub_IMP_THIDVJSSG004_Celegans_Nulcei_S3_DSG_SEC85_allng_FAIMS_001.raw P1_VLVQNVKDLDMLLMQSYK P2_RFSTEKFNLK 7 6;Scan: 39634 Run: 20240131_E0_NEO6_Mueller_MS_TechHub_IMP_THIDVJSSG004_Celegans_Nulcei_S3_DSG_SEC85_allng_FAIMS_001.raw P1_RFSTEKFNLK P2_KVLVQNVKDLDMLLMQSYK 6 8;Scan: 39792 Run: 20240131_E0_NEO6_Mueller_MS_TechHub_IMP_THIDVJSSG004_Celegans_Nulcei_S3_DSG_SEC85_allng_FAIMS_001.raw P1_RFSTEKFNLK P2_KVLVQNVKDLDMLLMQSYK 6 8,B7WN95;Q22716,;,;,false,Q21930,,,false,29;82,31,DSG,426.47,false,true,false,false,4,2,Between,0,-0.62,0.033,,,,270.68,,,,,267.54,,,,0,0,0,,0,0,,29
277,307,Scan: 60649 Run: 20240131_E0_NEO6_Mueller_MS_TechHub_IMP_THIDVJSSG004_Celegans_Nulcei_S3_DSG_SEC85_allng_FAIMS_001.raw P1_VIRGEQEIVAQLQNEEIRVKVDGK P2_KIQSEDYSAYQIER 20 1;Scan: 60234 Run: 20240131_E0_NEO6_Mueller_MS_TechHub_IMP_THIDVJSSG004_Celegans_Nulcei_S3_DSG_SEC85_allng_FAIMS_001.raw P1_VIRGEQEIVAQLQNEEIRVKVDGK P2_KIQSEDYSAYQIER 20 1,P05690,,,false,P05690;P55155,;,;,false,1388,1383;1385,DSG,417.425,false,true,false,false,2,1,Self,0,0.003,0.006,,,,,,,,,305.81,,,,0,0,0,,0,0,,117
118,152;215;158;82;1,Scan: 12781 Run: 20240131_E0_NEO6_Mueller_MS_TechHub_IMP_THIDVJSSG004_Celegans_Nulcei_S3_DSG_SEC9_allng_FAIMS_001.raw P1_VNVPKAR P2_HTNHKVTQYK 5 5;Scan: 15785 Run: 20240131_E0_NEO6_Mueller_MS_TechHub_IMP_THIDVJSSG004_Celegans_Nulcei_S3_DSG_SEC85_allng_FAIMS_001.raw P1_VNVPKAR P2_HTNHKVTQYK 5 5;Scan: 15640 Run: 20240131_E0_NEO6_Mueller_MS_TechHub_IMP_THIDVJSSG004_Celegans_Nulcei_S3_DSG_SEC85_allng_FAIMS_001.raw P1_VNVPKAR P2_HTNHKVTQYK 5 5;Scan: 13901 Run: 20240131_E0_NEO6_Mueller_MS_TechHub_IMP_THIDVJSSG004_Celegans_Nulcei_S3_DSG_SEC85_allng_FAIMS_001.raw P1_VNVPKAR P2_HTNHKVTQYKK 5 5;Scan: 13869 Run: 20240131_E0_NEO6_Mueller_MS_TechHub_IMP_THIDVJSSG004_Celegans_Nulcei_S3_DSG_SEC85_allng_FAIMS_001.raw P1_VNVPKAR P2_HTNHKVTQYKK 5 5;Scan: 14058 Run: 20240131_E0_NEO6_Mueller_MS_TechHub_IMP_THIDVJSSG004_Celegans_Nulcei_S3_DSG_SEC85_allng_FAIMS_001.raw P1_VNVPKAR P2_KHTNHKVTQYK 5 6;Scan: 14106 Run: 20240131_E0_NEO6_Mueller_MS_TechHub_IMP_THIDVJSSG004_Celegans_Nulcei_S3_DSG_SEC85_allng_FAIMS_001.raw P1_VNVPKAR P2_KHTNHKVTQYK 5 6;Scan: 12754 Run: 20240131_E0_NEO6_Mueller_MS_TechHub_IMP_THIDVJSSG004_Celegans_Nulcei_S3_DSG_SEC85_allng_FAIMS_001.raw P1_VNVPKARR P2_HTNHKVTQYKK 5 5;Scan: 10343 Run: 20240131_E0_NEO6_Mueller_MS_TechHub_IMP_THIDVJSSG004_Celegans_Nulcei_S3_DSG_SEC8_allng_FAIMS_001.raw P1_VNVPKARR P2_HTNHKVTQYKK 5 5;Scan: 14251 Run: 20240131_E0_NEO6_Mueller_MS_TechHub_IMP_THIDVJSSG004_Celegans_Nulcei_S3_DSG_SEC85_allng_FAIMS_001.raw P1_VNVPKARR P2_HTNHKVTQYK 5 5;Scan: 14170 Run: 20240131_E0_NEO6_Mueller_MS_TechHub_IMP_THIDVJSSG004_Celegans_Nulcei_S3_DSG_SEC85_allng_FAIMS_001.raw P1_VNVPKARR P2_HTNHKVTQYK 5 5,P48166,,,false,P48166,,,false,23,6,DSG,411.745,false,true,false,false,11,5,Self,0,0.003,0.006,,,118.76,114.6,,,,,163.26,,,,0,0,0,,0,0,,97
275,256,Scan: 44892 Run: 20240131_E0_NEO6_Mueller_MS_TechHub_IMP_THIDVJSSG004_Celegans_Nulcei_S3_DSG_SEC85_allng_FAIMS_001.raw P1_SADFLLDLLKNAESNAEYK P2_AQAFLNHVKEHK 10 9;Scan: 44878 Run: 20240131_E0_NEO6_Mueller_MS_TechHub_IMP_THIDVJSSG004_Celegans_Nulcei_S3_DSG_SEC85_allng_FAIMS_001.raw P1_SADFLLDLLKNAESNAEYK P2_AQAFLNHVKEHK 10 9,Q9BL19,,,false,Q9BL19,,,false,98,54,DSG,405.28,false,true,false,false,2,1,Self,0,0.003,0.006,,,,187.31,,,,,358.88,,,,0,0,0,,0,0,,183
274,331,Scan: 25907 Run: 20240131_E0_NEO6_Mueller_MS_TechHub_IMP_THIDVJSSG004_Celegans_Nulcei_S3_DSG_SEC85_allng_FAIMS_001.raw P1_TKGTGGASEVPEEK P2_FASQKGQSGFGAVRDVNYK 2 5,Q23050,,,false,Q23050,,,false,181,165,DSG,402.79,false,true,false,false,1,1,Self,0,0.003,0.006,,,,,,,,,402.79,,,,0,0,0,,0,0,,196
273,330,Scan: 42199 Run: 20240131_E0_NEO6_Mueller_MS_TechHub_IMP_THIDVJSSG004_Celegans_Nulcei_S3_DSG_SEC85_allng_FAIMS_001.raw P1_RVHELEIEFEGKFK P2_NLQMKTIQIESDFYK 12 5,Q19007,,,false,Q19007,,,false,61,39,DSG,396.46,false,true,false,false,1,1,Self,0,0.003,0.006,,,,,,,,,396.46,,,,0,0,0,,0,0,,195
308,773;1075;1069,Scan: 26342 Run: 20240131_E0_NEO6_Mueller_MS_TechHub_IMP_THIDVJSSG004_Celegans_Nulcei_S3_DSG_SEC8_allng_FAIMS_001.raw P1_GHAATQLPVKQRQNRHK P2_GFSLQELKAAGISQAQAR 10 8;Scan: 26509 Run: 20240131_E0_NEO6_Mueller_MS_TechHub_IMP_THIDVJSSG004_Celegans_Nulcei_S3_DSG_SEC8_allng_FAIMS_001.raw P1_GHAATQLPVKQRQNRHK P2_GFSLQELKAAGISQAQAR 10 8;Scan: 28897 Run: 20240131_E0_NEO6_Mueller_MS_TechHub_IMP_THIDVJSSG004_Celegans_Nulcei_S3_DSG_SEC8_allng_FAIMS_001.raw P1_TRLGRGFSLQELKAAGISQAQAR P2_GHAATQLPVKQR 13 10;Scan: 33538 Run: 20240131_E0_NEO6_Mueller_MS_TechHub_IMP_THIDVJSSG004_Celegans_Nulcei_S3_DSG_SEC85_allng_FAIMS_001.raw P1_GHAATQLPVKQRQNR P2_GFSLQELKAAGISQAQAR 10 8,P91128,,,false,P49181,,,false,82,25,DSG,396.072,false,true,false,false,4,3,Between,0,-0.664,0.034,,,232.4,,,,,,230.74,,,,0,0,0,,0,0,,28
174,309;108;217,Scan: 35931 Run: 20240131_E0_NEO6_Mueller_MS_TechHub_IMP_THIDVJSSG004_Celegans_Nulcei_S3_DSG_SEC8_allng_FAIMS_001.raw P1_NLRAYEGVPAKYQK P2_LLQGDKVVVLRAEEIVISGNFHR 11 6;Scan: 30421 Run: 20240131_E0_NEO6_Mueller_MS_TechHub_IMP_THIDVJSSG004_Celegans_Nulcei_S3_DSG_SEC9_allng_FAIMS_001.raw P1_NLRAYEGVPAKYQK P2_LLQGDKVVVLR 11 6;Scan: 32408 Run: 20240131_E0_NEO6_Mueller_MS_TechHub_IMP_THIDVJSSG004_Celegans_Nulcei_S3_DSG_SEC85_allng_FAIMS_001.raw P1_NLRAYEGVPAKYQK P2_LLQGDKVVVLR 11 6;Scan: 41258 Run: 20240131_E0_NEO6_Mueller_MS_TechHub_IMP_THIDVJSSG004_Celegans_Nulcei_S3_DSG_SEC85_allng_FAIMS_001.raw P1_LLQGDKVVVLRAEEIVISGNFHR P2_AYEGVPAKYQK 6 8,Q27389,,,false,Q27389,,,false,33,112,DSG,388.733,false,true,false,false,4,3,Self,0,0.003,0.006,,,286.76,197.46,,,,,259.41,,,,0,0,0,,0,0,,79
192,296;283;239,Scan: 25153 Run: 20240131_E0_NEO6_Mueller_MS_TechHub_IMP_THIDVJSSG004_Celegans_Nulcei_S3_DSG_SEC85_allng_FAIMS_001.raw P1_LFHATFATKDRK P2_LFHATFATKDRK 9 9;Scan: 19558 Run: 20240131_E0_NEO6_Mueller_MS_TechHub_IMP_THIDVJSSG004_Celegans_Nulcei_S3_DSG_SEC8_allng_FAIMS_001.raw P1_RLFHATFATKDRK P2_RLFHATFATKDRK 10 10;Scan: 20630 Run: 20240131_E0_NEO6_Mueller_MS_TechHub_IMP_THIDVJSSG004_Celegans_Nulcei_S3_DSG_SEC8_allng_FAIMS_001.raw P1_RLFHATFATKDRK P2_LFHATFATKDRK 10 9,P34559,,,false,P34559,,,false,268,268,DSG,373.143,false,true,false,false,3,3,Self,0,0.004,0.006,,,224.66,,,,,,246.17,,,,0,0,0,,0,0,,153
230,308;282,Scan: 39316 Run: 20240131_E0_NEO6_Mueller_MS_TechHub_IMP_THIDVJSSG004_Celegans_Nulcei_S3_DSG_SEC85_allng_FAIMS_001.raw P1_LILPGELAKHAVSEGTK P2_LILPGELAKHAVSEGTK 9 9;Scan: 36758 Run: 20240131_E0_NEO6_Mueller_MS_TechHub_IMP_THIDVJSSG004_Celegans_Nulcei_S3_DSG_SEC8_allng_FAIMS_001.raw P1_LILPGELAKHAVSEGTK P2_EIQTAVRLILPGELAKHAVSEGTK 9 16,Q27484;Q27876;P04255;Q27894,;;;,;;;,false,Q27484;Q27876;P04255;Q27894,;;;,;;;,false,106;106;105;106,106;106;105;106,DSG,363.58,false,true,false,false,2,2,Self,0,0.004,0.006,,,224.64,,,,,,285.88,,,,0,0,0,,0,0,,64
323,1087,Scan: 25925 Run: 20240131_E0_NEO6_Mueller_MS_TechHub_IMP_THIDVJSSG004_Celegans_Nulcei_S3_DSG_SEC85_allng_FAIMS_001.raw P1_ANQAKSFATEADTRLDEK P2_ADKSNNIAK 5 3,A0A061AJI9;A0A061AD21;C1P640;Q21313;C1P641;G5EEV6,;;;;;,;;;;;,false,O44565,,,false,2369;2349;2369;2358;2349;2358,1448,DSG,357.16,false,true,false,false,1,1,Between,0,-0.721,0.036,,,,318.46,,,,,357.16,,,,0.035,0,0,,0,0,,21
271,325,Scan: 32468 Run: 20240131_E0_NEO6_Mueller_MS_TechHub_IMP_THIDVJSSG004_Celegans_Nulcei_S3_DSG_SEC8_allng_FAIMS_001.raw P1_VFFKAGVLAHLEDIRDEK P2_KGFPNRTLHPDFVQR 4 1,P02566,,,false,P02566;P12845,;,;,false,775,714;720,DSG,355.97,false,true,false,false,1,1,Self,0,0.004,0.006,,,355.97,,,,,,244.22,,,,0,0.021,0,,0,0,,191
163,300;250;204,Scan: 30315 Run: 20240131_E0_NEO6_Mueller_MS_TechHub_IMP_THIDVJSSG004_Celegans_Nulcei_S3_DSG_SEC85_allng_FAIMS_001.raw P1_VLEQLTGQTPVFSKAR P2_NEKIAVHCTVRGPK 14 3;Scan: 28539 Run: 20240131_E0_NEO6_Mueller_MS_TechHub_IMP_THIDVJSSG004_Celegans_Nulcei_S3_DSG_SEC85_allng_FAIMS_001.raw P1_VLEQLTGQTPVFSKAR P2_RNEKIAVHCTVRGPK 14 4;Scan: 27069 Run: 20240131_E0_NEO6_Mueller_MS_TechHub_IMP_THIDVJSSG004_Celegans_Nulcei_S3_DSG_SEC8_allng_FAIMS_001.raw P1_VLEQLTGQTPVFSKARYTVR P2_NEKIAVHCTVRGPK 14 3,Q19162;Q94300,;,;,false,Q19162;Q94300,;,;,false,74;74,59;59,DSG,342.065,false,true,false,false,3,3,Self,0,0.004,0.006,,,167.37,,,,,,253.65,,,,0,0,0,,0,0,,190
269,323,Scan: 27367 Run: 20240131_E0_NEO6_Mueller_MS_TechHub_IMP_THIDVJSSG004_Celegans_Nulcei_S3_DSG_SEC9_allng_FAIMS_001.raw P1_KVLQGVVIR P2_GEMKGSAITGPVAK 1 4,P48158,,,false,P48158,,,false,113,75,DSG,326.32,false,true,false,false,1,1,Self,0,0.004,0.006,,,,326.32,,,,,,,,,0,0,0,,0,0,,189
268,281,Scan: 30505 Run: 20240131_E0_NEO6_Mueller_MS_TechHub_IMP_THIDVJSSG004_Celegans_Nulcei_S3_DSG_SEC9_allng_FAIMS_001.raw P1_SAKDLFNK P2_AKVNSSSQVAVAATHSLSPALK 3 2;Scan: 30463 Run: 20240131_E0_NEO6_Mueller_MS_TechHub_IMP_THIDVJSSG004_Celegans_Nulcei_S3_DSG_SEC9_allng_FAIMS_001.raw P1_SAKDLFNK P2_AKVNSSSQVAVAATHSLSPALK 3 2,Q21752,,,false,Q21752,,,false,236,14,DSG,324.575,false,true,false,false,2,1,Self,0,0.004,0.006,,,,234.45,,,,,,,,,0,0,0,,0,0,,68
139,226;172,Scan: 46849 Run: 20240131_E0_NEO6_Mueller_MS_TechHub_IMP_THIDVJSSG004_Celegans_Nulcei_S3_DSG_SEC85_allng_FAIMS_001.raw P1_TRFVLPNGYKK P2_DLDMLLMQSYKYIGEIGHGVSAK 10 11;Scan: 48409 Run: 20240131_E0_NEO6_Mueller_MS_TechHub_IMP_THIDVJSSG004_Celegans_Nulcei_S3_DSG_SEC85_allng_FAIMS_001.raw P1_TRFVLPNGYKK P2_DLDMLLMQSYKYIGEIGHGVSAK 10 11;Scan: 50320 Run: 20240131_E0_NEO6_Mueller_MS_TechHub_IMP_THIDVJSSG004_Celegans_Nulcei_S3_DSG_SEC85_allng_FAIMS_001.raw P1_FVLPNGYKK P2_DLDMLLMQSYKYIGEIGHGVSAK 8 11,B7WN95;Q22716,;,;,false,B7WN95;Q22716,;,;,false,40;93,21;74,DSG,324.299,false,true,false,false,3,2,Self,0,0.004,0.006,,,,112.45,,,,,252.26,,,,0,0,0,,0,0,,187
169,210;211,Scan: 43485 Run: 20240131_E0_NEO6_Mueller_MS_TechHub_IMP_THIDVJSSG004_Celegans_Nulcei_S3_DSG_SEC9_allng_FAIMS_001.raw P1_VGGNGADYALATKYAPSRDLTVR P2_DLFNKGYNFGFLK 13 5;Scan: 44881 Run: 20240131_E0_NEO6_Mueller_MS_TechHub_IMP_THIDVJSSG004_Celegans_Nulcei_S3_DSG_SEC85_allng_FAIMS_001.raw P1_VGGNGADYALATKYAPSRDLTVR P2_DLFNKGYNFGFLK 13 5;Scan: 42079 Run: 20240131_E0_NEO6_Mueller_MS_TechHub_IMP_THIDVJSSG004_Celegans_Nulcei_S3_DSG_SEC85_allng_FAIMS_001.raw P1_VGGNGADYALATKYAPSRDLTVRAK P2_DLFNKGYNFGFLK 13 5,Q21752,,,false,Q21752,,,false,19,224,DSG,323.445,false,true,false,false,3,2,Self,0,0.004,0.006,,,,245.75,,,,,242.45,,,,0,0,0,,0,0,,68
267,322,Scan: 45798 Run: 20240131_E0_NEO6_Mueller_MS_TechHub_IMP_THIDVJSSG004_Celegans_Nulcei_S3_DSG_SEC9_allng_FAIMS_001.raw P1_TKFQPFAVSVTPIIFEK P2_LDPKANYGALVER 2 4,G5EEM5,,,false,G5EEM5,,,false,378,338,DSG,319.6,false,true,false,false,1,1,Self,0,0.004,0.006,,,,319.6,,,,,,,,,0,0,0,,0,0,,185
170,303;212,Scan: 23424 Run: 20240131_E0_NEO6_Mueller_MS_TechHub_IMP_THIDVJSSG004_Celegans_Nulcei_S3_DSG_SEC85_allng_FAIMS_001.raw P1_KSTNNLALK P2_IQEARKSTNNLALK 1 6;Scan: 23276 Run: 20240131_E0_NEO6_Mueller_MS_TechHub_IMP_THIDVJSSG004_Celegans_Nulcei_S3_DSG_SEC85_allng_FAIMS_001.raw P1_IQEARKSTNNLALK P2_IQEARKSTNNLALK 6 6,O76840,,,false,O76840,,,false,259,259,DSG,314.215,false,true,false,false,2,2,Self,0,0.004,0.006,,,,109.45,,,,,276.56,,,,0,0,0,,0,0,,184
264,260,Scan: 20042 Run: 20240131_E0_NEO6_Mueller_MS_TechHub_IMP_THIDVJSSG004_Celegans_Nulcei_S3_DSG_SEC85_allng_FAIMS_001.raw P1_VHYSRAPENSTKSCK P2_EDVVSKPTDDAAPK 12 6;Scan: 20004 Run: 20240131_E0_NEO6_Mueller_MS_TechHub_IMP_THIDVJSSG004_Celegans_Nulcei_S3_DSG_SEC85_allng_FAIMS_001.raw P1_VHYSRAPENSTKSCK P2_EDVVSKPTDDAAPK 12 6,Q9BL19,,,false,Q9BL19,,,false,161,15,DSG,303.38,false,true,false,false,2,1,Self,0,0.004,0.007,,,,,,,,,233.12,,,,0,0,0,,0,0,,183
263,317,Scan: 46218 Run: 20240131_E0_NEO6_Mueller_MS_TechHub_IMP_THIDVJSSG004_Celegans_Nulcei_S3_DSG_SEC9_allng_FAIMS_001.raw P1_KLLHMAGIEDCYTAAK P2_EFEIIDALCSNLKDEVLK 1 13,P51403,,,false,P51403,,,false,208,99,DSG,301.2,false,true,false,false,1,1,Self,0,0.004,0.007,,,,301.2,,,,,,,,,0,0,0,,0,0,,182
262,316,Scan: 28877 Run: 20240131_E0_NEO6_Mueller_MS_TechHub_IMP_THIDVJSSG004_Celegans_Nulcei_S3_DSG_SEC9_allng_FAIMS_001.raw P1_VSIELEKLGAR P2_KNTLEITHK 7 1,P18947;Q9N4J2;P06125,;;,;;,false,P18947;Q9N4J2;P06125,;;,;;,false,915;915;915,861;861;861,DSG,299.93,false,true,false,false,1,1,Self,0,0.004,0.007,,,,299.93,,,,,287.98,,,,0,0,0,,0,0,,133
76,270;261;97,Scan: 19012 Run: 20240131_E0_NEO6_Mueller_MS_TechHub_IMP_THIDVJSSG004_Celegans_Nulcei_S3_DSG_SEC9_allng_FAIMS_001.raw P1_RLAKNAGFNK P2_FNKLAQR 4 3;Scan: 18588 Run: 20240131_E0_NEO6_Mueller_MS_TechHub_IMP_THIDVJSSG004_Celegans_Nulcei_S3_DSG_SEC95_allng_FAIMS_001.raw P1_LAKNAGFNK P2_FNKLAQR 3 3;Scan: 21208 Run: 20240131_E0_NEO6_Mueller_MS_TechHub_IMP_THIDVJSSG004_Celegans_Nulcei_S3_DSG_SEC85_allng_FAIMS_001.raw P1_LAKNAGFNK P2_FNKLAQRR 3 3,Q21930,,,false,Q21930,,,false,93,102,DSG,295.497,false,true,false,false,3,3,Self,0,0.004,0.007,,,,206.89,,,,,76.78,196.52,,,0,0,0,,0,0,,81
259,314,Scan: 23961 Run: 20240131_E0_NEO6_Mueller_MS_TechHub_IMP_THIDVJSSG004_Celegans_Nulcei_S3_DSG_SEC85_allng_FAIMS_001.raw P1_RFDDNEESTNAIKK P2_MKIEEVKEEDEAEPEK 13 2,O45012,,,false,O45012,,,false,451,454,DSG,294.48,false,true,false,false,1,1,Self,0,0.004,0.007,,,,,,,,,294.48,,,,0,0,0,,0,0,,179
258,243,Scan: 32184 Run: 20240131_E0_NEO6_Mueller_MS_TechHub_IMP_THIDVJSSG004_Celegans_Nulcei_S3_DSG_SEC9_allng_FAIMS_001.raw P1_RDFLAEAEAKA P2_RAFMGKLK 10 6;Scan: 32147 Run: 20240131_E0_NEO6_Mueller_MS_TechHub_IMP_THIDVJSSG004_Celegans_Nulcei_S3_DSG_SEC9_allng_FAIMS_001.raw P1_RDFLAEAEAKA P2_RAFMGKLK 10 6,P50880;G5EEC0;G5ECE5,;;,;;,false,P50880;G5EEC0;G5ECE5,;;,;;,false,400;302;352,388;290;340,DSG,292.962,false,true,false,false,2,1,Self,0,0.004,0.007,,,,237.77,,,,,,,,,0,0,0,,0,0,,145
257,312,Scan: 32624 Run: 20240131_E0_NEO6_Mueller_MS_TechHub_IMP_THIDVJSSG004_Celegans_Nulcei_S3_DSG_SEC9_allng_FAIMS_001.raw P1_SINFDKCTER P2_IESSYDKEEQSEENTSFFTNEK 6 7,P05690;P55155,;,;,false,P05690;P55155,;,;,false,164;164,208;208,DSG,291.5,false,true,false,false,1,1,Self,0,0.004,0.007,,,,291.5,,,,,,,,,0,0,0,,0,0,,177
84,305;106,Scan: 44900 Run: 20240131_E0_NEO6_Mueller_MS_TechHub_IMP_THIDVJSSG004_Celegans_Nulcei_S3_DSG_SEC85_allng_FAIMS_001.raw P1_LYTVPKISVAALHVTEGAR P2_ARILAAGGEIITLDQLALKSPK 6 19;Scan: 47255 Run: 20240131_E0_NEO6_Mueller_MS_TechHub_IMP_THIDVJSSG004_Celegans_Nulcei_S3_DSG_SEC85_allng_FAIMS_001.raw P1_LYTVPKISVAALHVTEGAR P2_ILAAGGEIITLDQLALKSPK 6 17,O45946,,,false,O45946,,,false,97,129,DSG,290.459,false,true,false,false,2,2,Self,0,0.004,0.007,,,,,,,,,278.65,,,,0,0,0,,0,0,,176
322,1083,Scan: 45538 Run: 20240131_E0_NEO6_Mueller_MS_TechHub_IMP_THIDVJSSG004_Celegans_Nulcei_S3_DSG_SEC85_allng_FAIMS_001.raw P1_LSHEVGWQFQDVVAKLEAK P2_DDKSKPIHLTAFLGYK 15 5,Q27389,,,false,P50880;G5ECE5,;,;,false,155,39;39,DSG,286.73,false,true,false,false,1,1,Between,0,-0.823,0.037,,,,,,,,,286.73,,,,0,0,0,,0,0,,20
253,251,Scan: 30735 Run: 20240131_E0_NEO6_Mueller_MS_TechHub_IMP_THIDVJSSG004_Celegans_Nulcei_S3_DSG_SEC9_allng_FAIMS_001.raw P1_VTFVEESKINREIK P2_TFSPKSEYVYK 8 5;Scan: 30651 Run: 20240131_E0_NEO6_Mueller_MS_TechHub_IMP_THIDVJSSG004_Celegans_Nulcei_S3_DSG_SEC9_allng_FAIMS_001.raw P1_VTFVEESKINREIK P2_TFSPKSEYVYK 8 5,P18947;Q9N4J2;P06125,;;,;;,false,P18947;Q9N4J2;P06125,;;,;;,false,27;27;27,281;281;281,DSG,282.254,false,true,false,false,2,1,Self,0,0.004,0.007,,,,218.12,,,,,147.33,,,,0,0,0,,0,0,,133
321,1082,Scan: 44503 Run: 20240131_E0_NEO6_Mueller_MS_TechHub_IMP_THIDVJSSG004_Celegans_Nulcei_S3_DSG_SEC85_allng_FAIMS_001.raw P1_RYVNVASGPGKK P2_EFEIIDALCSNLKDEVLK 11 13,P51403,,,false,Q18231,,,false,99,122,DSG,281.21,false,true,false,false,1,1,Between,0,-0.831,0.037,,,,,,,,,281.21,,,,0,0,0,,0,0,,25
252,306,Scan: 36079 Run: 20240131_E0_NEO6_Mueller_MS_TechHub_IMP_THIDVJSSG004_Celegans_Nulcei_S3_DSG_SEC8_allng_FAIMS_001.raw P1_RSILNLFSLRKSAPVDEMSQDQK P2_DMESDKDSLFFNVHEK 11 6,P18947;Q9N4J2;P06125,;;,;;,false,P18947;Q9N4J2,;,;,false,166;166;166,148;148,DSG,279.87,false,true,false,false,1,1,Self,0,0.004,0.007,,,279.87,,,,,,,,,,0,0,0,,0,0,,174
208,189;139,Scan: 23284 Run: 20240131_E0_NEO6_Mueller_MS_TechHub_IMP_THIDVJSSG004_Celegans_Nulcei_S3_DSG_SEC85_allng_FAIMS_001.raw P1_AQADRIHILKVQTVK P2_AEDTKRAGIK 10 5;Scan: 23417 Run: 20240131_E0_NEO6_Mueller_MS_TechHub_IMP_THIDVJSSG004_Celegans_Nulcei_S3_DSG_SEC85_allng_FAIMS_001.raw P1_AQADRIHILKVQTVK P2_AEDTKRAGIK 10 5;Scan: 17223 Run: 20240131_E0_NEO6_Mueller_MS_TechHub_IMP_THIDVJSSG004_Celegans_Nulcei_S3_DSG_SEC8_allng_FAIMS_001.raw P1_HRAQADRIHILKVQTVK P2_AEDTKRAGIK 12 5;Scan: 17066 Run: 20240131_E0_NEO6_Mueller_MS_TechHub_IMP_THIDVJSSG004_Celegans_Nulcei_S3_DSG_SEC8_allng_FAIMS_001.raw P1_HRAQADRIHILKVQTVK P2_AEDTKRAGIK 12 5,O44480,,,false,O44480,,,false,141,131,DSG,278.402,false,true,false,false,4,2,Self,0,0.005,0.007,,,156.04,,,,,,150.53,,,,0,0,0,,0,0.005,,173
250,304,Scan: 36336 Run: 20240131_E0_NEO6_Mueller_MS_TechHub_IMP_THIDVJSSG004_Celegans_Nulcei_S3_DSG_SEC85_allng_FAIMS_001.raw P1_YNRKVTALVVCDRDEK P2_KIEITQLTCLGLDK 4 1,Q18947,,,false,Q18947,,,false,161,92,DSG,277.26,false,true,false,false,1,1,Self,0,0.005,0.007,,,,,,,,,277.26,,,,0,0,0,,0,0,,172
187,275;235,Scan: 32172 Run: 20240131_E0_NEO6_Mueller_MS_TechHub_IMP_THIDVJSSG004_Celegans_Nulcei_S3_DSG_SEC8_allng_FAIMS_001.raw P1_RVVFLKQLPQSGLLLVTGPHK P2_NGTKFALGHSK 6 4;Scan: 30388 Run: 20240131_E0_NEO6_Mueller_MS_TechHub_IMP_THIDVJSSG004_Celegans_Nulcei_S3_DSG_SEC8_allng_FAIMS_001.raw P1_RVVFLKQLPQSGLLLVTGPHK P2_LQRNGTKFALGHSK 6 7,P47991,,,false,P47991,,,false,93,56,DSG,270.2,false,true,false,false,2,2,Self,0,0.005,0.007,,,214.47,,,,,,202.78,,,,0,0,0,,0,0,,61
319,1057,Scan: 15792 Run: 20240131_E0_NEO6_Mueller_MS_TechHub_IMP_THIDVJSSG004_Celegans_Nulcei_S3_DSG_SEC8_allng_FAIMS_001.raw P1_MFIPKSHTK P2_AAHHADGLAKGLHETCK 5 10;Scan: 15750 Run: 20240131_E0_NEO6_Mueller_MS_TechHub_IMP_THIDVJSSG004_Celegans_Nulcei_S3_DSG_SEC8_allng_FAIMS_001.raw P1_MFIPKSHTK P2_AAHHADGLAKGLHETCK 5 10,P49196,,,false,O01869,,,false,41,5,DSG,267.487,false,true,false,false,2,1,Between,0,-0.851,0.037,,,195.4,,,,,,195.03,,,,0,0,0,,0,0,,24
318,1078,Scan: 37871 Run: 20240131_E0_NEO6_Mueller_MS_TechHub_IMP_THIDVJSSG004_Celegans_Nulcei_S3_DSG_SEC85_allng_FAIMS_001.raw P1_RHVSLLFDRKEANK P2_DLQELLEKSVVGPK 10 8,Q9N4U1,,,false,Q23495,,,false,89,34,DSG,262.73,false,true,false,false,1,1,Between,0,-0.858,0.037,,,,,,,,,262.73,,,,0.007,0.007,0,,0,0,,23
69,293;90,Scan: 41756 Run: 20240131_E0_NEO6_Mueller_MS_TechHub_IMP_THIDVJSSG004_Celegans_Nulcei_S3_DSG_SEC85_allng_FAIMS_001.raw P1_SYDAFIASESLIKQIPR P2_ILGPGLNKAGKFPSVVTHGESLQSK 13 8;Scan: 42354 Run: 20240131_E0_NEO6_Mueller_MS_TechHub_IMP_THIDVJSSG004_Celegans_Nulcei_S3_DSG_SEC9_allng_FAIMS_001.raw P1_SYDAFIASESLIKQIPR P2_ILGPGLNKAGK 13 8,Q9N4I4;Q95Y46,;,;,false,Q9N4I4;Q95Y46,;,;,false,117;56,129;68,DSG,254.767,false,true,false,false,2,2,Self,0,0.005,0.007,,,,75.38,,,,,243.36,,,,0,0,0,,0,0,,170
247,301,Scan: 46992 Run: 20240131_E0_NEO6_Mueller_MS_TechHub_IMP_THIDVJSSG004_Celegans_Nulcei_S3_DSG_SEC85_allng_FAIMS_001.raw P1_VFLENVIRDAVTYCEHAKR P2_KTVTAMDVVYALK 18 1,P62784,,,false,P62784,,,false,80,78,DSG,254.12,false,true,false,false,1,1,Self,0,0.005,0.007,,,,,,,,,254.12,,,,0,0,0,,0,0,,48
288,1060;1047,Scan: 21913 Run: 20240131_E0_NEO6_Mueller_MS_TechHub_IMP_THIDVJSSG004_Celegans_Nulcei_S3_DSG_SEC8_allng_FAIMS_001.raw P1_HIFLSMKGVDAK P2_HFGPAPGVPHSHTKPYVR 7 14;Scan: 20378 Run: 20240131_E0_NEO6_Mueller_MS_TechHub_IMP_THIDVJSSG004_Celegans_Nulcei_S3_DSG_SEC8_allng_FAIMS_001.raw P1_KHIFLSMKGVDAK P2_HFGPAPGVPHSHTKPYVR 8 14,O45226,,,false,O45946,,,false,33,164,DSG,251.07,false,true,false,false,2,2,Between,0,-0.875,0.04,,,187.11,,,,,,114.55,,,,0,0,0,,0,0,,22
245,298,Scan: 27259 Run: 20240131_E0_NEO6_Mueller_MS_TechHub_IMP_THIDVJSSG004_Celegans_Nulcei_S3_DSG_SEC85_allng_FAIMS_001.raw P1_TLINRTQGTKIASEGLK P2_KAVDPFSRK 10 1,P48154,,,false,P48154,,,false,54,18,DSG,250.65,false,true,false,false,1,1,Self,0,0.005,0.007,,,,,,,,,250.65,,,,0,0,0,,0,0,,34
244,297,Scan: 42269 Run: 20240131_E0_NEO6_Mueller_MS_TechHub_IMP_THIDVJSSG004_Celegans_Nulcei_S3_DSG_SEC85_allng_FAIMS_001.raw P1_TMEGDCEVAYTIVQEGEKTIYTK P2_EGQFVKPQTVYTYTFKNEK 18 16,Q9N4J2;P06125,;,;,false,Q9N4J2;P06125,;,;,false,243;243,194;194,DSG,247.43,false,true,false,false,1,1,Self,0,0.005,0.007,,,,,,,,,247.43,,,,0,0,0,,0,0,,167
242,294,Scan: 32093 Run: 20240131_E0_NEO6_Mueller_MS_TechHub_IMP_THIDVJSSG004_Celegans_Nulcei_S3_DSG_SEC85_allng_FAIMS_001.raw P1_VAVEAKNPADLPK P2_DLEEDHACIPLKK 6 12,P29691,,,false,P29691,,,false,506,565,DSG,244.88,false,true,false,false,1,1,Self,0,0.005,0.007,,,,153.32,,,,,244.88,,,,0,0,0,,0,0,,166
241,229,Scan: 21302 Run: 20240131_E0_NEO6_Mueller_MS_TechHub_IMP_THIDVJSSG004_Celegans_Nulcei_S3_DSG_SEC85_allng_FAIMS_001.raw P1_YSKEEHDAK P2_MRDDAAAYHKLLAK 3 10;Scan: 21273 Run: 20240131_E0_NEO6_Mueller_MS_TechHub_IMP_THIDVJSSG004_Celegans_Nulcei_S3_DSG_SEC85_allng_FAIMS_001.raw P1_YSKEEHDAK P2_MRDDAAAYHKLLAK 3 10,I2HAF9;Q9NEN6,;,;,false,I2HAF9;Q9NEN6,;,;,false,156;218,149;211,DSG,244.695,false,true,false,false,2,1,Self,0,0.005,0.007,,,,,,,,,184.11,,,,0,0,0,,0,0,,165
238,292,Scan: 19499 Run: 20240131_E0_NEO6_Mueller_MS_TechHub_IMP_THIDVJSSG004_Celegans_Nulcei_S3_DSG_SEC85_allng_FAIMS_001.raw P1_ATGEVMKDHLDK P2_ATGEVMKDHLDK 7 7,Q18026,,,false,Q18026,,,false,101,101,DSG,240.73,false,true,false,false,1,1,Self,0,0.005,0.007,,,,,,,,,240.73,,,,0,0,0,,0,0,,164
237,234,Scan: 21512 Run: 20240131_E0_NEO6_Mueller_MS_TechHub_IMP_THIDVJSSG004_Celegans_Nulcei_S3_DSG_SEC85_allng_FAIMS_001.raw P1_VYKVHLDK P2_IRVKLDGKK 3 4;Scan: 21533 Run: 20240131_E0_NEO6_Mueller_MS_TechHub_IMP_THIDVJSSG004_Celegans_Nulcei_S3_DSG_SEC85_allng_FAIMS_001.raw P1_VYKVHLDK P2_IRVKLDGKK 3 4,Q23312,,,false,Q23312,,,false,147,155,DSG,239.234,false,true,false,false,2,1,Self,0,0.005,0.007,,,,,,,,,174.4,,,,0,0,0,,0,0,,120
236,290,Scan: 9397 Run: 20240131_E0_NEO6_Mueller_MS_TechHub_IMP_THIDVJSSG004_Celegans_Nulcei_S3_DSG_SEC9_allng_FAIMS_001.raw P1_VTKSAQK P2_SVEKSDGSSGK 3 4,P53013,,,false,P53013,,,false,453,443,DSG,236.65,false,true,false,false,1,1,Self,0,0.005,0.007,,,,236.65,55.01,,,,,209.22,,,0,0,0,,0,0,,71
315,1076,Scan: 37691 Run: 20240131_E0_NEO6_Mueller_MS_TechHub_IMP_THIDVJSSG004_Celegans_Nulcei_S3_DSG_SEC85_allng_FAIMS_001.raw P1_VQEVEKLK P2_NKQIQTDLERATELLEK 6 2,O44565,,,false,A0A061AJI9;A0A061AD21;C1P640;Q21313;C1P641;G5EEV6,;;;;;,;;;;;,false,1698,2605;2585;2605;2594;2585;2594,DSG,233.77,false,true,false,false,1,1,Between,0,-0.9,0.043,,,,,,,,,233.77,,,,0,0.035,0,,0,0,,21
234,287,Scan: 52170 Run: 20240131_E0_NEO6_Mueller_MS_TechHub_IMP_THIDVJSSG004_Celegans_Nulcei_S3_DSG_SEC95_allng_FAIMS_001.raw P1_GYLDKVDPSAITK P2_DVVVNFLATFKP 5 11,Q9XXK1,,,false,Q9XXK1,,,false,537,483,DSG,233.19,false,true,false,false,1,1,Self,0,0.005,0.007,,,,,,,,,,233.19,,,0,0,0,,0,0,,123
313,1074,Scan: 45555 Run: 20240131_E0_NEO6_Mueller_MS_TechHub_IMP_THIDVJSSG004_Celegans_Nulcei_S3_DSG_SEC85_allng_FAIMS_001.raw P1_LSHEVGWQFQDVVAKLEAK P2_DDKSKPIHLTAFLGYK 15 3,Q27389,,,false,P50880;G5ECE5,;,;,false,155,37;37,DSG,231.23,false,true,false,false,1,1,Between,0,-0.903,0.043,,,,,,,,,231.23,,,,0,0,0,,0,0,,20
233,285,Scan: 30949 Run: 20240131_E0_NEO6_Mueller_MS_TechHub_IMP_THIDVJSSG004_Celegans_Nulcei_S3_DSG_SEC9_allng_FAIMS_001.raw P1_KPGMGVADVAK P2_AAGVEWGKLTDK 1 8,G5EFV4,,,false,G5EFV4,,,false,48,66,DSG,231.18,false,true,false,false,1,1,Self,0,0.005,0.008,,,,231.18,,,,,,,,,0,0,0,,0,0,,160
168,246;209,Scan: 18523 Run: 20240131_E0_NEO6_Mueller_MS_TechHub_IMP_THIDVJSSG004_Celegans_Nulcei_S3_DSG_SEC85_allng_FAIMS_001.raw P1_MQEVTRQKEVENETK P2_MQEVTRQKEVENETK 8 8;Scan: 17546 Run: 20240131_E0_NEO6_Mueller_MS_TechHub_IMP_THIDVJSSG004_Celegans_Nulcei_S3_DSG_SEC85_allng_FAIMS_001.raw P1_QKEVENETK P2_MQEVTRQKEVENETK 2 8,Q20748,,,false,Q20748,,,false,84,84,DSG,228.644,false,true,false,false,2,2,Self,0,0.005,0.008,,,,,,,,,174.06,,,,0,0,0,,0,0,,100
232,284,Scan: 39255 Run: 20240131_E0_NEO6_Mueller_MS_TechHub_IMP_THIDVJSSG004_Celegans_Nulcei_S3_DSG_SEC9_allng_FAIMS_001.raw P1_VTENFQKTQWAK P2_DLQLTKFVLK 7 6,Q9XVE9,,,false,Q9XVE9,,,false,88,59,DSG,228.46,false,true,false,false,1,1,Self,0,0.005,0.008,,,,228.46,,,,,,,,,0,0,0,,0,0,,158
312,1073,Scan: 44798 Run: 20240131_E0_NEO6_Mueller_MS_TechHub_IMP_THIDVJSSG004_Celegans_Nulcei_S3_DSG_SEC9_allng_FAIMS_001.raw P1_LTDFERYKLMK P2_IAQYQKIIEALGYN 8 6,Q9XVE9,,,false,Q27389,,,false,111,194,DSG,226.06,false,true,false,false,1,1,Between,0,-0.911,0.043,,,,226.06,,,,,,149.79,,,0,0,0,,0,0,,19
228,280,Scan: 35405 Run: 20240131_E0_NEO6_Mueller_MS_TechHub_IMP_THIDVJSSG004_Celegans_Nulcei_S3_DSG_SEC85_allng_FAIMS_001.raw P1_SFLEATDKEK P2_KTLQGLNDRLGNYIDRVK 8 1,Q19289,,,false,Q19289,,,false,80,83,DSG,222.04,false,true,false,false,1,1,Self,0,0.005,0.008,,,,,,,,,222.04,,,,0,0,0,,0,0,,157
227,279,Scan: 47190 Run: 20240131_E0_NEO6_Mueller_MS_TechHub_IMP_THIDVJSSG004_Celegans_Nulcei_S3_DSG_SEC85_allng_FAIMS_001.raw P1_QLDTFVETVFTKNHLLLTR P2_AVDAIRVVAHKF 12 11,A0A0K3ARH7;P91079,;,;,false,A0A0K3ARH7;P91079,;,;,false,124;408,173;457,DSG,218.25,false,true,false,false,1,1,Self,0,0.005,0.008,,,,,,,,,218.25,,,,0,0,0,,0,0,,156
311,767,Scan: 38759 Run: 20240131_E0_NEO6_Mueller_MS_TechHub_IMP_THIDVJSSG004_Celegans_Nulcei_S3_DSG_SEC8_allng_FAIMS_001.raw P1_KSLVKCAALYAR P2_DLDMLLMQSYKYIGEIGHGVSAK 1 11;Scan: 38934 Run: 20240131_E0_NEO6_Mueller_MS_TechHub_IMP_THIDVJSSG004_Celegans_Nulcei_S3_DSG_SEC8_allng_FAIMS_001.raw P1_KSLVKCAALYAR P2_DLDMLLMQSYKYIGEIGHGVSAK 1 11,B7WN95;Q22716,;,;,false,O02053,,,false,40;93,148,DSG,216.742,false,true,false,false,2,1,Between,0,-0.924,0.045,,,178.01,,,,,,,,,,0,0,0,,0,0,,7
226,276,Scan: 39825 Run: 20240131_E0_NEO6_Mueller_MS_TechHub_IMP_THIDVJSSG004_Celegans_Nulcei_S3_DSG_SEC85_allng_FAIMS_001.raw P1_TYNIIACPNSGKPYALVAKK P2_KVTCVELPGPRPLTGF 19 1,Q9XWT4,,,false,Q9XWT4,,,false,197,144,DSG,216.51,false,true,false,false,1,1,Self,0,0.005,0.008,,,,,,,,,216.51,,,,0,0,0,,0,0,,155
223,274,Scan: 30149 Run: 20240131_E0_NEO6_Mueller_MS_TechHub_IMP_THIDVJSSG004_Celegans_Nulcei_S3_DSG_SEC9_allng_FAIMS_001.raw P1_GDSKLDQQK P2_DIKDLLPHAK 4 3,P34524,,,false,P34524,,,false,85,96,DSG,212.96,false,true,false,false,1,1,Self,0,0.005,0.008,,,,212.96,,,,,,,,,0,0,0,,0,0,,154
222,178,Scan: 28584 Run: 20240131_E0_NEO6_Mueller_MS_TechHub_IMP_THIDVJSSG004_Celegans_Nulcei_S3_DSG_SEC9_allng_FAIMS_001.raw P1_QNVALIKLNRPK P2_APEMIKIEK 7 6;Scan: 27879 Run: 20240131_E0_NEO6_Mueller_MS_TechHub_IMP_THIDVJSSG004_Celegans_Nulcei_S3_DSG_SEC85_allng_FAIMS_001.raw P1_QNVALIKLNRPK P2_APEMIKIEK 7 6,P34559,,,false,P34559,,,false,49,35,DSG,212.516,false,true,false,false,2,1,Self,0,0.005,0.008,,,,128.98,,,,,168.9,,,,0,0,0,,0,0,,153
221,273,Scan: 36724 Run: 20240131_E0_NEO6_Mueller_MS_TechHub_IMP_THIDVJSSG004_Celegans_Nulcei_S3_DSG_SEC85_allng_FAIMS_001.raw P1_SVNFDKCITRPETAYGLR P2_ECEKEGQFVKPQTVYTYTFK 6 4,Q9N4J2;P06125,;,;,false,P18947;Q9N4J2;P06125,;;,;;,false,227;227,205;205;205,DSG,212.05,false,true,false,false,1,1,Self,0,0.005,0.008,,,,,,,,,212.05,,,,0,0,0,,0,0,,152
220,272,Scan: 34489 Run: 20240131_E0_NEO6_Mueller_MS_TechHub_IMP_THIDVJSSG004_Celegans_Nulcei_S3_DSG_SEC9_allng_FAIMS_001.raw P1_SFQLYKK P2_NSWGAGWGEKGYIR 6 10,O45734,,,false,O45734,,,false,313,267,DSG,210.8,false,true,false,false,1,1,Self,0,0.005,0.008,,,,210.8,,,,,,,,,0,0,0,,0,0,,66
310,772,Scan: 31281 Run: 20240131_E0_NEO6_Mueller_MS_TechHub_IMP_THIDVJSSG004_Celegans_Nulcei_S3_DSG_SEC85_allng_FAIMS_001.raw P1_RGLRTQSEHTSLLKLEGVFNK P2_KLLQGDK 14 1;Scan: 27405 Run: 20240131_E0_NEO6_Mueller_MS_TechHub_IMP_THIDVJSSG004_Celegans_Nulcei_S3_DSG_SEC8_allng_FAIMS_001.raw P1_RGLRTQSEHTSLLKLEGVFNK P2_KLLQGDK 14 1,P49180,,,false,Q27389,,,false,42,27,DSG,210.171,false,true,false,false,2,1,Between,0,-0.934,0.045,,,169.89,,,,,,154.37,,,,0.007,0,0,,0,0.022,,17
309,1070,Scan: 27004 Run: 20240131_E0_NEO6_Mueller_MS_TechHub_IMP_THIDVJSSG004_Celegans_Nulcei_S3_DSG_SEC8_allng_FAIMS_001.raw P1_RPNVVPIVEDARHPHKYR P2_LAVGDAKLGNLIK 16 7,O45012,,,false,Q22053,,,false,92,253,DSG,209.26,false,true,false,false,1,1,Between,0,-0.935,0.045,,,209.26,,,,,,125.71,,,,0,0.026,0,,0,0,,16
219,271,Scan: 36141 Run: 20240131_E0_NEO6_Mueller_MS_TechHub_IMP_THIDVJSSG004_Celegans_Nulcei_S3_DSG_SEC8_allng_FAIMS_001.raw P1_MHLIKTITEQIQEVENNMPETSHFLAR P2_EIHETLYVKADK 5 9,P05690;P55155,;,;,false,P05690,,,false,382;382,337,DSG,208.37,false,true,false,false,1,1,Self,0,0.005,0.008,,,208.37,,,,,,121.88,,,,0,0,0,,0,0,,117
307,929,Scan: 25097 Run: 20240131_E0_NEO6_Mueller_MS_TechHub_IMP_THIDVJSSG004_Celegans_Nulcei_S3_DSG_SEC85_allng_FAIMS_001.raw P1_VFDKEETGK P2_FIRIHFNKHGR 4 8;Scan: 25223 Run: 20240131_E0_NEO6_Mueller_MS_TechHub_IMP_THIDVJSSG004_Celegans_Nulcei_S3_DSG_SEC85_allng_FAIMS_001.raw P1_VFDKEETGK P2_FIRIHFNKHGR 4 8,P02566,,,false,P53014,,,false,252,94,DSG,207.491,false,true,false,false,2,1,Between,0,-0.938,0.048,,,,,,,,,158.74,,,,0,0.021,0,,0,0.091,,15
306,910,Scan: 9252 Run: 20240131_E0_NEO6_Mueller_MS_TechHub_IMP_THIDVJSSG004_Celegans_Nulcei_S3_DSG_SEC9_allng_FAIMS_001.raw P1_SSRASKR P2_AVTKYTSSK 6 4;Scan: 9144 Run: 20240131_E0_NEO6_Mueller_MS_TechHub_IMP_THIDVJSSG004_Celegans_Nulcei_S3_DSG_SEC9_allng_FAIMS_001.raw P1_SSRASKR P2_AVTKYTSSK 6 4,Q27484;Q27876;P04255;Q27894,;;;,;;;,false,Q21145,,,false,118;118;117;118,27,DSG,205.474,false,true,false,false,2,1,Between,0,-0.941,0.05,,,,158,,,,,,,,,0,0.03,0,,0,0.103,,14
305,1067,Scan: 30827 Run: 20240131_E0_NEO6_Mueller_MS_TechHub_IMP_THIDVJSSG004_Celegans_Nulcei_S3_DSG_SEC85_allng_FAIMS_001.raw P1_LSLYGKQSDELR P2_IAQRIPKPQIEGTFTWSDELR 6 7,P18947;Q9N4J2;P06125,;;,;;,false,A0SQM0,,,false,727;727;727,57,DSG,201.9,false,true,false,false,1,1,Between,0,-0.946,0.05,,,,,,,,,201.9,,,,0,0.026,0,,0,0,,13
216,267,Scan: 26812 Run: 20240131_E0_NEO6_Mueller_MS_TechHub_IMP_THIDVJSSG004_Celegans_Nulcei_S3_DSG_SEC9_allng_FAIMS_001.raw P1_LGGNLDVKYK P2_EVEFKSAASHNIGSGK 8 5,Q21752,,,false,Q21752,,,false,43,62,DSG,201.61,false,true,false,false,1,1,Self,0,0.005,0.008,,,,201.61,,,,,,,,,0,0,0,,0,0,,68
215,266,Scan: 31790 Run: 20240131_E0_NEO6_Mueller_MS_TechHub_IMP_THIDVJSSG004_Celegans_Nulcei_S3_DSG_SEC85_allng_FAIMS_001.raw P1_NCGKDGFHLR P2_IRIFDLGNKR 4 9,Q09533,,,false,Q09533,,,false,39,82,DSG,200.36,false,true,false,false,1,1,Self,0,0.005,0.008,,,,,,,,,200.36,,,,0,0,0,,0,0,,47
214,265,Scan: 42670 Run: 20240131_E0_NEO6_Mueller_MS_TechHub_IMP_THIDVJSSG004_Celegans_Nulcei_S3_DSG_SEC85_allng_FAIMS_001.raw P1_YITTKYTLGDQANK P2_ADAAHPPFINMVTEAISSIKDRK 5 20,O17536,,,false,O17536,,,false,84,67,DSG,198.53,false,true,false,false,1,1,Self,0,0.005,0.008,,,,,,,,,198.53,,,,0,0,0,,0,0,,147
304,1066,Scan: 30553 Run: 20240131_E0_NEO6_Mueller_MS_TechHub_IMP_THIDVJSSG004_Celegans_Nulcei_S3_DSG_SEC9_allng_FAIMS_001.raw P1_NQYPHKMQF P2_AKLTDFER 6 2,P47991,,,false,Q9XVE9,,,false,214,103,DSG,198.5,false,true,false,false,1,1,Between,0,-0.951,0.053,,,,198.5,,,,,,,,,0,0,0,,0,0,,12
213,264,Scan: 15497 Run: 20240131_E0_NEO6_Mueller_MS_TechHub_IMP_THIDVJSSG004_Celegans_Nulcei_S3_DSG_SEC9_allng_FAIMS_001.raw P1_NGVKMCPR P2_DAKQRIVDK 4 3,P18948,,,false,P18948,,,false,516,509,DSG,197.76,false,true,false,false,1,1,Self,0,0.005,0.008,,,,197.76,,,,,,,,,0,0,0,,0,0,,87
60,240;92;77,Scan: 19646 Run: 20240131_E0_NEO6_Mueller_MS_TechHub_IMP_THIDVJSSG004_Celegans_Nulcei_S3_DSG_SEC8_allng_FAIMS_001.raw P1_RVAHEKINLK P2_GFHHRTIINNKIYRIGK 6 11;Scan: 27601 Run: 20240131_E0_NEO6_Mueller_MS_TechHub_IMP_THIDVJSSG004_Celegans_Nulcei_S3_DSG_SEC85_allng_FAIMS_001.raw P1_VAHEKINLK P2_TIINNKIYRIGK 5 6;Scan: 25798 Run: 20240131_E0_NEO6_Mueller_MS_TechHub_IMP_THIDVJSSG004_Celegans_Nulcei_S3_DSG_SEC85_allng_FAIMS_001.raw P1_TIINNKIYRIGK P2_RVAHEKINLK 6 6,P50880;G5EEC0;G5ECE5,;;,;;,false,P50880;G5EEC0;G5ECE5,;;,;;,false,283;185;235,359;261;311,DSG,197.519,false,true,false,false,3,3,Self,0,0.005,0.008,,,168.27,,,,,,75.8,,,,0,0,0,,0,0,,145
212,262,Scan: 17080 Run: 20240131_E0_NEO6_Mueller_MS_TechHub_IMP_THIDVJSSG004_Celegans_Nulcei_S3_DSG_SEC8_allng_FAIMS_001.raw P1_LGLAKSIHHAR P2_ILIKQHHIR 5 4,Q20228,,,false,Q20228,,,false,120,130,DSG,196.8,false,true,false,false,1,1,Self,0,0.005,0.008,,,196.8,,,,,,,,,,0,0,0,,0,0,,93
302,1062,Scan: 22400 Run: 20240131_E0_NEO6_Mueller_MS_TechHub_IMP_THIDVJSSG004_Celegans_Nulcei_S3_DSG_SEC85_allng_FAIMS_001.raw P1_IAKDANK P2_HDDVTKYVITHDK 3 6,I2HAF9;Q9NEN6,;,;,false,O01868,,,false,93;155,116,DSG,193.89,false,true,false,false,1,1,Between,0,-0.957,0.053,,,,,,,,,193.89,,,,0,0,0,,0,0,,8
210,259,Scan: 43779 Run: 20240131_E0_NEO6_Mueller_MS_TechHub_IMP_THIDVJSSG004_Celegans_Nulcei_S3_DSG_SEC85_allng_FAIMS_001.raw P1_EAEEVLSIVRDVLTETTKAK P2_AKAEKAYEVAK 18 5,O44565,,,false,O44565,,,false,1481,1488,DSG,192.5,false,true,false,false,1,1,Self,0,0.005,0.009,,,,,,,,,192.5,,,,0,0,0,,0,0,,143
209,258,Scan: 35952 Run: 20240131_E0_NEO6_Mueller_MS_TechHub_IMP_THIDVJSSG004_Celegans_Nulcei_S3_DSG_SEC8_allng_FAIMS_001.raw P1_RSILNLFSLRKSAPVDEMNQDQK P2_DMESDKDSLFFNVHEK 11 6,P18947;Q9N4J2;P06125,;;,;;,false,P06125,,,false,166;166;166,148,DSG,190.21,false,true,false,false,1,1,Self,0,0.005,0.009,,,190.21,,,,,,,,,,0,0,0,,0,0,,142
300,914,Scan: 39641 Run: 20240131_E0_NEO6_Mueller_MS_TechHub_IMP_THIDVJSSG004_Celegans_Nulcei_S3_DSG_SEC8_allng_FAIMS_001.raw P1_KELLLSEFK P2_CNVRDWEKVKPTLLSEFK 1 8;Scan: 44101 Run: 20240131_E0_NEO6_Mueller_MS_TechHub_IMP_THIDVJSSG004_Celegans_Nulcei_S3_DSG_SEC85_allng_FAIMS_001.raw P1_KELLLSEFK P2_CNVRDWEKVKPTLLSEFK 1 8,Q9TZK7;Q22778,;,;,false,P90770,,,false,363;435,835,DSG,188.501,false,true,false,false,2,1,Between,0,-0.965,0.056,,,131.62,,,,,,134.94,,,,0.056,0.03,0,,0,0.44,,10
206,255,Scan: 39083 Run: 20240131_E0_NEO6_Mueller_MS_TechHub_IMP_THIDVJSSG004_Celegans_Nulcei_S3_DSG_SEC9_allng_FAIMS_001.raw P1_THIEAYKGLSQDAK P2_EFPILTGFFKNEK 7 10,P34382,,,false,P34382,,,false,147,169,DSG,187.06,false,true,false,false,1,1,Self,0,0.005,0.009,,,,187.06,,,,,127.82,,,,0,0,0,,0,0,,141
205,171,Scan: 12464 Run: 20240131_E0_NEO6_Mueller_MS_TechHub_IMP_THIDVJSSG004_Celegans_Nulcei_S3_DSG_SEC9_allng_FAIMS_001.raw P1_STMGKPQRVY P2_GSSEKPRK 5 5;Scan: 12379 Run: 20240131_E0_NEO6_Mueller_MS_TechHub_IMP_THIDVJSSG004_Celegans_Nulcei_S3_DSG_SEC9_allng_FAIMS_001.raw P1_STMGKPQRVY P2_GSSEKPRK 5 5,Q9N4I4;Q95Y46,;,;,false,Q9N4I4,,,false,211;150,23,DSG,185.804,false,true,false,false,2,1,Self,0,0.005,0.009,,,,137.06,,,,,,,,,0,0,0,,0,0.005,,45
204,63,Scan: 36869 Run: 20240131_E0_NEO6_Mueller_MS_TechHub_IMP_THIDVJSSG004_Celegans_Nulcei_S3_DSG_SEC9_allng_FAIMS_001.raw P1_VTIGNLEKTDLSEIK P2_TVCDKWIR 8 5;Scan: 36920 Run: 20240131_E0_NEO6_Mueller_MS_TechHub_IMP_THIDVJSSG004_Celegans_Nulcei_S3_DSG_SEC9_allng_FAIMS_001.raw P1_VTIGNLEKTDLSEIK P2_TVCDKWIR 8 5,P18947;Q9N4J2;P06125,;;,;;,false,P18947;Q9N4J2;P06125,;;,;;,false,1031;1031;1031,1100;1100;1100,DSG,185.795,false,true,false,false,2,1,Self,0,0.005,0.009,,,,174.61,,,,,,,,,0,0,0,,0,0,,133
297,1059,Scan: 42007 Run: 20240131_E0_NEO6_Mueller_MS_TechHub_IMP_THIDVJSSG004_Celegans_Nulcei_S3_DSG_SEC9_allng_FAIMS_001.raw P1_GFQNLWFSHPR P2_DFNAKTHPNIEGVSNLEVIK 1 5,P90983,,,false,O01869,,,false,2,30,DSG,184.45,false,true,false,false,1,1,Between,0,-0.971,0.059,,,,184.45,,,,,,,,,0.035,0,0,,0,0,,9
296,1058,Scan: 34861 Run: 20240131_E0_NEO6_Mueller_MS_TechHub_IMP_THIDVJSSG004_Celegans_Nulcei_S3_DSG_SEC8_allng_FAIMS_001.raw P1_SVQVVNRAVAGLSLDAILAKR P2_HDDVTKYVITHDK 20 6,I2HAF9;Q9NEN6,;,;,false,O01868,,,false,93;155,96,DSG,184.06,false,true,false,false,1,1,Between,0,-0.972,0.059,,,184.06,,,,,,110.05,,,,0,0,0,,0,0,,8
203,253,Scan: 8179 Run: 20240131_E0_NEO6_Mueller_MS_TechHub_IMP_THIDVJSSG004_Celegans_Nulcei_S3_DSG_SEC9_allng_FAIMS_001.raw P1_KDDDEEEK P2_KAEEEKEAK 1 6,P27798,,,false,P27798,,,false,375,379,DSG,183.78,false,true,false,false,1,1,Self,0,0.005,0.009,,,,183.78,,,,,,,,,0,0,0,,0,0,,138
202,252,Scan: 22126 Run: 20240131_E0_NEO6_Mueller_MS_TechHub_IMP_THIDVJSSG004_Celegans_Nulcei_S3_DSG_SEC85_allng_FAIMS_001.raw P1_RAEEELAMKAR P2_RAEEELAMKAR 9 9,Q20748,,,false,Q20748,,,false,145,145,DSG,181.9,false,true,false,false,1,1,Self,0,0.005,0.009,,,,,,,,,181.9,,,,0,0,0,,0,0,,100
137,181;169,Scan: 11797 Run: 20240131_E0_NEO6_Mueller_MS_TechHub_IMP_THIDVJSSG004_Celegans_Nulcei_S3_DSG_SEC9_allng_FAIMS_001.raw P1_KNAAPK P2_KMDKLAVQAK 1 4;Scan: 12777 Run: 20240131_E0_NEO6_Mueller_MS_TechHub_IMP_THIDVJSSG004_Celegans_Nulcei_S3_DSG_SEC85_allng_FAIMS_001.raw P1_KNAAPK P2_KMDKLAVQAKK 1 4,Q27389,,,false,Q27389,,,false,176,183,DSG,181.886,false,true,false,false,2,2,Self,0,0.005,0.009,,,,133,,,,,124.07,,,,0,0,0,,0.005,0.005,,79
201,151,Scan: 14254 Run: 20240131_E0_NEO6_Mueller_MS_TechHub_IMP_THIDVJSSG004_Celegans_Nulcei_S3_DSG_SEC85_allng_FAIMS_001.raw P1_VNVPKAR P2_KHTNHKVTQYK 5 1;Scan: 14006 Run: 20240131_E0_NEO6_Mueller_MS_TechHub_IMP_THIDVJSSG004_Celegans_Nulcei_S3_DSG_SEC85_allng_FAIMS_001.raw P1_VNVPKAR P2_KHTNHKVTQYK 5 1,P48166,,,false,P48166,,,false,6,18,DSG,179.561,false,true,false,false,2,1,Self,0,0.005,0.009,,,,,,,,,139.66,,,,0,0,0,,0,0.005,,97
295,1056,Scan: 38696 Run: 20240131_E0_NEO6_Mueller_MS_TechHub_IMP_THIDVJSSG004_Celegans_Nulcei_S3_DSG_SEC8_allng_FAIMS_001.raw P1_KSLVKCAALYAR P2_DLDMLLMQSYKYIGEIGHGVSAK 5 11,B7WN95;Q22716,;,;,false,O02053,,,false,40;93,152,DSG,178.48,false,true,false,false,1,1,Between,0,-0.98,0.071,,,178.48,,,,,,,,,,0,0,0,,0.026,0,,7
199,249,Scan: 35544 Run: 20240131_E0_NEO6_Mueller_MS_TechHub_IMP_THIDVJSSG004_Celegans_Nulcei_S3_DSG_SEC9_allng_FAIMS_001.raw P1_KADVDVNK P2_IVTIMQNPSQYKIPNWFLNRQK 1 12,O18240,,,false,O18240,,,false,47,78,DSG,176.78,false,true,false,false,1,1,Self,0,0.005,0.009,,,,176.78,,,,,,,,,0.007,0.007,0,,0,0,,134
294,1054,Scan: 31118 Run: 20240131_E0_NEO6_Mueller_MS_TechHub_IMP_THIDVJSSG004_Celegans_Nulcei_S3_DSG_SEC9_allng_FAIMS_001.raw P1_RKSLGALMDSAEIEK P2_ASAPKKGDSSAEELK 2 5,P91128,,,false,O45268;B3GWD4;G5EDU9;G5EE35;C6KRP1;D1MN86;A0A061ADZ4,;;;;;;,;;;;;;,false,135,537;535;736;650;666;633;563,DSG,176.31,false,true,false,false,1,1,Between,0,-0.983,0.077,,,,176.31,,,,,131.4,,,,0,0.045,0,,0.026,0,,6
95,216;42,Scan: 40554 Run: 20240131_E0_NEO6_Mueller_MS_TechHub_IMP_THIDVJSSG004_Celegans_Nulcei_S3_DSG_SEC9_allng_FAIMS_001.raw P1_SLLTFLTNDSKFELHR P2_FVVPENKK 11 7;Scan: 49198 Run: 20240131_E0_NEO6_Mueller_MS_TechHub_IMP_THIDVJSSG004_Celegans_Nulcei_S3_DSG_SEC85_allng_FAIMS_001.raw P1_SLLTFLTNDSKFELHRALFFYEAER P2_FVVPENKK 11 7;Scan: 49104 Run: 20240131_E0_NEO6_Mueller_MS_TechHub_IMP_THIDVJSSG004_Celegans_Nulcei_S3_DSG_SEC85_allng_FAIMS_001.raw P1_SLLTFLTNDSKFELHRALFFYEAER P2_FVVPENKK 11 7,P18947;Q9N4J2;P06125,;;,;;,false,P18947;Q9N4J2;P06125,;;,;;,false,815;815;815,930;930;930,DSG,176.093,false,true,false,false,3,2,Self,0,0.005,0.009,,,,150.89,,,,,78.83,,,,0,0,0,,0.005,0.005,,133
293,1052,Scan: 41815 Run: 20240131_E0_NEO6_Mueller_MS_TechHub_IMP_THIDVJSSG004_Celegans_Nulcei_S3_DSG_SEC8_allng_FAIMS_001.raw P1_MARKYVPHTTELCENSLKK P2_APTIEHGATLESVKPLENLARK 1 14,O45086,,,false,Q20481,,,false,332,1,DSG,174.43,false,true,false,false,1,1,Between,0,-0.986,0.077,,,174.43,,,,,,,,,,0.035,0.035,0,,0.044,0.022,,5
196,245,Scan: 40484 Run: 20240131_E0_NEO6_Mueller_MS_TechHub_IMP_THIDVJSSG004_Celegans_Nulcei_S3_DSG_SEC8_allng_FAIMS_001.raw P1_MHLIKTITEQIQEVENNIPETSHFLAR P2_EIHETLYVKADK 5 9,P05690;P55155,;,;,false,P55155,,,false,382;382,337,DSG,172.6,false,true,false,false,1,1,Self,0,0.006,0.009,,,172.6,,,,,,,,,,0,0,0,,0,0,,132
292,434,Scan: 55317 Run: 20240131_E0_NEO6_Mueller_MS_TechHub_IMP_THIDVJSSG004_Celegans_Nulcei_S3_DSG_SEC95_allng_FAIMS_001.raw P1_TGKVDYALESSGGAVVSTRCSETYKSYTR P2_KSEISLNYDDAVVR 25 1;Scan: 49358 Run: 20240131_E0_NEO6_Mueller_MS_TechHub_IMP_THIDVJSSG004_Celegans_Nulcei_S3_DSG_SEC9_allng_FAIMS_001.raw P1_TGKVDYALESSGGAVVSTRCSETYKSYTR P2_KSEISLNYDDAVVR 25 1,Q20745,,,false,P54813,,,false,958,80,DSG,172.443,false,true,false,false,2,1,Between,0,-0.989,0.083,,,,113.23,,,,,,130.06,,,0.026,0.026,0,,0.044,0.5,,4
195,244,Scan: 45116 Run: 20240131_E0_NEO6_Mueller_MS_TechHub_IMP_THIDVJSSG004_Celegans_Nulcei_S3_DSG_SEC85_allng_FAIMS_001.raw P1_LYENKPVYSLDTIVK P2_DINFLAHEPIINKFRDYK 5 13,Q95Y89,,,false,Q95Y89,,,false,111,81,DSG,172.23,false,true,false,false,1,1,Self,0,0.006,0.009,,,,,,,,,172.23,,,,0,0,0,,0,0,,131
291,1051,Scan: 26527 Run: 20240131_E0_NEO6_Mueller_MS_TechHub_IMP_THIDVJSSG004_Celegans_Nulcei_S3_DSG_SEC85_allng_FAIMS_001.raw P1_VRVENEQLKASLSK P2_KVKLEQEELDSK 9 1,G5EGS8,,,false,Q9N3E8,,,false,269,209,DSG,171.4,false,true,false,false,1,1,Between,0,-0.99,0.083,,,,,,,,,171.4,,,,0.007,0.007,0,,0.044,0.022,,3
194,242,Scan: 20526 Run: 20240131_E0_NEO6_Mueller_MS_TechHub_IMP_THIDVJSSG004_Celegans_Nulcei_S3_DSG_SEC8_allng_FAIMS_001.raw P1_LFRDCTKYMNGHHVK P2_DLSKLNRDLSK 7 4,Q22647;A0A486WU22,;,;,false,Q22647;A0A486WU22,;,;,false,325;324,337;336,DSG,170.35,false,true,false,false,1,1,Self,0,0.006,0.009,,,170.35,,,,,,,,,,0,0,0,,0,0,,130
290,1049,Scan: 21330 Run: 20240131_E0_NEO6_Mueller_MS_TechHub_IMP_THIDVJSSG004_Celegans_Nulcei_S3_DSG_SEC9_allng_FAIMS_001.raw P1_TENKMVIAQR P2_RLAKNAGFNK 4 4,Q21930,,,false,P91309,,,false,93,785,DSG,169.33,false,true,false,false,1,1,Between,0,-0.993,0.083,,,,169.33,,,,,,,,,0,0.007,0,,0.044,0.022,,2
289,1048,Scan: 47743 Run: 20240131_E0_NEO6_Mueller_MS_TechHub_IMP_THIDVJSSG004_Celegans_Nulcei_S3_DSG_SEC9_allng_FAIMS_001.raw P1_QKVIDAYR P2_QGNKLADVAHSPVLKEFSR 2 4,Q95Y11;U4PC39,;,;,false,O44649,,,false,322;39,94,DSG,168,false,true,false,false,1,1,Between,0,-0.995,0.091,,,,168,,,,,,,,,0.06,0.035,0,,0.044,0.022,,1
191,238,Scan: 50260 Run: 20240131_E0_NEO6_Mueller_MS_TechHub_IMP_THIDVJSSG004_Celegans_Nulcei_S3_DSG_SEC85_allng_FAIMS_001.raw P1_GVLKVFLENVIRDAVTYCEHAK P2_GLGKGGAK 4 4,P62784,,,false,P62784,,,false,60,13,DSG,166.54,false,true,false,false,1,1,Self,0,0.006,0.01,,,,,,,,,166.54,,,,0,0,0,,0,0,,48
287,592,Scan: 34570 Run: 20240131_E0_NEO6_Mueller_MS_TechHub_IMP_THIDVJSSG004_Celegans_Nulcei_S3_DSG_SEC85_allng_FAIMS_001.raw P1_RTLLYKLNPYASILRK P2_KTQYFK 6 1;Scan: 34535 Run: 20240131_E0_NEO6_Mueller_MS_TechHub_IMP_THIDVJSSG004_Celegans_Nulcei_S3_DSG_SEC85_allng_FAIMS_001.raw P1_RTLLYKLNPYASILRK P2_KTQYFK 6 1,O02056,,,false,O01802,,,false,327,43,DSG,166.376,false,true,false,false,2,1,Between,0,-0.997,0.091,,,,,,,,,117.98,,,,0,0,0,,0.044,0.703,,0
190,237,Scan: 33178 Run: 20240131_E0_NEO6_Mueller_MS_TechHub_IMP_THIDVJSSG004_Celegans_Nulcei_S3_DSG_SEC95_allng_FAIMS_001.raw P1_SQIQKIK P2_EDVEKLLI 5 5,Q21568,,,false,Q21568,,,false,125,118,DSG,166.23,false,true,false,false,1,1,Self,0,0.006,0.01,,,,,,,,,,166.23,,,0.007,0.007,0,,0,0,,128
189,236,Scan: 21984 Run: 20240131_E0_NEO6_Mueller_MS_TechHub_IMP_THIDVJSSG004_Celegans_Nulcei_S3_DSG_SEC85_allng_FAIMS_001.raw P1_KVYKVHLDK P2_IRVKLDGK 1 4,Q23312,,,false,Q23312,,,false,152,147,DSG,165.78,false,true,false,false,1,1,Self,0,0.006,0.01,,,,,,,,,165.78,,,,0,0,0,,0,0,,120
188,140,Scan: 17269 Run: 20240131_E0_NEO6_Mueller_MS_TechHub_IMP_THIDVJSSG004_Celegans_Nulcei_S3_DSG_SEC85_allng_FAIMS_001.raw P1_KAHRNGITKPK P2_HIFLSMKGVDAK 9 7;Scan: 14459 Run: 20240131_E0_NEO6_Mueller_MS_TechHub_IMP_THIDVJSSG004_Celegans_Nulcei_S3_DSG_SEC8_allng_FAIMS_001.raw P1_KAHRNGITKPK P2_HIFLSMKGVDAK 9 7,O45226,,,false,O45226,,,false,33,23,DSG,165.518,false,true,false,false,2,1,Self,0,0.006,0.01,,,126.46,,,,,,106.79,,,,0,0,0,,0,0.005,,126
186,232,Scan: 20735 Run: 20240131_E0_NEO6_Mueller_MS_TechHub_IMP_THIDVJSSG004_Celegans_Nulcei_S3_DSG_SEC8_allng_FAIMS_001.raw P1_RAPLAPTHVKR P2_LTKSGVNVLIQPSNRR 10 3,U4PFH6;O44503,;,;,false,U4PFH6;O44503,;,;,false,54;54,58;58,DSG,162.67,false,true,false,false,1,1,Self,0,0.006,0.01,,,162.67,,,,,,,,,,0.007,0.007,0,,0,0,,125
185,231,Scan: 27446 Run: 20240131_E0_NEO6_Mueller_MS_TechHub_IMP_THIDVJSSG004_Celegans_Nulcei_S3_DSG_SEC9_allng_FAIMS_001.raw P1_LGGNLDVKYK P2_AGDNKEVEFK 8 5,Q21752,,,false,Q21752,,,false,62,38,DSG,162.42,false,true,false,false,1,1,Self,0,0.006,0.01,,,,162.42,,,,,,,,,0,0,0,,0,0,,68
184,230,Scan: 54684 Run: 20240131_E0_NEO6_Mueller_MS_TechHub_IMP_THIDVJSSG004_Celegans_Nulcei_S3_DSG_SEC9_allng_FAIMS_001.raw P1_TIREEGQISPQTDAQLKDVVVNFLATFKP P2_GYLDKVDPSAITK 17 5,Q9XXK1,,,false,Q9XXK1,,,false,483,526,DSG,162.22,false,true,false,false,1,1,Self,0,0.006,0.01,,,,162.22,,,,,,,,,0,0,0,,0,0,,123
183,78,Scan: 20564 Run: 20240131_E0_NEO6_Mueller_MS_TechHub_IMP_THIDVJSSG004_Celegans_Nulcei_S3_DSG_SEC9_allng_FAIMS_001.raw P1_TQYFKR P2_AEKYVQEYRNAQK 5 3;Scan: 23273 Run: 20240131_E0_NEO6_Mueller_MS_TechHub_IMP_THIDVJSSG004_Celegans_Nulcei_S3_DSG_SEC85_allng_FAIMS_001.raw P1_TQYFKR P2_AEKYVQEYRNAQK 5 3,O01802,,,false,O01802,,,false,52,48,DSG,162.169,false,true,false,false,2,1,Self,0,0.006,0.01,,,,145.81,,,,,70.98,,,,0,0,0,,0,0.005,,86
182,228,Scan: 47874 Run: 20240131_E0_NEO6_Mueller_MS_TechHub_IMP_THIDVJSSG004_Celegans_Nulcei_S3_DSG_SEC9_allng_FAIMS_001.raw P1_IDVVPSAASLIVKELK P2_HNGDLTVDTIIKIAR 13 12,P61866,,,false,P61866,,,false,111,83,DSG,161.09,false,true,false,false,1,1,Self,0,0.006,0.01,,,,161.09,,,,,,,,,0,0,0,,0,0,,76
181,227,Scan: 33222 Run: 20240131_E0_NEO6_Mueller_MS_TechHub_IMP_THIDVJSSG004_Celegans_Nulcei_S3_DSG_SEC9_allng_FAIMS_001.raw P1_SDGKVVSEIEK P2_FGGRDILILAKR 4 11,Q23312,,,false,Q23312,,,false,14,96,DSG,161.05,false,true,false,false,1,1,Self,0,0.006,0.01,,,,161.05,,,,,,,,,0,0,0,,0,0,,120
61,198;80,Scan: 25466 Run: 20240131_E0_NEO6_Mueller_MS_TechHub_IMP_THIDVJSSG004_Celegans_Nulcei_S3_DSG_SEC85_allng_FAIMS_001.raw P1_YRDAKK P2_LDKHLYHELYLR 5 3;Scan: 20679 Run: 20240131_E0_NEO6_Mueller_MS_TechHub_IMP_THIDVJSSG004_Celegans_Nulcei_S3_DSG_SEC8_allng_FAIMS_001.raw P1_YRDAKK P2_LDKHLYHELYLRAK 5 3,O02639,,,false,O02639,,,false,117,113,DSG,159.768,false,true,false,false,2,2,Self,0,0.006,0.01,,,71.87,,,,,,142.69,,,,0,0,0,,0.005,0.005,,119
180,225,Scan: 31386 Run: 20240131_E0_NEO6_Mueller_MS_TechHub_IMP_THIDVJSSG004_Celegans_Nulcei_S3_DSG_SEC85_allng_FAIMS_001.raw P1_YVADDLNDRLPKNVHLFK P2_KISETGK 12 1,Q21603,,,false,Q21603,,,false,349,292,DSG,158.81,false,true,false,false,1,1,Self,0,0.006,0.01,,,,,,,,,158.81,,,,0.007,0.007,0,,0,0,,118
116,148;143,Scan: 52366 Run: 20240131_E0_NEO6_Mueller_MS_TechHub_IMP_THIDVJSSG004_Celegans_Nulcei_S3_DSG_SEC85_allng_FAIMS_001.raw P1_TIQETPFPSQSIAEALIKFAESRVAK P2_EKFLRVFMQQYK 18 2;Scan: 54414 Run: 20240131_E0_NEO6_Mueller_MS_TechHub_IMP_THIDVJSSG004_Celegans_Nulcei_S3_DSG_SEC85_allng_FAIMS_001.raw P1_TIQETPFPSQSIAEALIKFAESR P2_EKFLRVFMQQYK 18 2,P05690,,,false,P05690;P55155,;,;,false,442,490;492,DSG,156.31,false,true,false,false,2,2,Self,0,0.006,0.01,,,,69.01,,,,,111.82,,,,0,0,0,,0.005,0.005,,117
179,224,Scan: 30356 Run: 20240131_E0_NEO6_Mueller_MS_TechHub_IMP_THIDVJSSG004_Celegans_Nulcei_S3_DSG_SEC85_allng_FAIMS_001.raw P1_QAQRRKADELEDAK P2_ARFEGEGLLKADELEDAK 6 10,P02566,,,false,decoy:P02566,decoy:,decoy:,true,1391,565,DSG,156.07,true,false,true,false,1,1,Self,0.006,-0.882,0.01,,,,,,,,,156.07,,,,0,0.021,0.008,,0.005,0.005,,116
178,222,Scan: 40717 Run: 20240131_E0_NEO6_Mueller_MS_TechHub_IMP_THIDVJSSG004_Celegans_Nulcei_S3_DSG_SEC85_allng_FAIMS_001.raw P1_NEEELDTIKPEYAKLLEEESRLK P2_KDQLLGIK 9 1,B2FDA8,,,false,B2FDA8,,,false,349,761,DSG,155.74,false,true,false,false,1,1,Self,0.006,0.002,0.01,,,,,,,,,155.74,,,,0,0,0.008,,0.005,0.005,,115
177,220,Scan: 11018 Run: 20240131_E0_NEO6_Mueller_MS_TechHub_IMP_THIDVJSSG004_Celegans_Nulcei_S3_DSG_SEC9_allng_FAIMS_001.raw P1_STGGKAPR P2_KQLATK 5 1,Q10453;K7ZUH9;Q27532;Q9U281;P08898,;;;;,;;;;,false,Q10453;K7ZUH9;Q9U281;P08898;Q27489,;;;;,;;;;,false,15;15;15;15;15,19;19;19;19;10,DSG,153.3,false,true,false,false,1,1,Self,0.006,-0.029,0.01,,,,153.3,,,,,,112.08,,,0.026,0.045,0,,0.005,0.005,,91
176,219,Scan: 52674 Run: 20240131_E0_NEO6_Mueller_MS_TechHub_IMP_THIDVJSSG004_Celegans_Nulcei_S3_DSG_SEC9_allng_FAIMS_001.raw P1_VVEAKALIPK P2_AEQLVSNLEAFVKDVETQVSEK 5 13,Q9N4M4;A0A2C9C3A7;A0A2C9C2Z1,;;,;;,false,Q9N4M4;A0A2C9C3A7;A0A2C9C2Z1,;;,;;,false,3081;3074;2076,3046;3039;2041,DSG,152.53,false,true,false,false,1,1,Self,0.006,-0.039,0.01,,,,152.53,,,,,,,,,0,0,0,,0.005,0.005,,113
175,218,Scan: 46206 Run: 20240131_E0_NEO6_Mueller_MS_TechHub_IMP_THIDVJSSG004_Celegans_Nulcei_S3_DSG_SEC9_allng_FAIMS_001.raw P1_GLVALVTGGASGLGKGAAEVLAK P2_AGAQVAILDLPQSKGADVAK 15 14,Q19102,,,false,Q19102,,,false,45,23,DSG,152.46,false,true,false,false,1,1,Self,0.006,-0.04,0.01,,,,152.46,,,,,,,,,0.007,0.007,0.008,,0.005,0.005,,112
173,129,Scan: 46092 Run: 20240131_E0_NEO6_Mueller_MS_TechHub_IMP_THIDVJSSG004_Celegans_Nulcei_S3_DSG_SEC85_allng_FAIMS_001.raw P1_YYKNFLAR P2_NRIEDVVEDYEKQITDNVTIPAQFHR 3 12;Scan: 46065 Run: 20240131_E0_NEO6_Mueller_MS_TechHub_IMP_THIDVJSSG004_Celegans_Nulcei_S3_DSG_SEC85_allng_FAIMS_001.raw P1_YYKNFLAR P2_NRIEDVVEDYEKQITDNVTIPAQFHR 3 12,Q17832,,,false,Q17832,,,false,855,796,DSG,151.108,false,true,false,false,2,1,Self,0.006,-0.057,0.011,,,,,,,,,111.78,,,,0,0,0,,0.005,0.005,,92
171,213,Scan: 15678 Run: 20240131_E0_NEO6_Mueller_MS_TechHub_IMP_THIDVJSSG004_Celegans_Nulcei_S3_DSG_SEC85_allng_FAIMS_001.raw P1_VNVPKAR P2_HTNHKVTQYK 1 5,P48166,,,false,P48166,,,false,23,2,DSG,149.58,false,true,false,false,1,1,Self,0.006,-0.077,0.011,,,,,,,,,149.58,,,,0,0,0,,0.005,0.005,,97
167,208,Scan: 11221 Run: 20240131_E0_NEO6_Mueller_MS_TechHub_IMP_THIDVJSSG004_Celegans_Nulcei_S3_DSG_SEC9_allng_FAIMS_001.raw P1_KPVAKPTSAK P2_ATPKPAAK 5 4,Q9XVS4,,,false,Q9XVS4,,,false,418,274,DSG,146.38,false,true,false,false,1,1,Self,0.006,-0.117,0.011,,,,146.38,,,,,,,,,0,0,0.008,,0.005,0.005,,109
165,206,Scan: 44711 Run: 20240131_E0_NEO6_Mueller_MS_TechHub_IMP_THIDVJSSG004_Celegans_Nulcei_S3_DSG_SEC85_allng_FAIMS_001.raw P1_KVTEQGQELSNEERNLLSVAYK P2_EYRVKVEQELNDICQDVLK 1 5,P41932,,,false,P41932,,,false,87,30,DSG,146.37,false,true,false,false,1,1,Self,0.006,-0.117,0.011,,,,,,,,,146.37,,,,0,0,0.008,,0.005,0.005,,108
164,205,Scan: 39494 Run: 20240131_E0_NEO6_Mueller_MS_TechHub_IMP_THIDVJSSG004_Celegans_Nulcei_S3_DSG_SEC9_allng_FAIMS_001.raw P1_LNKATLPLLR P2_GDFYVPAEHKVAFVVR 3 10,O01802,,,false,O01802,,,false,123,84,DSG,146.34,false,true,false,false,1,1,Self,0.006,-0.118,0.011,,,,146.34,,,,,,,,,0,0,0,,0.005,0.005,,86
105,133;130,Scan: 13583 Run: 20240131_E0_NEO6_Mueller_MS_TechHub_IMP_THIDVJSSG004_Celegans_Nulcei_S3_DSG_SEC85_allng_FAIMS_001.raw P1_THDKVAQK P2_KRSAKSVEALK 4 5;Scan: 15178 Run: 20240131_E0_NEO6_Mueller_MS_TechHub_IMP_THIDVJSSG004_Celegans_Nulcei_S3_DSG_SEC85_allng_FAIMS_001.raw P1_THDKVAQK P2_RSAKSVEALK 4 4,Q21210,,,false,Q21210,,,false,690,737,DSG,145.725,false,true,false,false,2,2,Self,0.006,-0.125,0.011,,,,,,,,,103.82,,,,0,0,0.008,,0.005,0.005,,106
162,202,Scan: 7442 Run: 20240131_E0_NEO6_Mueller_MS_TechHub_IMP_THIDVJSSG004_Celegans_Nulcei_S3_DSG_SEC9_allng_FAIMS_001.raw P1_STGGKAPR P2_KSTGGKAPR 5 1,Q10453;K7ZUH9;Q27532;Q9U281;P08898,;;;;,;;;;,false,Q10453;K7ZUH9;Q27532;Q9U281;P08898,;;;;,;;;;,false,10;10;10;10;10,15;15;15;15;15,DSG,145.51,false,true,false,false,1,1,Self,0.006,-0.128,0.011,,,,145.51,,,,,,,,,0.026,0.026,0.008,,0.005,0.005,,105
161,79,Scan: 29844 Run: 20240131_E0_NEO6_Mueller_MS_TechHub_IMP_THIDVJSSG004_Celegans_Nulcei_S3_DSG_SEC9_allng_FAIMS_001.raw P1_KDDEPERDAATSLAIITK P2_IAATYKK 1 6;Scan: 29827 Run: 20240131_E0_NEO6_Mueller_MS_TechHub_IMP_THIDVJSSG004_Celegans_Nulcei_S3_DSG_SEC9_allng_FAIMS_001.raw P1_KDDEPERDAATSLAIITK P2_IAATYKK 1 6,D4YWC3;Q9XX57,;,;,false,D4YWC3;Q9XX57,;,;,false,24;35,22;33,DSG,144.694,false,true,false,false,2,1,Self,0.006,-0.138,0.011,,,,125.97,,,,,,,,,0,0,0.008,,0.005,0.005,,104
160,200,Scan: 18747 Run: 20240131_E0_NEO6_Mueller_MS_TechHub_IMP_THIDVJSSG004_Celegans_Nulcei_S3_DSG_SEC8_allng_FAIMS_001.raw P1_VTRLYKRCLR P2_VTRLYKR 6 6,Q18036,,,false,Q18036,,,false,23,23,DSG,144.45,false,true,false,false,1,1,Self,0.006,-0.141,0.011,,,144.45,,,,,,121.31,,,,0.014,0.014,0.008,,0.005,0.005,,103
159,199,Scan: 23692 Run: 20240131_E0_NEO6_Mueller_MS_TechHub_IMP_THIDVJSSG004_Celegans_Nulcei_S3_DSG_SEC85_allng_FAIMS_001.raw P1_DARDELEKEK P2_DARDELEKEK 8 8,Q65XX4,,,false,Q65XX4,,,false,160,160,DSG,143.6,false,true,false,false,1,1,Self,0.006,-0.152,0.011,,,,,,,,,143.6,,,,0,0,0,,0.005,0.005,,73
157,197,Scan: 37106 Run: 20240131_E0_NEO6_Mueller_MS_TechHub_IMP_THIDVJSSG004_Celegans_Nulcei_S3_DSG_SEC8_allng_FAIMS_001.raw P1_YMPQKSNIIATK P2_SPHADVYIFDYLKHSAVPRDNTFNPLIR 5 13,P90916,,,false,P90916,,,false,152,132,DSG,142.22,false,true,false,false,1,1,Self,0.006,-0.17,0.012,,,142.22,,,,,,122.84,,,,0,0,0.008,,0.005,0.005,,101
156,196,Scan: 16487 Run: 20240131_E0_NEO6_Mueller_MS_TechHub_IMP_THIDVJSSG004_Celegans_Nulcei_S3_DSG_SEC85_allng_FAIMS_001.raw P1_MQEESLRKQEESVK P2_KQEQLRK 8 1,Q20748,,,false,Q20748,,,false,162,155,DSG,141.57,false,true,false,false,1,1,Self,0.006,-0.178,0.012,,,,,,,,,141.57,,,,0,0,0,,0.005,0.005,,100
155,195,Scan: 33776 Run: 20240131_E0_NEO6_Mueller_MS_TechHub_IMP_THIDVJSSG004_Celegans_Nulcei_S3_DSG_SEC85_allng_FAIMS_001.raw P1_RLIAGEPQKALAPWYK P2_ELVKNIK 9 4,G5ECQ8;Q23670,;,;,false,G5ECQ8;Q23670,;,;,false,485;921,473;909,DSG,140.86,false,true,false,false,1,1,Self,0.006,-0.187,0.012,,,,114.32,,,,,140.86,,,,0,0,0.008,,0.005,0.005,,99
154,194,Scan: 20044 Run: 20240131_E0_NEO6_Mueller_MS_TechHub_IMP_THIDVJSSG004_Celegans_Nulcei_S3_DSG_SEC9_allng_FAIMS_001.raw P1_RELSKNDELK P2_ETAKMFGPQK 5 4,O16311,,,false,O16311,,,false,235,34,DSG,140.68,false,true,false,false,1,1,Self,0.006,-0.189,0.012,,,,140.68,,,,,,,,,0.007,0.007,0.008,,0.005,0.005,,98
153,193,Scan: 19372 Run: 20240131_E0_NEO6_Mueller_MS_TechHub_IMP_THIDVJSSG004_Celegans_Nulcei_S3_DSG_SEC9_allng_FAIMS_001.raw P1_VNVPKAR P2_HFELGGQKK 5 8,P48166,,,false,P48166,,,false,6,96,DSG,140.41,false,true,false,false,1,1,Self,0.006,-0.193,0.012,,,,140.41,,,,,,,,,0,0,0,,0.005,0.005,,97
152,192,Scan: 26942 Run: 20240131_E0_NEO6_Mueller_MS_TechHub_IMP_THIDVJSSG004_Celegans_Nulcei_S3_DSG_SEC8_allng_FAIMS_001.raw P1_TSKMDHFRIIQHPLTTESAMK P2_DAVHKLYNVQALK 3 5,P48162,,,false,P48162,,,false,106,61,DSG,140.06,false,true,false,false,1,1,Self,0.006,-0.197,0.012,,,140.06,,,,,,,,,,0,0,0.008,,0.005,0.005,,96
151,191,Scan: 41536 Run: 20240131_E0_NEO6_Mueller_MS_TechHub_IMP_THIDVJSSG004_Celegans_Nulcei_S3_DSG_SEC9_allng_FAIMS_001.raw P1_TMEGDCEVAYTIVQEGGKTIYTK P2_EGQFVQPQTVYTYTFKNEK 18 16,P18947,,,false,P18947,,,false,243,194,DSG,140,false,true,false,false,1,1,Self,0.006,-0.198,0.012,,,,140,,,,,,,,,0,0,0.008,,0.005,0.005,,95
88,144;111,Scan: 13423 Run: 20240131_E0_NEO6_Mueller_MS_TechHub_IMP_THIDVJSSG004_Celegans_Nulcei_S3_DSG_SEC9_allng_FAIMS_001.raw P1_KVYKLIK P2_KASAGDK 4 1;Scan: 13812 Run: 20240131_E0_NEO6_Mueller_MS_TechHub_IMP_THIDVJSSG004_Celegans_Nulcei_S3_DSG_SEC95_allng_FAIMS_001.raw P1_VYKLIK P2_KASAGDK 3 1,Q9XXD4,,,false,Q9XXD4,,,false,61,57,DSG,139.579,false,true,false,false,2,2,Self,0.006,-0.203,0.012,,,,110.21,,,,,,85.65,,,0.007,0.007,0.008,,0.005,0.005,,94
149,187,Scan: 40316 Run: 20240131_E0_NEO6_Mueller_MS_TechHub_IMP_THIDVJSSG004_Celegans_Nulcei_S3_DSG_SEC9_allng_FAIMS_001.raw P1_MKLDYVLGLK P2_ELLTLEDKDPK 2 8,Q20228,,,false,Q20228,,,false,92,65,DSG,137.55,false,true,false,false,1,1,Self,0.006,-0.229,0.012,,,,137.55,,,,,,,,,0,0,0,,0.005,0.005,,93
148,184,Scan: 28269 Run: 20240131_E0_NEO6_Mueller_MS_TechHub_IMP_THIDVJSSG004_Celegans_Nulcei_S3_DSG_SEC85_allng_FAIMS_001.raw P1_EGDAEKETIHLLGK P2_AKPEFHR 6 2,Q17832,,,false,Q17832,,,false,754,718,DSG,136.62,false,true,false,false,1,1,Self,0.006,-0.241,0.012,,,,,,,,,136.62,,,,0,0,0,,0.005,0.005,,92
147,183,Scan: 8229 Run: 20240131_E0_NEO6_Mueller_MS_TechHub_IMP_THIDVJSSG004_Celegans_Nulcei_S3_DSG_SEC9_allng_FAIMS_001.raw P1_KSTGGK P2_APRKQLATK 1 4,Q10453;K7ZUH9;Q9U281;P08898;Q27489,;;;;,;;;;,false,Q10453;K7ZUH9;Q27532;Q9U281;P08898,;;;;,;;;;,false,19;19;19;19;10,10;10;10;10;10,DSG,136.02,false,true,false,false,1,1,Self,0.006,-0.248,0.012,,,,136.02,,,,,,,,,0.045,0.026,0,,0.005,0.005,,91
146,182,Scan: 20878 Run: 20240131_E0_NEO6_Mueller_MS_TechHub_IMP_THIDVJSSG004_Celegans_Nulcei_S3_DSG_SEC9_allng_FAIMS_001.raw P1_VDWCFVKGK P2_KTSGKR 7 1,Q21832,,,false,Q21832,,,false,134,137,DSG,135.54,false,true,false,false,1,1,Self,0.006,-0.254,0.012,,,,135.54,,,,,,,,,0.007,0.007,0.008,,0.005,0.005,,90
89,134;112,Scan: 27907 Run: 20240131_E0_NEO6_Mueller_MS_TechHub_IMP_THIDVJSSG004_Celegans_Nulcei_S3_DSG_SEC8_allng_FAIMS_001.raw P1_TNRGNEALKNLRAYEGVPAK P2_GAFHYRAPGKIFWR 9 10;Scan: 26029 Run: 20240131_E0_NEO6_Mueller_MS_TechHub_IMP_THIDVJSSG004_Celegans_Nulcei_S3_DSG_SEC8_allng_FAIMS_001.raw P1_TNRGNEALKNLR P2_GAFHYRAPGKIFWR 9 10,Q27389,,,false,Q27389,,,false,101,79,DSG,135.05,false,true,false,false,2,2,Self,0.006,-0.261,0.012,,,104.16,,,,,,,,,,0,0,0,,0.005,0.005,,79
144,180,Scan: 36537 Run: 20240131_E0_NEO6_Mueller_MS_TechHub_IMP_THIDVJSSG004_Celegans_Nulcei_S3_DSG_SEC85_allng_FAIMS_001.raw P1_KEVIPDREEDEVVVIHK P2_AGEGAADTFGKLVPIK 1 11,H2KYR1,,,false,H2KYR1,,,false,284,290,DSG,131.79,false,true,false,false,1,1,Self,0.006,-0.302,0.012,,,,,,,,,131.79,,,,0,0,0.008,,0.005,0.005,,88
143,179,Scan: 46775 Run: 20240131_E0_NEO6_Mueller_MS_TechHub_IMP_THIDVJSSG004_Celegans_Nulcei_S3_DSG_SEC9_allng_FAIMS_001.raw P1_SIYFNTLALAGTRVTIQQFVDKVQSR P2_KNIAPLK 22 1,P18948,,,false,P18948,,,false,431,436,DSG,130.25,false,true,false,false,1,1,Self,0.006,-0.321,0.013,,,,130.25,,,,,,,,,0,0,0,,0.005,0.005,,87
142,176,Scan: 37458 Run: 20240131_E0_NEO6_Mueller_MS_TechHub_IMP_THIDVJSSG004_Celegans_Nulcei_S3_DSG_SEC85_allng_FAIMS_001.raw P1_LRQINNGVFVKLNK P2_GDFYVPAEHKVAFVVR 11 10,O01802,,,false,O01802,,,false,120,84,DSG,127.04,false,true,false,false,1,1,Self,0.006,-0.362,0.013,,,,,,,,,127.04,,,,0,0,0,,0.005,0.005,,86
141,174,Scan: 39031 Run: 20240131_E0_NEO6_Mueller_MS_TechHub_IMP_THIDVJSSG004_Celegans_Nulcei_S3_DSG_SEC85_allng_FAIMS_001.raw P1_QITEKLERVEEELRDTQK P2_DNALDRADAAEEKVR 5 13,A0A0K3AUC2;K8FDX2;Q22866;A0A0K3AWP0;A0A0K3ATS1;A0A0K3AQT4;A0A0K3ARC0,;;;;;;,;;;;;;,false,A0A0K3AUC2;K8FDX2;Q22866;A0A0K3AWP0;A0A0K3ATS1;A0A0K3AQT4;A0A0K3ARC0,;;;;;;,;;;;;;,false,28;28;28;28;28;28;28,35;35;35;35;35;35;35,DSG,126.18,false,true,false,false,1,1,Self,0.006,-0.373,0.013,,,,,,,,,126.18,,,,-1,-1,0.008,,0.005,0.005,,85
140,89,Scan: 17854 Run: 20240131_E0_NEO6_Mueller_MS_TechHub_IMP_THIDVJSSG004_Celegans_Nulcei_S3_DSG_SEC85_allng_FAIMS_001.raw P1_HHIKR P2_AVHALYNVKAVK 4 9;Scan: 17698 Run: 20240131_E0_NEO6_Mueller_MS_TechHub_IMP_THIDVJSSG004_Celegans_Nulcei_S3_DSG_SEC85_allng_FAIMS_001.raw P1_HHIKR P2_AVHALYNVKAVK 4 9,Q20647,,,false,Q20647,,,false,110,100,DSG,125.776,false,true,false,false,2,1,Self,0.006,-0.378,0.014,,,,72.66,,,,,101.05,,,,0,0,0,,0.005,0.005,,69
138,170,Scan: 17442 Run: 20240131_E0_NEO6_Mueller_MS_TechHub_IMP_THIDVJSSG004_Celegans_Nulcei_S3_DSG_SEC85_allng_FAIMS_001.raw P1_TRIRLPSGAKK P2_IRGGKPVK 10 5,Q9XVF7,,,false,Q9XVF7,,,false,155,250,DSG,124.89,false,true,false,false,1,1,Self,0.006,-0.389,0.014,,,,,,,,,124.89,,,,0.021,0.021,0.008,,0.005,0.005,,83
136,168,Scan: 31334 Run: 20240131_E0_NEO6_Mueller_MS_TechHub_IMP_THIDVJSSG004_Celegans_Nulcei_S3_DSG_SEC8_allng_FAIMS_001.raw P1_RVVFLKQLPQSGLLLVTGPHK P2_FALGHSKTVTLRK 6 7,P47991,,,false,P47991,,,false,93,63,DSG,123.93,false,true,false,false,1,1,Self,0.006,-0.401,0.014,,,123.93,,,,,,,,,,0,0,0,,0.005,0.005,,61
135,167,Scan: 21233 Run: 20240131_E0_NEO6_Mueller_MS_TechHub_IMP_THIDVJSSG004_Celegans_Nulcei_S3_DSG_SEC85_allng_FAIMS_001.raw P1_YSGLANKHAIDVSAAAK P2_NEKGRPAK 7 3,Q21930,,,false,Q21930,,,false,48,68,DSG,121.38,false,true,false,false,1,1,Self,0.006,-0.434,0.015,,,,,,,,,121.38,,,,0,0,0,,0.005,0.005,,81
134,166,Scan: 33621 Run: 20240131_E0_NEO6_Mueller_MS_TechHub_IMP_THIDVJSSG004_Celegans_Nulcei_S3_DSG_SEC8_allng_FAIMS_001.raw P1_SAPARDKLDSFAVIK P2_KIEDHNTLVFIVDEKANK 7 15,Q20647,,,false,Q20647,,,false,93,60,DSG,121.2,false,true,false,false,1,1,Self,0.006,-0.436,0.015,,,121.2,,,,,,68.29,,,,0,0,0,,0.005,0.005,,69
133,165,Scan: 14083 Run: 20240131_E0_NEO6_Mueller_MS_TechHub_IMP_THIDVJSSG004_Celegans_Nulcei_S3_DSG_SEC9_allng_FAIMS_001.raw P1_KNAAPK P2_KMDKLAVQAK 1 1,Q27389,,,false,Q27389,,,false,173,183,DSG,121.17,false,true,false,false,1,1,Self,0.006,-0.436,0.015,,,,121.17,,,,,,,,,0,0,0,,0.005,0.005,,79
132,164,Scan: 39327 Run: 20240131_E0_NEO6_Mueller_MS_TechHub_IMP_THIDVJSSG004_Celegans_Nulcei_S3_DSG_SEC85_allng_FAIMS_001.raw P1_RGDKIEIVGGTK P2_DGTTVKSVISGLESFRK 4 6,G5ECM6,,,false,G5ECM6,,,false,284,298,DSG,120.84,false,true,false,false,1,1,Self,0.006,-0.44,0.015,,,,,,,,,120.84,,,,0.007,0.007,0.008,,0.005,0.005,,78
131,163,Scan: 50257 Run: 20240131_E0_NEO6_Mueller_MS_TechHub_IMP_THIDVJSSG004_Celegans_Nulcei_S3_DSG_SEC85_allng_FAIMS_001.raw P1_VEVAKSK P2_FNVECKNPVEDGILRIEDLEAFLNEK 5 6,P52819,,,false,P52819,,,false,28,69,DSG,120.61,false,true,false,false,1,1,Self,0.006,-0.443,0.016,,,,91.44,,,,,120.61,,,,0,0,0.008,,0.005,0.005,,77
130,162,Scan: 58702 Run: 20240131_E0_NEO6_Mueller_MS_TechHub_IMP_THIDVJSSG004_Celegans_Nulcei_S3_DSG_SEC9_allng_FAIMS_001.raw P1_VTCKLTIQNR P2_VAKIDVVPSAASLIVK 4 3,P61866,,,false,P61866,,,false,61,70,DSG,120.47,false,true,false,false,1,1,Self,0.006,-0.445,0.016,,,,120.47,,,,,,,,,0,0,0,,0.005,0.005,,76
129,161,Scan: 10218 Run: 20240131_E0_NEO6_Mueller_MS_TechHub_IMP_THIDVJSSG004_Celegans_Nulcei_S3_DSG_SEC9_allng_FAIMS_001.raw P1_KREKDGGGR P2_KREKDGGGR 1 1,G5EDI0,,,false,G5EDI0,,,false,236,236,DSG,118.86,false,true,false,false,1,1,Self,0.006,-0.466,0.016,,,,118.86,,,,,,,,,0.026,0.026,0.008,,0.005,0.005,,75
128,159,Scan: 25652 Run: 20240131_E0_NEO6_Mueller_MS_TechHub_IMP_THIDVJSSG004_Celegans_Nulcei_S3_DSG_SEC9_allng_FAIMS_001.raw P1_KAVFEKWR P2_KAVFEKWR 1 1,Q9XX90,,,false,Q9XX90,,,false,273,273,DSG,118.33,false,true,false,false,1,1,Self,0.006,-0.472,0.016,,,,118.33,,,,,,,,,0.026,0.026,0.008,,0.005,0.005,,74
127,157,Scan: 27125 Run: 20240131_E0_NEO6_Mueller_MS_TechHub_IMP_THIDVJSSG004_Celegans_Nulcei_S3_DSG_SEC85_allng_FAIMS_001.raw P1_NANRANKALVDELR P2_DARDELEKEK 7 8,Q65XX4,,,false,Q65XX4,,,false,169,160,DSG,117.78,false,true,false,false,1,1,Self,0.006,-0.479,0.016,,,,,,,,,117.78,,,,0,0,0,,0.005,0.005,,73
126,156,Scan: 24378 Run: 20240131_E0_NEO6_Mueller_MS_TechHub_IMP_THIDVJSSG004_Celegans_Nulcei_S3_DSG_SEC8_allng_FAIMS_001.raw P1_NVINTFDAMFEKNRER P2_NVINTFDAMFEKNRER 12 12,Q9U1X0,,,false,Q9U1X0,,,false,89,89,DSG,117.52,false,true,false,false,1,1,Self,0.006,-0.483,0.016,,,117.52,,,,,,,,,,0.026,0.026,0.008,,0.005,0.005,,72
125,155,Scan: 14339 Run: 20240131_E0_NEO6_Mueller_MS_TechHub_IMP_THIDVJSSG004_Celegans_Nulcei_S3_DSG_SEC85_allng_FAIMS_001.raw P1_SDGSSGKVTK P2_RGSVCSDSKQDPAK 7 9,P53013,,,false,P53013,,,false,330,450,DSG,116.41,false,true,false,false,1,1,Self,0.006,-0.497,0.017,,,,75.24,,,,,116.41,,,,0,0,0,,0.005,0.005,,71
124,154,Scan: 32634 Run: 20240131_E0_NEO6_Mueller_MS_TechHub_IMP_THIDVJSSG004_Celegans_Nulcei_S3_DSG_SEC9_allng_FAIMS_001.raw P1_SLITQTKR P2_SKPIHLTAFLGYK 7 2,P50880;G5ECE5,;,;,false,P50880;G5EEC0;G5ECE5,;;,;;,false,39;39,353;255;305,DSG,116.04,false,true,false,false,1,1,Self,0.006,-0.501,0.017,,,,116.04,,,,,,,,,0,0,0.008,,0.005,0.005,,70
122,150,Scan: 13056 Run: 20240131_E0_NEO6_Mueller_MS_TechHub_IMP_THIDVJSSG004_Celegans_Nulcei_S3_DSG_SEC8_allng_FAIMS_001.raw P1_RAVHALYNVKAVK P2_ANKHHIK 10 3,Q20647,,,false,Q20647,,,false,110,96,DSG,112.72,false,true,false,false,1,1,Self,0.006,-0.543,0.017,,,112.72,,,,,,,,,,0,0,0,,0.005,0.005,,69
121,149,Scan: 42542 Run: 20240131_E0_NEO6_Mueller_MS_TechHub_IMP_THIDVJSSG004_Celegans_Nulcei_S3_DSG_SEC95_allng_FAIMS_001.raw P1_DLFNKGYNFGFLK P2_APPTFADLGKSAK 5 10,Q21752,,,false,Q21752,,,false,19,11,DSG,111.89,false,true,false,false,1,1,Self,0.006,-0.554,0.017,,,,,,,,,,111.89,,,0,0,0,,0.005,0.005,,68
119,146,Scan: 33647 Run: 20240131_E0_NEO6_Mueller_MS_TechHub_IMP_THIDVJSSG004_Celegans_Nulcei_S3_DSG_SEC9_allng_FAIMS_001.raw P1_KTLIER P2_GVVAKFNASQLITQR 1 5,P50093,,,false,P50093,,,false,146,165,DSG,111.41,false,true,false,false,1,1,Self,0.006,-0.56,0.018,,,,111.41,,,,,,,,,0,0,0.008,,0.005,0.005,,67
56,114;73,Scan: 36395 Run: 20240131_E0_NEO6_Mueller_MS_TechHub_IMP_THIDVJSSG004_Celegans_Nulcei_S3_DSG_SEC9_allng_FAIMS_001.raw P1_SFQLYKK P2_QIESAIEKWDDYK 6 8;Scan: 40525 Run: 20240131_E0_NEO6_Mueller_MS_TechHub_IMP_THIDVJSSG004_Celegans_Nulcei_S3_DSG_SEC85_allng_FAIMS_001.raw P1_SFQLYKK P2_QIESAIEKWDDYKEDFDK 6 8,O45734,,,false,O45734,,,false,31,267,DSG,110.957,false,true,false,false,2,2,Self,0.006,-0.566,0.018,,,,87.06,,,,,68.79,,,,0,0,0,,0.01,0.008,,66
115,142,Scan: 10962 Run: 20240131_E0_NEO6_Mueller_MS_TechHub_IMP_THIDVJSSG004_Celegans_Nulcei_S3_DSG_SEC9_allng_FAIMS_001.raw P1_SLKELQR P2_SLKELQR 3 3,O62191,,,false,O62191,,,false,337,337,DSG,108.81,false,true,false,false,1,1,Self,0.006,-0.593,0.018,,,,108.81,,,,,,,,,0.03,0.03,0.008,,0.005,0.005,,65
114,141,Scan: 29590 Run: 20240131_E0_NEO6_Mueller_MS_TechHub_IMP_THIDVJSSG004_Celegans_Nulcei_S3_DSG_SEC9_allng_FAIMS_001.raw P1_LILPGELAKHAVSEGTK P2_AVTKYTSSK 9 4,Q27484;Q27876;P04255;Q27894,;;;,;;;,false,Q27484;Q27876;P04255;Q27894,;;;,;;;,false,106;106;105;106,118;118;117;118,DSG,107.54,false,true,false,false,1,1,Self,0.006,-0.609,0.018,,,,107.54,,,,,,,,,0,0,0,,0.005,0.005,,64
113,138,Scan: 31828 Run: 20240131_E0_NEO6_Mueller_MS_TechHub_IMP_THIDVJSSG004_Celegans_Nulcei_S3_DSG_SEC85_allng_FAIMS_001.raw P1_VIEEVERQSGKEFQK P2_LIDKELSGDFK 11 4,Q27473,,,false,Q27473,,,false,222,214,DSG,106.35,false,true,false,false,1,1,Self,0.006,-0.624,0.019,,,,,,,,,106.35,,,,0,0,0.008,,0.005,0.005,,63
112,137,Scan: 13302 Run: 20240131_E0_NEO6_Mueller_MS_TechHub_IMP_THIDVJSSG004_Celegans_Nulcei_S3_DSG_SEC85_allng_FAIMS_001.raw P1_HSLVNRQLSKK P2_ERKSMSAQQK 10 3,G8JYE5;Q23525,;,;,false,G8JYE5;Q23525,;,;,false,37;55,41;59,DSG,105.82,false,true,false,false,1,1,Self,0.006,-0.631,0.019,,,,,,,,,105.82,,,,0.035,0.035,0.008,,0.005,0.005,,62
111,136,Scan: 20803 Run: 20240131_E0_NEO6_Mueller_MS_TechHub_IMP_THIDVJSSG004_Celegans_Nulcei_S3_DSG_SEC9_allng_FAIMS_001.raw P1_STAQKTGK P2_NIFASGKTEYTVSEQRK 5 7,P47991,,,false,P47991,,,false,163,153,DSG,104.58,false,true,false,false,1,1,Self,0.006,-0.646,0.019,,,,104.58,,,,,,,,,0,0,0,,0.005,0.005,,61
109,135,Scan: 23060 Run: 20240131_E0_NEO6_Mueller_MS_TechHub_IMP_THIDVJSSG004_Celegans_Nulcei_S3_DSG_SEC8_allng_FAIMS_001.raw P1_TFEPKTDYHYK P2_LVLEENHSIKSHIK 5 10,P05690,,,false,P05690,,,false,27,286,DSG,104.16,false,true,false,false,1,1,Self,0.006,-0.652,0.019,,,104.16,,,,,,79.17,,,,0,0,0.008,,0.005,0.005,,54
25,75;66;37,Scan: 27807 Run: 20240131_E0_NEO6_Mueller_MS_TechHub_IMP_THIDVJSSG004_Celegans_Nulcei_S3_DSG_SEC9_allng_FAIMS_001.raw P1_LAHYNKR P2_KESYSVYIYRVLK 6 1;Scan: 25354 Run: 20240131_E0_NEO6_Mueller_MS_TechHub_IMP_THIDVJSSG004_Celegans_Nulcei_S3_DSG_SEC8_allng_FAIMS_001.raw P1_LAHYNKRSTISSR P2_KESYSVYIYRVLK 6 1;Scan: 23158 Run: 20240131_E0_NEO6_Mueller_MS_TechHub_IMP_THIDVJSSG004_Celegans_Nulcei_S3_DSG_SEC8_allng_FAIMS_001.raw P1_LAHYNKR P2_HARKESYSVYIYRVLK 6 4,Q27484;Q27876;P04255;Q27894,;;;,;;;,false,Q27484;Q22979;Q27876;P04255;Q27894,;;;;,;;;;,false,32;32;31;32,83;27;83;82;83,DSG,104.158,false,true,false,false,3,3,Self,0.006,-0.652,0.019,,,64.84,69.88,,,,,46.86,,,,0,0,0.008,,0.018,0.015,,59
107,132,Scan: 47925 Run: 20240131_E0_NEO6_Mueller_MS_TechHub_IMP_THIDVJSSG004_Celegans_Nulcei_S3_DSG_SEC9_allng_FAIMS_001.raw P1_DSKGQFLK P2_AFSKFDDLYTISTYVTDYQK 3 4,P98060,,,false,P98060,,,false,288,255,DSG,103.56,false,true,false,false,1,1,Self,0.006,-0.659,0.019,,,,103.56,,,,,,,,,0,0,0.008,,0.005,0.005,,58
106,131,Scan: 37372 Run: 20240131_E0_NEO6_Mueller_MS_TechHub_IMP_THIDVJSSG004_Celegans_Nulcei_S3_DSG_SEC85_allng_FAIMS_001.raw P1_YSVDVAFDKTNINK P2_AVVVKQQDEGVSDRTYPHAIIAGIDRYPLK 9 5,P91914,,,false,P91914,,,false,27,93,DSG,103.48,false,true,false,false,1,1,Self,0.006,-0.66,0.019,,,,,,,,,103.48,,,,0.03,0.03,0.008,,0.005,0.005,,57
104,127,Scan: 17712 Run: 20240131_E0_NEO6_Mueller_MS_TechHub_IMP_THIDVJSSG004_Celegans_Nulcei_S3_DSG_SEC8_allng_FAIMS_001.raw P1_TKTLVK P2_RKFELGRPAANTKIGAHR 2 13,P48156,,,false,P48156;V6CM07,;,;,false,37,94;13,DSG,98.94,false,true,false,false,1,1,Self,0.006,-0.718,0.023,,,98.94,,,,,,,,,,0,0.03,0.008,,0.005,0.005,,56
103,126,Scan: 9074 Run: 20240131_E0_NEO6_Mueller_MS_TechHub_IMP_THIDVJSSG004_Celegans_Nulcei_S3_DSG_SEC8_allng_FAIMS_001.raw P1_HRSSVVTGKSSSK P2_HRSSVVTGKSSSK 9 9,P10567,,,false,P10567,,,false,860,860,DSG,97.74,false,true,false,false,1,1,Self,0.006,-0.733,0.024,,,97.74,,,,,,,,,,0.03,0.03,0.008,,0.005,0.005,,55
102,125,Scan: 30374 Run: 20240131_E0_NEO6_Mueller_MS_TechHub_IMP_THIDVJSSG004_Celegans_Nulcei_S3_DSG_SEC85_allng_FAIMS_001.raw P1_NIQKEQGYK P2_EFELEQENTESRREYFNKMVK 4 18,P05690,,,false,P05690,,,false,1072,1065,DSG,97.19,false,true,false,false,1,1,Self,0.006,-0.74,0.025,,,,,,,,,97.19,,,,0,0,0.008,,0.005,0.005,,54
101,124,Scan: 21669 Run: 20240131_E0_NEO6_Mueller_MS_TechHub_IMP_THIDVJSSG004_Celegans_Nulcei_S3_DSG_SEC95_allng_FAIMS_001.raw P1_PKEIK P2_DFLVKAR 2 5,O17570,,,false,O17570,,,false,14,3,DSG,97.16,false,true,false,false,1,1,Self,0.006,-0.74,0.025,,,,,,,,,,97.16,,,0,0,0.008,,0.005,0.005,,53
100,123,Scan: 38160 Run: 20240131_E0_NEO6_Mueller_MS_TechHub_IMP_THIDVJSSG004_Celegans_Nulcei_S3_DSG_SEC85_allng_FAIMS_001.raw P1_KVTELGAELSNEERNLLSVAYK P2_EYREKVEK 1 5,Q20655;W6EKY2,;,;,false,Q20655;W6EKY2,;,;,false,30;30,87;87,DSG,96.96,false,true,false,false,1,1,Self,0.006,-0.743,0.025,,,,,,,,,96.96,,,,0.03,0.03,0.008,,0.005,0.005,,52
99,122,Scan: 36870 Run: 20240131_E0_NEO6_Mueller_MS_TechHub_IMP_THIDVJSSG004_Celegans_Nulcei_S3_DSG_SEC85_allng_FAIMS_001.raw P1_VFFKAGVLAHLEDIRDEK P2_KGFPNR 4 1,P02566,,,false,Q21000;O62244;P12844;P02567;P02566;P12845,;;;;;,;;;;;,false,775,715;709;719;712;714;720,DSG,96.49,false,true,false,false,1,1,Self,0.006,-0.749,0.025,,,,,,,,,96.49,,,,-1,-1,0.008,,0.005,0.005,,51
98,121,Scan: 11560 Run: 20240131_E0_NEO6_Mueller_MS_TechHub_IMP_THIDVJSSG004_Celegans_Nulcei_S3_DSG_SEC8_allng_FAIMS_001.raw P1_RIAKHR P2_LRDTYKNHPEVR 4 6,Q23494,,,false,Q23494,,,false,379,389,DSG,94.36,false,true,false,false,1,1,Self,0.006,-0.776,0.025,,,94.36,,,,,,,,,,0.007,0.007,0.008,,0.005,0.005,,50
97,120,Scan: 21843 Run: 20240131_E0_NEO6_Mueller_MS_TechHub_IMP_THIDVJSSG004_Celegans_Nulcei_S3_DSG_SEC9_allng_FAIMS_001.raw P1_TSTVQSVQTFGRKK P2_KGQGLIK 1 1,Q22054,,,false,Q22054,,,false,2,25,DSG,94.22,false,true,false,false,1,1,Self,0.006,-0.778,0.025,,,,94.22,,,,,,,,,0,0,0.008,,0.005,0.005,,49
96,119,Scan: 50961 Run: 20240131_E0_NEO6_Mueller_MS_TechHub_IMP_THIDVJSSG004_Celegans_Nulcei_S3_DSG_SEC85_allng_FAIMS_001.raw P1_RISGLIYEETRGVLKVFLENVIR P2_GGKGLGK 15 3,P62784,,,false,P62784,,,false,60,9,DSG,91.81,false,true,false,false,1,1,Self,0.006,-0.808,0.051,,,,,,,,,91.81,,,,0,0,0,,0.005,0.005,,48
94,118,Scan: 23394 Run: 20240131_E0_NEO6_Mueller_MS_TechHub_IMP_THIDVJSSG004_Celegans_Nulcei_S3_DSG_SEC9_allng_FAIMS_001.raw P1_NCGKDGFHLR P2_ICANKYMVK 4 5,Q09533,,,false,Q09533,,,false,82,74,DSG,90.1,false,true,false,false,1,1,Self,0.006,-0.83,0.048,,,,90.1,,,,,,,,,0,0,0,,0.005,0.005,,47
93,117,Scan: 28623 Run: 20240131_E0_NEO6_Mueller_MS_TechHub_IMP_THIDVJSSG004_Celegans_Nulcei_S3_DSG_SEC85_allng_FAIMS_001.raw P1_YLAEVASEDRAAVVEKSQK P2_MKGDYYR 16 1,P41932;N1NV25,;,;,false,N1NV25,,,false,145;23,1,DSG,89.78,false,true,false,false,1,1,Self,0.006,-0.834,0.049,,,,,,,,,89.78,,,,0.007,0.007,0.008,,0.005,0.005,,46
92,116,Scan: 33277 Run: 20240131_E0_NEO6_Mueller_MS_TechHub_IMP_THIDVJSSG004_Celegans_Nulcei_S3_DSG_SEC85_allng_FAIMS_001.raw P1_VSRESLNEAIAEVLKGSSEKPRK P2_STMGKPQRVY 15 5,Q9N4I4,,,false,Q9N4I4;Q95Y46,;,;,false,18,211;150,DSG,89.68,false,true,false,false,1,1,Self,0.006,-0.835,0.049,,,47.08,,,,,,89.68,,,,0,0,0,,0.005,0.005,,45
90,113,Scan: 10855 Run: 20240131_E0_NEO6_Mueller_MS_TechHub_IMP_THIDVJSSG004_Celegans_Nulcei_S3_DSG_SEC8_allng_FAIMS_001.raw P1_IHPGHGKRLVRTDGK P2_GAKLRRNPR 7 3,O01868,,,false,O01868,,,false,19,41,DSG,86.32,false,true,false,false,1,1,Self,0.006,-0.878,0.05,,,86.32,,,,,,,,,,0,0,0.008,,0.01,0.008,,44
87,110,Scan: 23579 Run: 20240131_E0_NEO6_Mueller_MS_TechHub_IMP_THIDVJSSG004_Celegans_Nulcei_S3_DSG_SEC85_allng_FAIMS_001.raw P1_VVRREEEIVVKK P2_FLVKVDGKK 11 4,P18947;P06125,;,;,false,P18947;Q9N4J2;P06125,;;,;;,false,1381;1381,1372;1372;1372,DSG,85.56,false,true,false,false,1,1,Self,0.006,-0.887,0.051,,,,,,,,,85.56,,,,0,0,0.008,,0.01,0.008,,43
86,109,Scan: 36587 Run: 20240131_E0_NEO6_Mueller_MS_TechHub_IMP_THIDVJSSG004_Celegans_Nulcei_S3_DSG_SEC12_allng_FAIMS_001.raw P1_GSAVEREISGQYAADKK P2_GSAVEREISGQYAADKK 16 16,Q95XS1,,,false,Q95XS1,,,false,103,103,DSG,85.34,false,true,false,false,1,1,Self,0.006,-0.89,0.051,,,,,,,85.34,,,,,,0.041,0.041,0.008,,0.01,0.008,,42
85,107,Scan: 19563 Run: 20240131_E0_NEO6_Mueller_MS_TechHub_IMP_THIDVJSSG004_Celegans_Nulcei_S3_DSG_SEC8_allng_FAIMS_001.raw P1_VREDRSTWKANYFTK P2_KALRGHLGK 9 1,Q93572,,,false,Q93572,,,false,10,63,DSG,82.1,false,true,false,false,1,1,Self,0.006,-0.931,0.073,,,82.1,,,,,,,,,,0,0,0.008,,0.01,0.008,,41
83,105,Scan: 17827 Run: 20240131_E0_NEO6_Mueller_MS_TechHub_IMP_THIDVJSSG004_Celegans_Nulcei_S3_DSG_SEC85_allng_FAIMS_001.raw P1_SLRGEKK P2_QELRKFYADHK 6 5,P34662,,,false,P34662,,,false,71,13,DSG,81.38,false,true,false,false,1,1,Self,0.006,-0.94,0.073,,,,,,,,,81.38,,,,0.007,0.007,0.008,,0.01,0.008,,40
82,104,Scan: 32228 Run: 20240131_E0_NEO6_Mueller_MS_TechHub_IMP_THIDVJSSG004_Celegans_Nulcei_S3_DSG_SEC85_allng_FAIMS_001.raw P1_TAFEDAYKNK P2_NKLNAARERQEEAVSEAIHLR 8 2,Q21443,,,false,Q21443,,,false,284,282,DSG,80.61,false,true,false,false,1,1,Self,0.006,-0.95,0.073,,,,,,,,,80.61,,,,0,0,0.008,,0.01,0.008,,37
81,103,Scan: 23053 Run: 20240131_E0_NEO6_Mueller_MS_TechHub_IMP_THIDVJSSG004_Celegans_Nulcei_S3_DSG_SEC8_allng_FAIMS_001.raw P1_EERKSNPIK P2_AHDDRFQIIVDHKEFK 4 13,P36573;O45904,;,;,false,P36573;O45904,;,;,false,113;119,85;91,DSG,80.44,false,true,false,false,1,1,Self,0.006,-0.952,0.073,,,80.44,,,,,,,,,,0.007,0.007,0.008,,0.01,0.008,,38
80,102,Scan: 26305 Run: 20240131_E0_NEO6_Mueller_MS_TechHub_IMP_THIDVJSSG004_Celegans_Nulcei_S3_DSG_SEC85_allng_FAIMS_001.raw P1_YRIEYDAAKVEVK P2_KLKPQVEK 9 1,Q21443,,,false,Q21443,,,false,124,129,DSG,79.3,false,true,false,false,1,1,Self,0.006,-0.967,0.073,,,,,,,,,79.3,,,,0,0,0.008,,0.01,0.008,,37
79,100,Scan: 39244 Run: 20240131_E0_NEO6_Mueller_MS_TechHub_IMP_THIDVJSSG004_Celegans_Nulcei_S3_DSG_SEC85_allng_FAIMS_001.raw P1_GSFGKDGIHEFLRDLSYGK P2_EQSEKFK 5 5,Q11067,,,false,Q11067,,,false,381,329,DSG,78.28,false,true,false,false,1,1,Self,0.006,-0.979,0.077,,,,,,,,,78.28,,,,0.007,0.007,0.008,,0.01,0.008,,36
78,99,Scan: 41929 Run: 20240131_E0_NEO6_Mueller_MS_TechHub_IMP_THIDVJSSG004_Celegans_Nulcei_S3_DSG_SEC85_allng_FAIMS_001.raw P1_SLQDEERANTVEAQLKEAQLLAEEADR P2_KYDEVARK 16 1,K8ERM4;K8FDX2;A0A0K3AQS9;Q22866;A0A0K3AWP0;K8ESC3;A0A0K3AUC0,;;;;;;,;;;;;;,false,K8ERM4;K8FDX2;A0A0K3AQS9;Q22866;A0A0K3AWP0;K8ESC3;A0A0K3AUC0,;;;;;;,;;;;;;,false,20;149;58;149;149;58;20,32;161;70;161;161;70;32,DSG,77.46,false,true,false,false,1,1,Self,0.006,-0.99,0.079,,,,,,,,,77.46,,,,0.026,0.026,0.008,,0.01,0.008,,35
77,98,Scan: 14582 Run: 20240131_E0_NEO6_Mueller_MS_TechHub_IMP_THIDVJSSG004_Celegans_Nulcei_S3_DSG_SEC95_allng_FAIMS_001.raw P1_LCSIVKK P2_KSVNQVK 6 1,P48154,,,false,P48154,,,false,113,143,DSG,76.87,false,true,false,false,1,1,Self,0.006,-0.997,0.073,,,,,,,,,,76.87,,,0,0,0,,0.01,0.008,,34
