PeptidePairID,PSMIDs,Protein,Name,Description,Decoy,Peptide,psmID,Score,isDecoy,fdrGroup,fdr,ifdr,PEP,,ProteinFDR,
146,Scan: 20426 Run:  P1_R.YDEHHQDLTLLKbs3ohALVR.Q P2_ null null;Scan: 20314 Run:  P1_R.YDEHHQDLTLLKbs3ohALVR.Q P2_ null null,Cas9,,,false,YDEHHQDLTLLKbs3ohALVR,TT - T - YDEHHQDLTLLKbs3ohALVR xl T - ;TT - T - YDEHHQDLTLLKbs3ohALVR xl T - ,22.301,false,linear ,0,0,0.006,,0,19.001
168,Scan: 24582 Run:  P1_R.NFMQLIHDDSLTFKbs3ohEDIQK.A P2_ null null,Cas9,,,false,NFMQLIHDDSLTFKbs3ohEDIQK,TT - T - NFMQLIHDDSLTFKbs3ohEDIQK xl T - ,16.832,false,linear ,0,0.002,0.006,,0,16.832
167,Scan: 19245 Run:  P1_R.YDEHHQDLTLLKbs3nhALVR.Q P2_ null null,Cas9,,,false,YDEHHQDLTLLKbs3nhALVR,TT - T - YDEHHQDLTLLKbs3nhALVR xl T - ,16.724,false,linear ,0,0.002,0.006,,0,16.724
166,Scan: 25035 Run:  P1_K.Kbs3ohNLIGALLFDSGETAEATR.L P2_ null null,Cas9,,,false,Kbs3ohNLIGALLFDSGETAEATR,TT - T - Kbs3ohNLIGALLFDSGETAEATR xl T - ,16.521,false,linear ,0,0.002,0.006,,0,16.521
165,Scan: 22961 Run:  P1_R.Kbs3loopSEETITPWNFEEVVDK.G P2_ null null,Cas9,,,false,Kbs3loopSEETITPWNFEEVVDK,TT - T - Kbs3loopSEETITPWNFEEVVDK xl T - ,15.536,false,linear ,0,0.002,0.006,,0,15.536
164,Scan: 17979 Run:  P1_R.KSEETITPWNFEEVVDK.G P2_ null null,Cas9,,,false,KSEETITPWNFEEVVDK,TT - T - KSEETITPWNFEEVVDK xl T - ,15.36,false,linear ,0,0.002,0.006,,0,15.36
118,Scan: 19276 Run:  P1_R.YDEHHQDLTLLKbs3nh2ALVR.Q P2_ null null;Scan: 19133 Run:  P1_R.YDEHHQDLTLLKbs3nh2ALVR.Q P2_ null null,Cas9,,,false,YDEHHQDLTLLKbs3nh2ALVR,TT - T - YDEHHQDLTLLKbs3nh2ALVR xl T - ;TT - T - YDEHHQDLTLLKbs3nh2ALVR xl T - ,15.06,false,linear ,0,0.003,0.006,,0,11.498
163,Scan: 18727 Run:  P1_R.MLASAGELQKbs3ohGNELALPSK.Y P2_ null null,Cas9,,,false,MLASAGELQKbs3ohGNELALPSK,TT - T - MLASAGELQKbs3ohGNELALPSK xl T - ,15.005,false,linear ,0,0.003,0.006,,0,15.005
162,Scan: 18066 Run:  P1_R.MoxLASAGELQKbs3ohGNELALPSK.Y P2_ null null,Cas9,,,false,MoxLASAGELQKbs3ohGNELALPSK,TT - T - MoxLASAGELQKbs3ohGNELALPSK xl T - ,14.76,false,linear ,0,0.003,0.006,,0,14.76
161,Scan: 19037 Run:  P1_K.Kbs3ohIECcmFDSVEISGVEDR.F P2_ null null,Cas9,,,false,Kbs3ohIECcmFDSVEISGVEDR,TT - T - Kbs3ohIECcmFDSVEISGVEDR xl T - ,14.287,false,linear ,0,0.003,0.007,,0,14.287
160,Scan: 24198 Run:  P1_K.Kbs3nhNLIGALLFDSGETAEATR.L P2_ null null,Cas9,,,false,Kbs3nhNLIGALLFDSGETAEATR,TT - T - Kbs3nhNLIGALLFDSGETAEATR xl T - ,14.142,false,linear ,0,0.003,0.007,,0,14.142
159,Scan: 17442 Run:  P1_R.MLASAGELQKbs3nh2GNELALPSK.Y P2_ null null,Cas9,,,false,MLASAGELQKbs3nh2GNELALPSK,TT - T - MLASAGELQKbs3nh2GNELALPSK xl T - ,13.721,false,linear ,0,0.003,0.007,,0,13.721
158,Scan: 24100 Run:  P1_K.Kbs3nh2NLIGALLFDSGETAEATR.L P2_ null null,Cas9,,,false,Kbs3nh2NLIGALLFDSGETAEATR,TT - T - Kbs3nh2NLIGALLFDSGETAEATR xl T - ,12.972,false,linear ,0,0.003,0.007,,0,12.972
156,Scan: 20323 Run:  P1_K.LESEFVYGDYKbs3nh2VYDVR.K P2_ null null,Cas9,,,false,LESEFVYGDYKbs3nh2VYDVR,TT - T - LESEFVYGDYKbs3nh2VYDVR xl T - ,12.435,false,linear ,0,0.003,0.007,,0,12.435
157,Scan: 20323 Run:  P1_K.LESEFVYGDYKbs3nhVYDVR.K P2_ null null,Cas9,,,false,LESEFVYGDYKbs3nhVYDVR,TT - T - LESEFVYGDYKbs3nhVYDVR xl T - ,12.435,false,linear ,0,0.003,0.007,,0,12.435
155,Scan: 22752 Run:  P1_R.KSbs3ohEETITPWNFEEVVDK.G P2_ null null,Cas9,,,false,KSbs3ohEETITPWNFEEVVDK,TT - T - KSbs3ohEETITPWNFEEVVDK xl T - ,12.283,false,linear ,0,0.003,0.007,,0,12.283
154,Scan: 14134 Run:  P1_R.QITKbs3loopHVAQILDSR.M P2_ null null,Cas9,,,false,QITKbs3loopHVAQILDSR,TT - T - QITKbs3loopHVAQILDSR xl T - ,12.247,false,linear ,0,0.004,0.007,,0,12.247
153,Scan: 14813 Run:  P1_R.HKbs3ohPENIVIEMAR.E P2_ null null,Cas9,,,false,HKbs3ohPENIVIEMAR,TT - T - HKbs3ohPENIVIEMAR xl T - ,12.209,false,linear ,0,0.004,0.007,,0,12.209
152,Scan: 21634 Run:  P1_K.LESEFVYGDYKbs3ohVYDVR.K P2_ null null,Cas9,,,false,LESEFVYGDYKbs3ohVYDVR,TT - T - LESEFVYGDYKbs3ohVYDVR xl T - ,12.197,false,linear ,0,0.004,0.007,,0,12.197
151,Scan: 15863 Run:  P1_K.LESEFVYGDYKVYDVR.K P2_ null null,Cas9,,,false,LESEFVYGDYKVYDVR,TT - T - LESEFVYGDYKVYDVR xl T - ,12.15,false,linear ,0,0.004,0.007,,0,12.15
150,Scan: 16318 Run:  P1_R.SSFEKNPIDFLEAK.G P2_ null null,Cas9,,,false,SSFEKNPIDFLEAK,TT - T - SSFEKNPIDFLEAK xl T - ,11.962,false,linear ,0,0.004,0.007,,0,11.962
149,Scan: 21885 Run:  P1_R.KSbs3nhEETITPWNFEEVVDK.G P2_ null null,Cas9,,,false,KSbs3nhEETITPWNFEEVVDK,TT - T - KSbs3nhEETITPWNFEEVVDK xl T - ,11.922,false,linear ,0,0.004,0.007,,0,11.922
148,Scan: 22498 Run:  P1_K.MDGTEELLVKbs3ohLNR.E P2_ null null,Cas9,,,false,MDGTEELLVKbs3ohLNR,TT - T - MDGTEELLVKbs3ohLNR xl T - ,11.918,false,linear ,0,0.004,0.007,,0,11.918
147,Scan: 16556 Run:  P1_R.MoxLASAGELQKbs3nh2GNELALPSK.Y P2_ null null,Cas9,,,false,MoxLASAGELQKbs3nh2GNELALPSK,TT - T - MoxLASAGELQKbs3nh2GNELALPSK xl T - ,11.767,false,linear ,0,0.004,0.007,,0,11.767
145,Scan: 21347 Run:  P1_K.MoxDGTEELLVKbs3ohLNR.E P2_ null null,Cas9,,,false,MoxDGTEELLVKbs3ohLNR,TT - T - MoxDGTEELLVKbs3ohLNR xl T - ,11.664,false,linear ,0,0.004,0.007,,0,11.664
144,Scan: 16416 Run:  P1_R.MoxLASAGELQKbs3nhGNELALPSK.Y P2_ null null,Cas9,,,false,MoxLASAGELQKbs3nhGNELALPSK,TT - T - MoxLASAGELQKbs3nhGNELALPSK xl T - ,11.656,false,linear ,0,0.004,0.007,,0,11.656
143,Scan: 14833 Run:  P1_R.HKbs3ohPENIVIEMoxAR.E P2_ null null,Cas9,,,false,HKbs3ohPENIVIEMoxAR,TT - T - HKbs3ohPENIVIEMoxAR xl T - ,11.538,false,linear ,0,0.004,0.007,,0,11.538
141,Scan: 17567 Run:  P1_R.MLASAGELQKbs3nhGNELALPSK.Y P2_ null null,Cas9,,,false,MLASAGELQKbs3nhGNELALPSK,TT - T - MLASAGELQKbs3nhGNELALPSK xl T - ,11.339,false,linear ,0,0.004,0.007,,0,11.339
139,Scan: 17704 Run:  P1_K.TEVQTGGFSKbs3nhESILPK.R P2_ null null,Cas9,,,false,TEVQTGGFSKbs3nhESILPK,TT - T - TEVQTGGFSKbs3nhESILPK xl T - ,11.255,false,linear ,0,0.004,0.007,,0,11.255
140,Scan: 17704 Run:  P1_K.TEVQTGGFSKbs3nh2ESILPK.R P2_ null null,Cas9,,,false,TEVQTGGFSKbs3nh2ESILPK,TT - T - TEVQTGGFSKbs3nh2ESILPK xl T - ,11.255,false,linear ,0,0.004,0.007,,0,11.255
138,Scan: 21559 Run:  P1_R.QEDFYPFLKbs3ohDNR.E P2_ null null,Cas9,,,false,QEDFYPFLKbs3ohDNR,TT - T - QEDFYPFLKbs3ohDNR xl T - ,10.862,false,linear ,0,0.004,0.008,,0,10.862
137,Scan: 20070 Run:  P1_R.QEDFYPFLKbs3nhDNR.E P2_ null null,Cas9,,,false,QEDFYPFLKbs3nhDNR,TT - T - QEDFYPFLKbs3nhDNR xl T - ,10.787,false,linear ,0,0.004,0.008,,0,10.787
136,Scan: 17641 Run:  P1_K.Kbs3nh2IECcmFDSVEISGVEDR.F P2_ null null,Cas9,,,false,Kbs3nh2IECcmFDSVEISGVEDR,TT - T - Kbs3nh2IECcmFDSVEISGVEDR xl T - ,10.739,false,linear ,0,0.004,0.008,,0,10.739
135,Scan: 18782 Run:  P1_R.MLASAGELQKbs3loopGNELALPSK.Y P2_ null null,Cas9,,,false,MLASAGELQKbs3loopGNELALPSK,TT - T - MLASAGELQKbs3loopGNELALPSK xl T - ,10.609,false,linear ,0,0.004,0.008,,0,10.609
134,Scan: 18685 Run:  P1_R.QITbs3ohKbs3ohHVAQILDSR.M P2_ null null,Cas9,,,false,QITbs3ohKbs3ohHVAQILDSR,TT - T - QITbs3ohKbs3ohHVAQILDSR xl T - ,10.578,false,linear ,0,0.004,0.008,,0,10.578
133,Scan: 7491 Run:  P1_R.HKPENIVIEMAR.E P2_ null null,Cas9,,,false,HKPENIVIEMAR,TT - T - HKPENIVIEMAR xl T - ,10.55,false,linear ,0,0.004,0.008,,0,10.55
132,Scan: 16906 Run:  P1_R.VNTEITKbs3nh2APLSASMIK.R P2_ null null,Cas9,,,false,VNTEITKbs3nh2APLSASMIK,TT - T - VNTEITKbs3nh2APLSASMIK xl T - ,10.504,false,linear ,0,0.004,0.008,,0,10.504
131,Scan: 19444 Run:  P1_K.TEVQTGGFSKbs3ohESILPK.R P2_ null null,Cas9,,,false,TEVQTGGFSKbs3ohESILPK,TT - T - TEVQTGGFSKbs3ohESILPK xl T - ,10.322,false,linear ,0,0.004,0.008,,0,10.322
130,Scan: 10918 Run:  P1_R.VNTEITKAPLSASMIK.R P2_ null null,Cas9,,,false,VNTEITKAPLSASMIK,TT - T - VNTEITKAPLSASMIK xl T - ,10.236,false,linear ,0,0.004,0.008,,0,10.236
129,Scan: 14178 Run:  P1_K.MDGTEELLVKLNR.E P2_ null null,Cas9,,,false,MDGTEELLVKLNR,TT - T - MDGTEELLVKLNR xl T - ,10.219,false,linear ,0,0.004,0.008,,0,10.219
128,Scan: 19628 Run:  P1_K.VVDELVKbs3ohVMGR.H P2_ null null,Cas9,,,false,VVDELVKbs3ohVMGR,TT - T - VVDELVKbs3ohVMGR xl T - ,10.129,false,linear ,0,0.004,0.008,,0,10.129
127,Scan: 21033 Run:  P1_K.MDGTEELLVKbs3nh2LNR.E P2_ null null,Cas9,,,false,MDGTEELLVKbs3nh2LNR,TT - T - MDGTEELLVKbs3nh2LNR xl T - ,10.042,false,linear ,0,0.004,0.008,,0,10.042
126,Scan: 21033 Run:  P1_K.MDGTEELLVKbs3nhLNR.E P2_ null null,Cas9,,,false,MDGTEELLVKbs3nhLNR,TT - T - MDGTEELLVKbs3nhLNR xl T - ,10.042,false,linear ,0,0.004,0.008,,0,10.042
125,Scan: 12926 Run:  P1_R.HKbs3nhPENIVIEMAR.E P2_ null null,Cas9,,,false,HKbs3nhPENIVIEMAR,TT - T - HKbs3nhPENIVIEMAR xl T - ,10.016,false,linear ,0,0.004,0.008,,0,10.016
124,Scan: 19942 Run:  P1_R.QEDFYPFLKbs3nh2DNR.E P2_ null null,Cas9,,,false,QEDFYPFLKbs3nh2DNR,TT - T - QEDFYPFLKbs3nh2DNR xl T - ,10.012,false,linear ,0,0.004,0.008,,0,10.012
123,Scan: 18434 Run:  P1_R.VNTEITKbs3ohAPLSASMIK.R P2_ null null,Cas9,,,false,VNTEITKbs3ohAPLSASMIK,TT - T - VNTEITKbs3ohAPLSASMIK xl T - ,10.011,false,linear ,0,0.004,0.008,,0,10.011
121,Scan: 21063 Run:  P1_K.MoxDGTEELLVKbs3nh2LNR.E P2_ null null,Cas9,,,false,MoxDGTEELLVKbs3nh2LNR,TT - T - MoxDGTEELLVKbs3nh2LNR xl T - ,9.941,false,linear ,0,0.004,0.008,,0,9.941
122,Scan: 21063 Run:  P1_K.MoxDGTEELLVKbs3nhLNR.E P2_ null null,Cas9,,,false,MoxDGTEELLVKbs3nhLNR,TT - T - MoxDGTEELLVKbs3nhLNR xl T - ,9.941,false,linear ,0,0.004,0.008,,0,9.941
120,Scan: 16893 Run:  P1_K.TYAHLFDDKbs3ohVMK.Q P2_ null null,Cas9,,,false,TYAHLFDDKbs3ohVMK,TT - T - TYAHLFDDKbs3ohVMK xl T - ,9.876,false,linear ,0,0.004,0.008,,0,9.876
119,Scan: 15306 Run:  P1_K.TYAHLFDDKbs3ohVMoxK.Q P2_ null null,Cas9,,,false,TYAHLFDDKbs3ohVMoxK,TT - T - TYAHLFDDKbs3ohVMoxK xl T - ,9.828,false,linear ,0,0.004,0.008,,0,9.828
117,Scan: 18463 Run:  P1_R.VNTEITKbs3ohAPLSASMoxIK.R P2_ null null,Cas9,,,false,VNTEITKbs3ohAPLSASMoxIK,TT - T - VNTEITKbs3ohAPLSASMoxIK xl T - ,9.723,false,linear ,0,0.004,0.008,,0,9.723
116,Scan: 20138 Run:  P1_K.NPIDFLEAKbs3ohGYKbs3nh2EVKbs3nh2K.D P2_ null null,Cas9,,,false,NPIDFLEAKbs3ohGYKbs3nh2EVKbs3nh2K,TT - T - NPIDFLEAKbs3ohGYKbs3nh2EVKbs3nh2K xl T - ,9.652,false,linear ,0,0.004,0.008,,0,9.652
115,Scan: 14358 Run:  P1_R.LKbs3nhTYAHLFDDK.V P2_ null null,Cas9,,,false,LKbs3nhTYAHLFDDK,TT - T - LKbs3nhTYAHLFDDK xl T - ,9.652,false,linear ,0,0.004,0.008,,0,9.652
114,Scan: 14232 Run:  P1_R.QITKbs3ohHVAQILDSR.M P2_ null null,Cas9,,,false,QITKbs3ohHVAQILDSR,TT - T - QITKbs3ohHVAQILDSR xl T - ,9.6,false,linear ,0,0.004,0.009,,0,9.6
112,Scan: 24703 Run:  P1_K.TILDFLKbs3nh2SDGFANR.N P2_ null null,Cas9,,,false,TILDFLKbs3nh2SDGFANR,TT - T - TILDFLKbs3nh2SDGFANR xl T - ,9.559,false,linear ,0,0.004,0.009,,0,9.559
113,Scan: 24703 Run:  P1_K.TILDFLKbs3nhSDGFANR.N P2_ null null,Cas9,,,false,TILDFLKbs3nhSDGFANR,TT - T - TILDFLKbs3nhSDGFANR xl T - ,9.559,false,linear ,0,0.004,0.009,,0,9.559
111,Scan: 19832 Run:  P1_K.NPIDFLEAKGYbs3ohKbs3nh2EVKbs3nh2K.D P2_ null null,Cas9,,,false,NPIDFLEAKGYbs3ohKbs3nh2EVKbs3nh2K,TT - T - NPIDFLEAKGYbs3ohKbs3nh2EVKbs3nh2K xl T - ,9.512,false,linear ,0,0.004,0.009,,0,9.512
110,Scan: 17394 Run:  P1_R.MoxLASAGELQKbs3loopGNELALPSK.Y P2_ null null,Cas9,,,false,MoxLASAGELQKbs3loopGNELALPSK,TT - T - MoxLASAGELQKbs3loopGNELALPSK xl T - ,9.446,false,linear ,0,0.004,0.009,,0,9.446
109,Scan: 25850 Run:  P1_K.TILDFLKbs3ohSDGFANR.N P2_ null null,Cas9,,,false,TILDFLKbs3ohSDGFANR,TT - T - TILDFLKbs3ohSDGFANR xl T - ,9.405,false,linear ,0,0.004,0.009,,0,9.405
108,Scan: 24388 Run:  P1_K.SVKbs3ohELLGITIMER.S P2_ null null,Cas9,,,false,SVKbs3ohELLGITIMER,TT - T - SVKbs3ohELLGITIMER xl T - ,9.368,false,linear ,0,0.005,0.009,,0,9.368
107,Scan: 23192 Run:  P1_K.Sbs3nhVKELLGITIMER.S P2_ null null,Cas9,,,false,Sbs3nhVKELLGITIMER,TT - T - Sbs3nhVKELLGITIMER xl T - ,9.304,false,linear ,0,0.005,0.009,,0,9.304
106,Scan: 13966 Run:  P1_R.QEDFYPFLKDNR.E P2_ null null,Cas9,,,false,QEDFYPFLKDNR,TT - T - QEDFYPFLKDNR xl T - ,9.286,false,linear ,0,0.005,0.009,,0,9.286
105,Scan: 7960 Run:  P1_R.YDEHHQDLTLLK.A P2_ null null,Cas9,,,false,YDEHHQDLTLLK,TT - T - YDEHHQDLTLLK xl T - ,9.275,false,linear ,0,0.005,0.009,,0,9.275
104,Scan: 9800 Run:  P1_R.LEESFLVEEDKK.H P2_ null null,Cas9,,,false,LEESFLVEEDKK,TT - T - LEESFLVEEDKK xl T - ,9.254,false,linear ,0,0.005,0.009,,0,9.254
102,Scan: 15208 Run:  P1_K.TYAHLFDDKbs3nh2VMK.Q P2_ null null,Cas9,,,false,TYAHLFDDKbs3nh2VMK,TT - T - TYAHLFDDKbs3nh2VMK xl T - ,9.177,false,linear ,0,0.005,0.009,,0,9.177
103,Scan: 15208 Run:  P1_K.TYAHLFDDKbs3nhVMK.Q P2_ null null,Cas9,,,false,TYAHLFDDKbs3nhVMK,TT - T - TYAHLFDDKbs3nhVMK xl T - ,9.177,false,linear ,0,0.005,0.009,,0,9.177
101,Scan: 20071 Run:  P1_R.GGLSELDKbs3ohAGFIK.R P2_ null null,Cas9,,,false,GGLSELDKbs3ohAGFIK,TT - T - GGLSELDKbs3ohAGFIK xl T - ,9.077,false,linear ,0,0.005,0.01,,0,9.077
100,Scan: 21878 Run:  P1_R.SSFEKbs3nh2NPIDFLEAK.G P2_ null null,Cas9,,,false,SSFEKbs3nh2NPIDFLEAK,TT - T - SSFEKbs3nh2NPIDFLEAK xl T - ,8.942,false,linear ,0,0.005,0.01,,0,8.942
99,Scan: 24408 Run:  P1_K.SVKbs3ohELLGITIMoxER.S P2_ null null,Cas9,,,false,SVKbs3ohELLGITIMoxER,TT - T - SVKbs3ohELLGITIMoxER xl T - ,8.937,false,linear ,0,0.005,0.01,,0,8.937
98,Scan: 22306 Run:  P1_K.NPIDFLEAKbs3ohGYbs3nhKbs3ohEVKK.D P2_ null null,Cas9,,,false,NPIDFLEAKbs3ohGYbs3nhKbs3ohEVKK,TT - T - NPIDFLEAKbs3ohGYbs3nhKbs3ohEVKK xl T - ,8.908,false,linear ,0,0.005,0.01,,0,8.908
97,Scan: 13480 Run:  P1_K.TYAHLFDDKbs3nhVMoxK.Q P2_ null null,Cas9,,,false,TYAHLFDDKbs3nhVMoxK,TT - T - TYAHLFDDKbs3nhVMoxK xl T - ,8.895,false,linear ,0,0.005,0.01,,0,8.895
96,Scan: 16271 Run:  P1_R.LKbs3ohTYAHLFDDK.V P2_ null null,Cas9,,,false,LKbs3ohTYAHLFDDK,TT - T - LKbs3ohTYAHLFDDK xl T - ,8.828,false,linear ,0,0.005,0.01,,0,8.828
95,Scan: 9747 Run:  P1_R.HKbs3nhPENIVIEMoxAR.E P2_ null null,Cas9,,,false,HKbs3nhPENIVIEMoxAR,TT - T - HKbs3nhPENIVIEMoxAR xl T - ,8.781,false,linear ,0,0.005,0.011,,0,8.781
94,Scan: 20493 Run:  P1_K.LPKbs3nh2YSLFELENGR.K P2_ null null,Cas9,,,false,LPKbs3nh2YSLFELENGR,TT - T - LPKbs3nh2YSLFELENGR xl T - ,8.753,false,linear ,0,0.005,0.011,,0,8.753
93,Scan: 16363 Run:  P1_R.LKbs3loopTYAHLFDDK.V P2_ null null,Cas9,,,false,LKbs3loopTYAHLFDDK,TT - T - LKbs3loopTYAHLFDDK xl T - ,8.747,false,linear ,0,0.005,0.011,,0,8.747
92,Scan: 20599 Run:  P1_R.IEEGIKbs3nhELGSQILK.E P2_ null null,Cas9,,,false,IEEGIKbs3nhELGSQILK,TT - T - IEEGIKbs3nhELGSQILK xl T - ,8.636,false,linear ,0,0.005,0.011,,0,8.636
91,Scan: 21930 Run:  P1_R.IEEGIKbs3ohELGSQILK.E P2_ null null,Cas9,,,false,IEEGIKbs3ohELGSQILK,TT - T - IEEGIKbs3ohELGSQILK xl T - ,8.627,false,linear ,0,0.005,0.011,,0,8.627
90,Scan: 12964 Run:  P1_R.HKbs3nh2PENIVIEMoxAR.E P2_ null null,Cas9,,,false,HKbs3nh2PENIVIEMoxAR,TT - T - HKbs3nh2PENIVIEMoxAR xl T - ,8.573,false,linear ,0,0.005,0.011,,0,8.573
89,Scan: 20366 Run:  P1_R.YDEHHQDLTLLKbs3loopALVR.Q P2_ null null,Cas9,,,false,YDEHHQDLTLLKbs3loopALVR,TT - T - YDEHHQDLTLLKbs3loopALVR xl T - ,8.482,false,linear ,0,0.005,0.011,,0,8.482
88,Scan: 19733 Run:  P1_R.LKbs3ohTbs3ohYAHLFDDK.V P2_ null null,Cas9,,,false,LKbs3ohTbs3ohYAHLFDDK,TT - T - LKbs3ohTbs3ohYAHLFDDK xl T - ,8.443,false,linear ,0,0.005,0.011,,0,8.443
87,Scan: 16935 Run:  P1_R.VNTEITbs3nhKAPLSASMoxIK.R P2_ null null,Cas9,,,false,VNTEITbs3nhKAPLSASMoxIK,TT - T - VNTEITbs3nhKAPLSASMoxIK xl T - ,8.426,false,linear ,0,0.005,0.011,,0,8.426
86,Scan: 18346 Run:  P1_R.QITKbs3ohHVAQILDSbs3ohR.M P2_ null null,Cas9,,,false,QITKbs3ohHVAQILDSbs3ohR,TT - T - QITKbs3ohHVAQILDSbs3ohR xl T - ,8.373,false,linear ,0,0.005,0.011,,0,8.373
85,Scan: 22113 Run:  P1_K.SNFDLAEDAKbs3ohLQLSK.D P2_ null null,Cas9,,,false,SNFDLAEDAKbs3ohLQLSK,TT - T - SNFDLAEDAKbs3ohLQLSK xl T - ,8.356,false,linear ,0,0.005,0.011,,0,8.356
84,Scan: 22957 Run:  P1_R.SSFEKbs3ohNPIDFLEAK.G P2_ null null,Cas9,,,false,SSFEKbs3ohNPIDFLEAK,TT - T - SSFEKbs3ohNPIDFLEAK xl T - ,8.342,false,linear ,0,0.005,0.012,,0,8.342
83,Scan: 5095 Run:  P1_K.LVDSTDKADLR.L P2_ null null,Cas9,,,false,LVDSTDKADLR,TT - T - LVDSTDKADLR xl T - ,8.275,false,linear ,0,0.005,0.012,,0,8.275
82,Scan: 20788 Run:  P1_K.SNFDLAEDAKbs3nhLQLSK.D P2_ null null,Cas9,,,false,SNFDLAEDAKbs3nhLQLSK,TT - T - SNFDLAEDAKbs3nhLQLSK xl T - ,8.258,false,linear ,0,0.005,0.012,,0,8.258
81,Scan: 20788 Run:  P1_K.SNFDLAEDAKbs3nh2LQLSK.D P2_ null null,Cas9,,,false,SNFDLAEDAKbs3nh2LQLSK,TT - T - SNFDLAEDAKbs3nh2LQLSK xl T - ,8.258,false,linear ,0,0.005,0.012,,0,8.258
80,Scan: 11645 Run:  P1_R.QITKbs3nhHVAQILDSR.M P2_ null null,Cas9,,,false,QITKbs3nhHVAQILDSR,TT - T - QITKbs3nhHVAQILDSR xl T - ,8.249,false,linear ,0,0.005,0.012,,0,8.249
79,Scan: 11427 Run:  P1_K.LVDSTDKbs3nhADLR.L P2_ null null,Cas9,,,false,LVDSTDKbs3nhADLR,TT - T - LVDSTDKbs3nhADLR xl T - ,8.213,false,linear ,0,0.005,0.012,,0,8.213
78,Scan: 20481 Run:  P1_K.MKNYbs3ohWRQLLNAKbs3ohLITQR.K P2_ null null,Cas9,,,false,MKNYbs3ohWRQLLNAKbs3ohLITQR,TT - T - MKNYbs3ohWRQLLNAKbs3ohLITQR xl T - ,8.164,false,linear ,0,0.005,0.012,,0,8.164
77,Scan: 17622 Run:  P1_R.QLLNAKbs3ohLITQR.K P2_ null null,Cas9,,,false,QLLNAKbs3ohLITQR,TT - T - QLLNAKbs3ohLITQR xl T - ,8.128,false,linear ,0,0.005,0.012,,0,8.128
72,Scan: 21780 Run:  P1_K.NPIDFLEAKbs3nh2GYKbs3nh2EVKbs3ohK.D P2_ null null,Cas9,,,false,NPIDFLEAKbs3nh2GYKbs3nh2EVKbs3ohK,TT - T - NPIDFLEAKbs3nh2GYKbs3nh2EVKbs3ohK xl T - ,8.084,false,linear ,0,0.005,0.012,,0,8.084
69,Scan: 21780 Run:  P1_K.NPIDFLEAKbs3nh2GYbs3nhKbs3ohEVKK.D P2_ null null,Cas9,,,false,NPIDFLEAKbs3nh2GYbs3nhKbs3ohEVKK,TT - T - NPIDFLEAKbs3nh2GYbs3nhKbs3ohEVKK xl T - ,8.084,false,linear ,0,0.005,0.012,,0,8.084
73,Scan: 21780 Run:  P1_K.NPIDFLEAKbs3nhGYbs3nhKEVKbs3ohK.D P2_ null null,Cas9,,,false,NPIDFLEAKbs3nhGYbs3nhKEVKbs3ohK,TT - T - NPIDFLEAKbs3nhGYbs3nhKEVKbs3ohK xl T - ,8.084,false,linear ,0,0.005,0.012,,0,8.084
71,Scan: 21780 Run:  P1_K.NPIDFLEAKbs3nhGYKbs3nh2EVKbs3ohK.D P2_ null null,Cas9,,,false,NPIDFLEAKbs3nhGYKbs3nh2EVKbs3ohK,TT - T - NPIDFLEAKbs3nhGYKbs3nh2EVKbs3ohK xl T - ,8.084,false,linear ,0,0.005,0.012,,0,8.084
74,Scan: 21780 Run:  P1_K.NPIDFLEAKbs3nh2GYbs3ohKbs3nh2EVKK.D P2_ null null,Cas9,,,false,NPIDFLEAKbs3nh2GYbs3ohKbs3nh2EVKK,TT - T - NPIDFLEAKbs3nh2GYbs3ohKbs3nh2EVKK xl T - ,8.084,false,linear ,0,0.005,0.012,,0,8.084
76,Scan: 21780 Run:  P1_K.NPIDFLEAKbs3nhGYbs3nhKbs3ohEVKK.D P2_ null null,Cas9,,,false,NPIDFLEAKbs3nhGYbs3nhKbs3ohEVKK,TT - T - NPIDFLEAKbs3nhGYbs3nhKbs3ohEVKK xl T - ,8.084,false,linear ,0,0.005,0.012,,0,8.084
75,Scan: 21780 Run:  P1_K.NPIDFLEAKbs3nh2GYKbs3nhEVKbs3ohK.D P2_ null null,Cas9,,,false,NPIDFLEAKbs3nh2GYKbs3nhEVKbs3ohK,TT - T - NPIDFLEAKbs3nh2GYKbs3nhEVKbs3ohK xl T - ,8.084,false,linear ,0,0.005,0.012,,0,8.084
70,Scan: 21780 Run:  P1_K.NPIDFLEAKbs3nhGYbs3ohKbs3nh2EVKK.D P2_ null null,Cas9,,,false,NPIDFLEAKbs3nhGYbs3ohKbs3nh2EVKK,TT - T - NPIDFLEAKbs3nhGYbs3ohKbs3nh2EVKK xl T - ,8.084,false,linear ,0,0.005,0.012,,0,8.084
68,Scan: 13503 Run:  P1_R.QITbs3ohKHVAQILDSR.M P2_ null null,Cas9,,,false,QITbs3ohKHVAQILDSR,TT - T - QITbs3ohKHVAQILDSR xl T - ,8.057,false,linear ,0,0.005,0.012,,0,8.057
67,Scan: 14132 Run:  P1_R.IEEGIKELGSQILK.E P2_ null null,Cas9,,,false,IEEGIKELGSQILK,TT - T - IEEGIKELGSQILK xl T - ,8.051,false,linear ,0,0.005,0.012,,0,8.051
66,Scan: 13344 Run:  P1_K.TYAHLFDDKbs3nh2VMoxK.Q P2_ null null,Cas9,,,false,TYAHLFDDKbs3nh2VMoxK,TT - T - TYAHLFDDKbs3nh2VMoxK xl T - ,8.012,false,linear ,0,0.005,0.013,,0,8.012
65,Scan: 18465 Run:  P1_R.GGLSELDKbs3nh2AGFIK.R P2_ null null,Cas9,,,false,GGLSELDKbs3nh2AGFIK,TT - T - GGLSELDKbs3nh2AGFIK xl T - ,7.969,false,linear ,0,0.005,0.013,,0,7.969
64,Scan: 13487 Run:  P1_K.VLSbs3ohAYNKbs3ohHR.D P2_ null null,Cas9,,,false,VLSbs3ohAYNKbs3ohHR,TT - T - VLSbs3ohAYNKbs3ohHR xl T - ,7.862,false,linear ,0,0.005,0.014,,0,7.862
63,Scan: 17984 Run:  P1_K.VVDELVKbs3nhVMGR.H P2_ null null,Cas9,,,false,VVDELVKbs3nhVMGR,TT - T - VVDELVKbs3nhVMGR xl T - ,7.847,false,linear ,0,0.005,0.014,,0,7.847
62,Scan: 15142 Run:  P1_K.DDSIDNKbs3nhVLTR.S P2_ null null,Cas9,,,false,DDSIDNKbs3nhVLTR,TT - T - DDSIDNKbs3nhVLTR xl T - ,7.794,false,linear ,0,0.005,0.014,,0,7.794
61,Scan: 15142 Run:  P1_K.DDSIDNKbs3nh2VLTR.S P2_ null null,Cas9,,,false,DDSIDNKbs3nh2VLTR,TT - T - DDSIDNKbs3nh2VLTR xl T - ,7.794,false,linear ,0,0.005,0.014,,0,7.794
60,Scan: 16148 Run:  P1_K.VLSAYbs3ohNKbs3ohHR.D P2_ null null,Cas9,,,false,VLSAYbs3ohNKbs3ohHR,TT - T - VLSAYbs3ohNKbs3ohHR xl T - ,7.784,false,linear ,0,0.005,0.014,,0,7.784
59,Scan: 11641 Run:  P1_K.VLSbs3ohAYNKbs3nh2HR.D P2_ null null,Cas9,,,false,VLSbs3ohAYNKbs3nh2HR,TT - T - VLSbs3ohAYNKbs3nh2HR xl T - ,7.752,false,linear ,0,0.005,0.014,,0,7.752
58,Scan: 9710 Run:  P1_K.SDNVPSEEVVKKbs3nh.M P2_ null null,Cas9,,,false,SDNVPSEEVVKKbs3nh,TT - T - SDNVPSEEVVKKbs3nh xl T - ,7.636,false,linear ,0,0.005,0.017,,0,7.636
57,Scan: 12227 Run:  P1_R.GGLSELDKAGFIK.R P2_ null null,Cas9,,,false,GGLSELDKAGFIK,TT - T - GGLSELDKAGFIK xl T - ,7.448,false,linear ,0,0.005,0.018,,0,7.448
56,Scan: 17852 Run:  P1_R.LENLIAQLPGEKKbs3nh.N P2_ null null,Cas9,,,false,LENLIAQLPGEKKbs3nh,TT - T - LENLIAQLPGEKKbs3nh xl T - ,7.421,false,linear ,0,0.005,0.018,,0,7.421
54,Scan: 11878 Run:  P1_R.MoxTNFDKbs3nhNLPNEK.V P2_ null null,Cas9,,,false,MoxTNFDKbs3nhNLPNEK,TT - T - MoxTNFDKbs3nhNLPNEK xl T - ,7.408,false,linear ,0,0.005,0.018,,0,7.408
55,Scan: 11878 Run:  P1_R.MoxTNFDKbs3nh2NLPNEK.V P2_ null null,Cas9,,,false,MoxTNFDKbs3nh2NLPNEK,TT - T - MoxTNFDKbs3nh2NLPNEK xl T - ,7.408,false,linear ,0,0.005,0.018,,0,7.408
53,Scan: 12602 Run:  P1_R.QITbs3nhKHVAQILDSR.M P2_ null null,Cas9,,,false,QITbs3nhKHVAQILDSR,TT - T - QITbs3nhKHVAQILDSR xl T - ,7.367,false,linear ,0,0.005,0.019,,0,7.367
52,Scan: 8578 Run:  P1_K.VLSAYNKbs3ohHR.D P2_ null null,Cas9,,,false,VLSAYNKbs3ohHR,TT - T - VLSAYNKbs3ohHR xl T - ,7.354,false,linear ,0,0.005,0.019,,0,7.354
51,Scan: 19283 Run:  P1_R.LENLIAQLPGEKbs3ohK.N P2_ null null,Cas9,,,false,LENLIAQLPGEKbs3ohK,TT - T - LENLIAQLPGEKbs3ohK xl T - ,7.326,false,linear ,0,0.005,0.019,,0,7.326
50,Scan: 12224 Run:  P1_R.LENLIAQLPGEKK.N P2_ null null,Cas9,,,false,LENLIAQLPGEKK,TT - T - LENLIAQLPGEKK xl T - ,7.283,false,linear ,0,0.005,0.019,,0,7.283
49,Scan: 15909 Run:  P1_R.QLLNAKbs3nhLITQR.K P2_ null null,Cas9,,,false,QLLNAKbs3nhLITQR,TT - T - QLLNAKbs3nhLITQR xl T - ,7.252,false,linear ,0,0.005,0.019,,0,7.252
48,Scan: 23345 Run:  P1_K.KYPKbs3nh2LESEFVYbs3nhGDYKbs3loopVYDVR.K P2_ null null,Cas9,,,false,KYPKbs3nh2LESEFVYbs3nhGDYKbs3loopVYDVR,TT - T - KYPKbs3nh2LESEFVYbs3nhGDYKbs3loopVYDVR xl T - ,7.247,false,linear ,0,0.005,0.019,,0,7.247
46,Scan: 20942 Run:  P1_K.NPIDFLEAKbs3nhGYK.E P2_ null null,Cas9,,,false,NPIDFLEAKbs3nhGYK,TT - T - NPIDFLEAKbs3nhGYK xl T - ,7.164,false,linear ,0,0.005,0.02,,0,7.164
47,Scan: 20942 Run:  P1_K.NPIDFLEAKbs3nh2GYK.E P2_ null null,Cas9,,,false,NPIDFLEAKbs3nh2GYK,TT - T - NPIDFLEAKbs3nh2GYK xl T - ,7.164,false,linear ,0,0.005,0.02,,0,7.164
45,Scan: 15823 Run:  P1_K.VVDELVKbs3ohVMoxGR.H P2_ null null,Cas9,,,false,VVDELVKbs3ohVMoxGR,TT - T - VVDELVKbs3ohVMoxGR xl T - ,7.097,false,linear ,0,0.005,0.02,,0,7.097
44,Scan: 19170 Run:  P1_K.Ybs3nhPKLESEFVYGDYK.V P2_ null null,Cas9,,,false,Ybs3nhPKLESEFVYGDYK,TT - T - Ybs3nhPKLESEFVYGDYK xl T - ,7.087,false,linear ,0,0.005,0.02,,0,7.087
43,Scan: 9792 Run:  P1_K.VLSbs3nhAYNKbs3nh2HR.D P2_ null null,Cas9,,,false,VLSbs3nhAYNKbs3nh2HR,TT - T - VLSbs3nhAYNKbs3nh2HR xl T - ,7.058,false,linear ,0,0.005,0.02,,0,7.058
42,Scan: 9871 Run:  P1_R.GKbs3nh2SDNVPSEEVVK.K P2_ null null,Cas9,,,false,GKbs3nh2SDNVPSEEVVK,TT - T - GKbs3nh2SDNVPSEEVVK xl T - ,7.047,false,linear ,0,0.005,0.02,,0,7.047
41,Scan: 15954 Run:  P1_R.LEESFLVEEDKbs3nh2K.H P2_ null null,Cas9,,,false,LEESFLVEEDKbs3nh2K,TT - T - LEESFLVEEDKbs3nh2K xl T - ,7.028,false,linear ,0,0.005,0.02,,0,7.028
40,Scan: 6934 Run:  P1_K.VLSAYNKbs3nhHR.D P2_ null null,Cas9,,,false,VLSAYNKbs3nhHR,TT - T - VLSAYNKbs3nhHR xl T - ,6.764,false,linear ,0,0.005,0.026,,0,6.764
39,Scan: 21927 Run:  P1_K.LPKbs3ohYSLFELENGR.K P2_ null null,Cas9,,,false,LPKbs3ohYSLFELENGR,TT - T - LPKbs3ohYSLFELENGR xl T - ,6.669,false,linear ,0,0.005,0.027,,0,6.669
38,Scan: 4845 Run:  P1_K.SDNVPSEEVVKK.M P2_ null null,Cas9,,,false,SDNVPSEEVVKK,TT - T - SDNVPSEEVVKK xl T - ,6.643,false,linear ,0,0.005,0.029,,0,6.643
37,Scan: 9412 Run:  P1_K.LVDSbs3nhTDKbs3ohADLR.L P2_ null null,Cas9,,,false,LVDSbs3nhTDKbs3ohADLR,TT - T - LVDSbs3nhTDKbs3ohADLR xl T - ,6.61,false,linear ,0,0.005,0.029,,0,6.61
36,Scan: 9412 Run:  P1_K.LVDSbs3nhTbs3ohDKADLR.L P2_ null null,Cas9,,,false,LVDSbs3nhTbs3ohDKADLR,TT - T - LVDSbs3nhTbs3ohDKADLR xl T - ,6.61,false,linear ,0,0.005,0.029,,0,6.61
34,Scan: 18006 Run:  P1_K.VVDELVKbs3nhVMoxGR.H P2_ null null,Cas9,,,false,VVDELVKbs3nhVMoxGR,TT - T - VVDELVKbs3nhVMoxGR xl T - ,6.604,false,linear ,0,0.005,0.029,,0,6.604
35,Scan: 18006 Run:  P1_K.VVDELVKbs3nh2VMoxGR.H P2_ null null,Cas9,,,false,VVDELVKbs3nh2VMoxGR,TT - T - VVDELVKbs3nh2VMoxGR xl T - ,6.604,false,linear ,0,0.005,0.029,,0,6.604
33,Scan: 11350 Run:  P1_K.VLSbs3nhAYNKbs3ohHR.D P2_ null null,Cas9,,,false,VLSbs3nhAYNKbs3ohHR,TT - T - VLSbs3nhAYNKbs3ohHR xl T - ,6.575,false,linear ,0,0.005,0.029,,0,6.575
32,Scan: 23910 Run:  P1_K.MKbs3ohNYWRQLLNAKbs3loopLITQR.K P2_ null null,Cas9,,,false,MKbs3ohNYWRQLLNAKbs3loopLITQR,TT - T - MKbs3ohNYWRQLLNAKbs3loopLITQR xl T - ,6.549,false,linear ,0,0.005,0.029,,0,6.549
31,Scan: 11487 Run:  P1_K.SDNVPSEEVVKbs3ohK.M P2_ null null,Cas9,,,false,SDNVPSEEVVKbs3ohK,TT - T - SDNVPSEEVVKbs3ohK xl T - ,6.463,false,linear ,0,0.006,0.029,,0,6.463
30,Scan: 7444 Run:  P1_K.SEQEIGKbs3nhATAK.Y P2_ null null,Cas9,,,false,SEQEIGKbs3nhATAK,TT - T - SEQEIGKbs3nhATAK xl T - ,6.387,false,linear ,0,0.006,0.029,,0,6.387
29,Scan: 14821 Run:  P1_K.APLSASMIKbs3ohR.Y P2_ null null,Cas9,,,false,APLSASMIKbs3ohR,TT - T - APLSASMIKbs3ohR xl T - ,6.297,false,linear ,0,0.006,0.03,,0,6.297
28,Scan: 13756 Run:  P1_K.LVDSTDKbs3ohADLR.L P2_ null null,Cas9,,,false,LVDSTDKbs3ohADLR,TT - T - LVDSTDKbs3ohADLR xl T - ,6.262,false,linear ,0,0.006,0.031,,0,6.262
27,Scan: 19421 Run:  P1_R.LENLIAQLPGEKKbs3oh.N P2_ null null,Cas9,,,false,LENLIAQLPGEKKbs3oh,TT - T - LENLIAQLPGEKKbs3oh xl T - ,6.2,false,linear ,0,0.006,0.037,,0,6.2
26,Scan: 17725 Run:  P1_R.LEESFLVEEDKKbs3oh.H P2_ null null,Cas9,,,false,LEESFLVEEDKKbs3oh,TT - T - LEESFLVEEDKKbs3oh xl T - ,6.111,false,linear ,0,0.006,0.04,,0,6.111
25,Scan: 14547 Run:  P1_R.LKbs3nh2TYAHLFDDK.V P2_ null null,Cas9,,,false,LKbs3nh2TYAHLFDDK,TT - T - LKbs3nh2TYAHLFDDK xl T - ,6.093,false,linear ,0,0.006,0.04,,0,6.093
24,Scan: 16800 Run:  P1_K.TYAHLFDDKbs3loopVMK.Q P2_ null null,Cas9,,,false,TYAHLFDDKbs3loopVMK,TT - T - TYAHLFDDKbs3loopVMK xl T - ,5.937,false,linear ,0,0.006,0.043,,0,5.937
22,Scan: 8594 Run:  P1_K.FDNLTbs3ohKbs3nh2AER.G P2_ null null,Cas9,,,false,FDNLTbs3ohKbs3nh2AER,TT - T - FDNLTbs3ohKbs3nh2AER xl T - ,5.654,false,linear ,0,0.006,0.056,,0,5.654
23,Scan: 8594 Run:  P1_K.FDNLTbs3ohKbs3nhAER.G P2_ null null,Cas9,,,false,FDNLTbs3ohKbs3nhAER,TT - T - FDNLTbs3ohKbs3nhAER xl T - ,5.654,false,linear ,0,0.006,0.056,,0,5.654
21,Scan: 12582 Run:  P1_K.APLSASMIKbs3nh2R.Y P2_ null null,Cas9,,,false,APLSASMIKbs3nh2R,TT - T - APLSASMIKbs3nh2R xl T - ,5.614,false,linear ,0,0.006,0.056,,0,5.614
20,Scan: 15005 Run:  P1_R.MTNFDKbs3ohNLPNEK.V P2_ null null,Cas9,,,false,MTNFDKbs3ohNLPNEK,TT - T - MTNFDKbs3ohNLPNEK xl T - ,5.55,false,linear ,0,0.006,0.056,,0,5.55
19,Scan: 10751 Run:  P1_K.LVDSTbs3nhDKbs3ohADLR.L P2_ null null,Cas9,,,false,LVDSTbs3nhDKbs3ohADLR,TT - T - LVDSTbs3nhDKbs3ohADLR xl T - ,5.533,false,linear ,0,0.006,0.118,,0,5.533
18,Scan: 21949 Run:  P1_K.MDGTEELLVKbs3loopLNREDLLR.K P2_ null null,Cas9,,,false,MDGTEELLVKbs3loopLNREDLLR,TT - T - MDGTEELLVKbs3loopLNREDLLR xl T - ,5.496,false,linear ,0,0.006,0.118,,0,5.496
17,Scan: 10391 Run:  P1_K.FDNLTbs3nhKAER.G P2_ null null,Cas9,,,false,FDNLTbs3nhKAER,TT - T - FDNLTbs3nhKAER xl T - ,5.231,false,linear ,0,0.006,0.118,,0,5.231
15,Scan: 7639 Run:  P1_K.RNSDKbs3ohLIAR.K P2_ null null,Cas9,,,false,RNSDKbs3ohLIAR,TT - T - RNSDKbs3ohLIAR xl T - ,5.229,false,linear ,0,0.006,0.118,,0,5.229
16,Scan: 7639 Run:  P1_K.RNSbs3ohDKLIAR.K P2_ null null,Cas9,,,false,RNSbs3ohDKLIAR,TT - T - RNSbs3ohDKLIAR xl T - ,5.229,false,linear ,0,0.006,0.118,,0,5.229
14,Scan: 19944 Run:  P1_K.MDGTEELLVKbs3ohLNREDLLR.K P2_ null null,Cas9,,,false,MDGTEELLVKbs3ohLNREDLLR,TT - T - MDGTEELLVKbs3ohLNREDLLR xl T - ,5.211,false,linear ,0,0.006,0.118,,0,5.211
13,Scan: 16220 Run:  P1_R.VNTEITbs3nhKbs3nh2APLSASMIK.R P2_ null null,Cas9,,,false,VNTEITbs3nhKbs3nh2APLSASMIK,TT - T - VNTEITbs3nhKbs3nh2APLSASMIK xl T - ,5.21,false,linear ,0,0.006,0.118,,0,5.21
12,Scan: 7449 Run:  P1_K.VLSAYbs3ohNKHR.D P2_ null null,Cas9,,,false,VLSAYbs3ohNKHR,TT - T - VLSAYbs3ohNKHR xl T - ,4.99,false,linear ,0,0.006,0.2,,0,4.99
11,Scan: 5158 Run:  P1_K.FPKNFKbs3loopVGK.I P2_ null null,decoy:CTRB_BOVIN,decoydecoy:null,decoy:,true,FPKNFKbs3loopVGK,TD - D - FPKNFKbs3loopVGK xl T - ,4.469,true,linear ,0.006,0.012,0.333,,âˆž,4.469
9,Scan: 15075 Run:  P1_K.DFQFYbs3ohKbs3nh2VR.E P2_ null null,Cas9,,,false,DFQFYbs3ohKbs3nh2VR,TT - T - DFQFYbs3ohKbs3nh2VR xl T - ,4.307,false,linear ,0.006,0.008,0.333,,0,4.307
10,Scan: 15075 Run:  P1_K.DFQFYbs3ohKbs3nhVR.E P2_ null null,Cas9,,,false,DFQFYbs3ohKbs3nhVR,TT - T - DFQFYbs3ohKbs3nhVR xl T - ,4.307,false,linear ,0.006,0.008,0.333,,0,4.307
8,Scan: 14841 Run:  P1_R.HKbs3loopPENIVIEMoxAR.E P2_ null null,Cas9,,,false,HKbs3loopPENIVIEMoxAR,TT - T - HKbs3loopPENIVIEMoxAR xl T - ,4.297,false,linear ,0.006,0.008,0.333,,0,4.297
7,Scan: 11456 Run:  P1_K.QLKbs3loopEDYFKbs3loopKbs3oh.I P2_ null null,Cas9,,,false,QLKbs3loopEDYFKbs3loopKbs3oh,TT - T - QLKbs3loopEDYFKbs3loopKbs3oh xl T - ,4.159,false,linear ,0.006,0.009,0.333,,0,4.159
6,Scan: 11054 Run:  P1_K.VLSAYbs3ohNKbs3nhHR.D P2_ null null,Cas9,,,false,VLSAYbs3ohNKbs3nhHR,TT - T - VLSAYbs3ohNKbs3nhHR xl T - ,4.085,false,linear ,0.006,0.01,0.333,,0,4.085
5,Scan: 8715 Run:  P1_K.KYbs3nhPDWKKbs3loopR.D P2_ null null,decoy:Cas9,decoy:,decoy:,true,KYbs3nhPDWKKbs3loopR,TD - D - KYbs3nhPDWKKbs3loopR xl T - ,3.87,true,linear ,0.012,0.011,0.333,,1,3.87
4,Scan: 12839 Run:  P1_R.MTNFDKbs3nhNLPNEK.V P2_ null null,Cas9,,,false,MTNFDKbs3nhNLPNEK,TT - T - MTNFDKbs3nhNLPNEK xl T - ,3.536,false,linear ,0.012,0.015,0.5,,0,3.536
3,Scan: 12839 Run:  P1_R.MTNFDKbs3nh2NLPNEK.V P2_ null null,Cas9,,,false,MTNFDKbs3nh2NLPNEK,TT - T - MTNFDKbs3nh2NLPNEK xl T - ,3.536,false,linear ,0.012,0.015,0.5,,0,3.536
2,Scan: 9700 Run:  P1_R.Kbs3loopKbs3ohDWDPKK.Y P2_ null null,Cas9,,,false,Kbs3loopKbs3ohDWDPKK,TT - T - Kbs3loopKbs3ohDWDPKK xl T - ,3.476,false,linear ,0.012,0.015,0.25,,0,3.476
1,Scan: 8698 Run:  P1_R.RKbs3ohYLKQMoxK.V P2_ null null,decoy:Cas9,decoy:,decoy:,true,RKbs3ohYLKQMoxK,TD - D - RKbs3ohYLKQMoxK xl T - ,3.065,true,linear ,0.018,0.015,1,,1,3.065
0,Scan: 8858 Run:  P1_R.RRYbs3ohTbs3nhRR.K P2_ null null,Cas9,,,false,RRYbs3ohTbs3nhRR,TT - T - RRYbs3ohTbs3nhRR xl T - ,2.222,false,linear ,0.018,0.018,0,,0,2.222
