PeptidePairID,PSMIDs,Protein1,Name1,Description1,Decoy1,Protein2,Name2,Description2,Decoy2,Peptide1,Peptide2,Start1,Start2,FromSite,ToSite,FromProteinSite,ToProteinSite,psmID,Crosslinker,Score,isDecoy,isTT,isTD,isDD,fdrGroup,fdr,ifdr,PEP,,Protein1FDR,Protein2FDR,LinkFDR,PPIFDR,,link id,ppi id,
616,Scan: 23074 Run:  P1_K.MDGTEELLVKLNR.E P2_K.MDGTEELLVKLNR.E 10 10;Scan: 23297 Run:  P1_K.MDGTEELLVKLNR.E P2_K.MDGTEELLVKLNR.E 10 10,Cas9,,,false,Cas9,Cas9,,false,MDGTEELLVKLNR,MDGTEELLVKLNR,387,387,10,10,396,396,TT - T - MDGTEELLVKLNR xl T - MDGTEELLVKLNR;TT - T - MDGTEELLVKLNR xl T - MDGTEELLVKLNR,BS3,31.649,false,true,false,false,Self ,0,0,0.004,,0,0,0,0,,326,0,24.58
563,Scan: 13013 Run:  P1_K.LVDSTDKADLR.L P2_K.LVDSTDKADLR.L 7 7;Scan: 12945 Run:  P1_K.LVDSTDKADLR.L P2_K.LVDSTDKADLR.L 7 7,Cas9,,,false,Cas9,Cas9,,false,LVDSTDKADLR,LVDSTDKADLR,146,146,7,7,152,152,TT - T - LVDSTDKADLR xl T - LVDSTDKADLR;TT - T - LVDSTDKADLR xl T - LVDSTDKADLR,BS3,30.722,false,true,false,false,Self ,0,0,0.004,,0,0,0,0,,356,0,25.804
508,Scan: 11699 Run:  P1_K.SDNVPSEEVVKK.M P2_K.LVDSTDKADLR.L 11 7;Scan: 11740 Run:  P1_K.SDNVPSEEVVKK.M P2_K.LVDSTDKADLR.L 11 7,Cas9,,,false,Cas9,Cas9,,false,SDNVPSEEVVKK,LVDSTDKADLR,871,146,11,7,881,152,TT - T - SDNVPSEEVVKK xl T - LVDSTDKADLR;TT - T - SDNVPSEEVVKK xl T - LVDSTDKADLR,BS3,30.218,false,true,false,false,Self ,0,0,0.004,,0,0,0,0,,355,0,26.437
543,Scan: 20089 Run:  P1_K.VVDELVKVMoxGR.H P2_K.VVDELVKVMGR.H 7 7;Scan: 20101 Run:  P1_K.VVDELVKVMoxGR.H P2_K.VVDELVKVMGR.H 7 7,Cas9,,,false,Cas9,Cas9,,false,VVDELVKVMGR,VVDELVKVMoxGR,747,747,7,7,753,753,TT - T - VVDELVKVMoxGR xl T - VVDELVKVMGR;TT - T - VVDELVKVMGR xl T - VVDELVKVMoxGR,BS3,29.422,false,true,false,false,Self ,0,0,0.004,,0,0,0,0,,350,0,24.746
462,Scan: 20222 Run:  P1_R.GGLSELDKAGFIK.R P2_R.GGLSELDKAGFIK.R 8 8;Scan: 20217 Run:  P1_R.GGLSELDKAGFIK.R P2_R.GGLSELDKAGFIK.R 8 8,Cas9,,,false,Cas9,Cas9,,false,GGLSELDKAGFIK,GGLSELDKAGFIK,910,910,8,8,917,917,TT - T - GGLSELDKAGFIK xl T - GGLSELDKAGFIK;TT - T - GGLSELDKAGFIK xl T - GGLSELDKAGFIK,BS3,29.285,false,true,false,false,Self ,0,0,0.004,,0,0,0,0,,353,0,26.134
605,Scan: 14292 Run:  P1_R.MTNFDKNLPNEK.V P2_R.MTNFDKNLPNEK.V 6 6;Scan: 14265 Run:  P1_R.MTNFDKNLPNEK.V P2_R.MTNFDKNLPNEK.V 6 6,Cas9,,,false,Cas9,Cas9,,false,MTNFDKNLPNEK,MTNFDKNLPNEK,499,499,6,6,504,504,TT - T - MTNFDKNLPNEK xl T - MTNFDKNLPNEK;TT - T - MTNFDKNLPNEK xl T - MTNFDKNLPNEK,BS3,28.411,false,true,false,false,Self ,0,0.001,0.004,,0,0,0,0,,275,0,20.819
521,Scan: 17352 Run:  P1_K.VVDELVKVMGR.H P2_R.KPAFLSGEQK.K 7 1;Scan: 17363 Run:  P1_K.VVDELVKVMGR.H P2_R.KPAFLSGEQK.K 7 1,Cas9,,,false,Cas9,Cas9,,false,VVDELVKVMGR,KPAFLSGEQK,747,540,7,1,753,540,TT - T - VVDELVKVMGR xl T - KPAFLSGEQK;TT - T - VVDELVKVMGR xl T - KPAFLSGEQK,BS3,28.126,false,true,false,false,Self ,0,0.001,0.004,,0,0,0,0,,264,0,23.823
458,Scan: 20062 Run:  P1_K.VVDELVKVMGR.H P2_K.VVDELVKVMGR.H 7 7;Scan: 20067 Run:  P1_K.VVDELVKVMGR.H P2_K.VVDELVKVMGR.H 7 7,Cas9,,,false,Cas9,Cas9,,false,VVDELVKVMGR,VVDELVKVMGR,747,747,7,7,753,753,TT - T - VVDELVKVMGR xl T - VVDELVKVMGR;TT - T - VVDELVKVMGR xl T - VVDELVKVMGR,BS3,28.091,false,true,false,false,Self ,0,0.001,0.004,,0,0,0,0,,350,0,24.861
493,Scan: 21707 Run:  P1_K.MDGTEELLVKLNR.E P2_R.GGLSELDKAGFIK.R 10 8;Scan: 21822 Run:  P1_K.MDGTEELLVKLNR.E P2_R.GGLSELDKAGFIK.R 10 8,Cas9,,,false,Cas9,Cas9,,false,MDGTEELLVKLNR,GGLSELDKAGFIK,387,910,10,8,396,917,TT - T - MDGTEELLVKLNR xl T - GGLSELDKAGFIK;TT - T - MDGTEELLVKLNR xl T - GGLSELDKAGFIK,BS3,27.699,false,true,false,false,Self ,0,0.001,0.004,,0,0,0,0,,243,0,23.825
548,Scan: 14580 Run:  P1_K.SKLVSDFR.K P2_R.MTNFDKNLPNEK.V 2 6;Scan: 14691 Run:  P1_K.SKLVSDFR.K P2_R.MTNFDKNLPNEK.V 2 6,Cas9,,,false,Cas9,Cas9,,false,MTNFDKNLPNEK,SKLVSDFR,499,964,6,2,504,965,TT - T - MTNFDKNLPNEK xl T - SKLVSDFR;TT - T - MTNFDKNLPNEK xl T - SKLVSDFR,BS3,27.521,false,true,false,false,Self ,0,0.001,0.004,,0,0,0,0,,316,0,22.308
667,Scan: 19140 Run:  P1_K.KIECcmFDSVEISGVEDR.F P2_K.KIECcmFDSVEISGVEDR.F 1 1,Cas9,,,false,Cas9,Cas9,,false,KIECcmFDSVEISGVEDR,KIECcmFDSVEISGVEDR,575,575,1,1,575,575,TT - T - KIECcmFDSVEISGVEDR xl T - KIECcmFDSVEISGVEDR,BS3,27.268,false,true,false,false,Self ,0,0.001,0.004,,0,0,0,0,,347,0,27.268
383,Scan: 7923 Run:  P1_K.SEQEIGKATAK.Y P2_K.SEQEIGKATAK.Y 7 7;Scan: 7921 Run:  P1_K.SEQEIGKATAK.Y P2_K.SEQEIGKATAK.Y 7 7,Cas9,,,false,Cas9,Cas9,,false,SEQEIGKATAK,SEQEIGKATAK,1029,1029,7,7,1035,1035,TT - T - SEQEIGKATAK xl T - SEQEIGKATAK;TT - T - SEQEIGKATAK xl T - SEQEIGKATAK,BS3,27.151,false,true,false,false,Self ,0,0.001,0.004,,0,0,0,0,,346,0,24.743
405,Scan: 15867 Run:  P1_K.MIAKSEQEIGK.A P2_K.DFQFYKVR.E 4 6;Scan: 15746 Run:  P1_K.MIAKSEQEIGK.A P2_K.DFQFYKVR.E 4 6,Cas9,,,false,Cas9,Cas9,,false,MIAKSEQEIGK,DFQFYKVR,1025,973,4,6,1028,978,TT - T - MIAKSEQEIGK xl T - DFQFYKVR;TT - T - MIAKSEQEIGK xl T - DFQFYKVR,BS3,27.041,false,true,false,false,Self ,0,0.001,0.004,,0,0,0,0,,312,0,24.473
485,Scan: 14888 Run:  P1_R.NSDKLIAR.K P2_K.DDSIDNKVLTR.S 4 7;Scan: 14241 Run:  P1_R.NSDKLIAR.K P2_K.DDSIDNKVLTR.S 4 7,Cas9,,,false,Cas9,Cas9,,false,DDSIDNKVLTR,NSDKLIAR,853,1119,7,4,859,1122,TT - T - DDSIDNKVLTR xl T - NSDKLIAR;TT - T - DDSIDNKVLTR xl T - NSDKLIAR,BS3,26.442,false,true,false,false,Self ,0,0.001,0.004,,0,0,0,0,,344,0,22.57
403,Scan: 19413 Run:  P1_K.NPIDFLEAKGYK.E P2_K.APLSASMIKR.Y 9 9;Scan: 19419 Run:  P1_K.NPIDFLEAKGYK.E P2_K.APLSASMIKR.Y 9 9,Cas9,,,false,Cas9,Cas9,,false,APLSASMIKR,NPIDFLEAKGYK,319,1181,9,9,327,1189,TT - T - NPIDFLEAKGYK xl T - APLSASMIKR;TT - T - APLSASMIKR xl T - NPIDFLEAKGYK,BS3,26.145,false,true,false,false,Self ,0,0.001,0.004,,0,0,0,0,,172,0,23.489
293,Scan: 10524 Run:  P1_K.SDNVPSEEVVKK.M P2_K.SDNVPSEEVVKK.M 11 11;Scan: 10828 Run:  P1_K.SDNVPSEEVVKK.M P2_K.SDNVPSEEVVKK.M 11 11,Cas9,,,false,Cas9,Cas9,,false,SDNVPSEEVVKK,SDNVPSEEVVKK,871,871,11,11,881,881,TT - T - SDNVPSEEVVKK xl T - SDNVPSEEVVKK;TT - T - SDNVPSEEVVKK xl T - SDNVPSEEVVKK,BS3,25.985,false,true,false,false,Self ,0,0.001,0.004,,0,0,0,0,,342,0,24.337
406,Scan: 13098 Run:  P1_K.YDENDKLIR.E P2_K.FDNLTKAER.G 6 6;Scan: 13259 Run:  P1_K.YDENDKLIR.E P2_K.FDNLTKAER.G 6 6,Cas9,,,false,Cas9,Cas9,,false,FDNLTKAER,YDENDKLIR,901,947,6,6,906,952,TT - T - FDNLTKAER xl T - YDENDKLIR;TT - T - FDNLTKAER xl T - YDENDKLIR,BS3,25.616,false,true,false,false,Self ,0,0.001,0.004,,0,0,0,0,,341,0,22.888
575,Scan: 17175 Run:  P1_K.TEVQTGGFSKESILPK.R P2_K.APLSASMIKR.Y 10 9;Scan: 17156 Run:  P1_K.TEVQTGGFSKESILPK.R P2_K.APLSASMIKR.Y 10 9,Cas9,,,false,Cas9,Cas9,,false,TEVQTGGFSKESILPK,APLSASMIKR,1102,319,10,9,1111,327,TT - T - TEVQTGGFSKESILPK xl T - APLSASMIKR;TT - T - TEVQTGGFSKESILPK xl T - APLSASMIKR,BS3,25.509,false,true,false,false,Self ,0,0.001,0.004,,0,0,0,0,,157,0,18.814
364,Scan: 15626 Run:  P1_K.MKNYWR.Q P2_K.DDSIDNKVLTR.S 2 7;Scan: 15629 Run:  P1_K.MKNYWR.Q P2_K.DDSIDNKVLTR.S 2 7,Cas9,,,false,Cas9,Cas9,,false,DDSIDNKVLTR,MKNYWR,853,883,7,2,859,884,TT - T - DDSIDNKVLTR xl T - MKNYWR;TT - T - DDSIDNKVLTR xl T - MKNYWR,BS3,25.379,false,true,false,false,Self ,0,0.001,0.004,,0,0,0,0,,52,0,23.011
425,Scan: 17971 Run:  P1_K.YDENDKLIR.E P2_K.DFQFYKVR.E 6 6;Scan: 17975 Run:  P1_K.YDENDKLIR.E P2_K.DFQFYKVR.E 6 6,Cas9,,,false,Cas9,Cas9,,false,DFQFYKVR,YDENDKLIR,973,947,6,6,978,952,TT - T - DFQFYKVR xl T - YDENDKLIR;TT - T - DFQFYKVR xl T - YDENDKLIR,BS3,25.363,false,true,false,false,Self ,0,0.001,0.004,,0,0,0,0,,338,0,22.369
523,Scan: 13973 Run:  P1_R.KPAFLSGEQK.K P2_R.KPAFLSGEQK.K 1 1;Scan: 13969 Run:  P1_R.KPAFLSGEQK.K P2_R.KPAFLSGEQK.K 1 1,Cas9,,,false,Cas9,Cas9,,false,KPAFLSGEQK,KPAFLSGEQK,540,540,1,1,540,540,TT - T - KPAFLSGEQK xl T - KPAFLSGEQK;TT - T - KPAFLSGEQK xl T - KPAFLSGEQK,BS3,24.865,false,true,false,false,Self ,0,0.001,0.004,,0,0,0,0,,337,0,19.787
659,Scan: 21844 Run:  P1_K.LVDSTDKADLR.L P2_K.KNLIGALLFDSGETAEATR.L 7 1,Cas9,,,false,Cas9,Cas9,,false,KNLIGALLFDSGETAEATR,LVDSTDKADLR,49,146,1,7,49,152,TT - T - KNLIGALLFDSGETAEATR xl T - LVDSTDKADLR,BS3,24.482,false,true,false,false,Self ,0,0.001,0.004,,0,0,0,0,,336,0,24.482
657,Scan: 20028 Run:  P1_R.MLASAGELQKGNELALPSK.Y P2_K.LESEFVYGDYKVYDVR.K 10 11,Cas9,,,false,Cas9,Cas9,,false,MLASAGELQKGNELALPSK,LESEFVYGDYKVYDVR,1217,1008,10,11,1226,1018,TT - T - MLASAGELQKGNELALPSK xl T - LESEFVYGDYKVYDVR,BS3,24.434,false,true,false,false,Self ,0,0.001,0.004,,0,0,0,0,,335,0,24.434
381,Scan: 16093 Run:  P1_R.VNTEITKAPLSASMIK.R P2_K.ESILPKR.N 7 6;Scan: 16174 Run:  P1_R.VNTEITKAPLSASMIK.R P2_K.ESILPKR.N 7 6,Cas9,,,false,Cas9,Cas9,,false,VNTEITKAPLSASMIK,ESILPKR,312,1112,7,6,318,1117,TT - T - VNTEITKAPLSASMIK xl T - ESILPKR;TT - T - VNTEITKAPLSASMIK xl T - ESILPKR,BS3,24.424,false,true,false,false,Self ,0,0.001,0.004,,0,0,0,0,,334,0,21.731
368,Scan: 15182 Run:  P1_K.LVDSTDKADLR.L P2_R.KDFQFYK.V 7 1;Scan: 15147 Run:  P1_K.LVDSTDKADLR.L P2_R.KDFQFYK.V 7 1,Cas9,,,false,Cas9,Cas9,,false,LVDSTDKADLR,KDFQFYK,146,972,7,1,152,972,TT - T - LVDSTDKADLR xl T - KDFQFYK;TT - T - LVDSTDKADLR xl T - KDFQFYK,BS3,24.192,false,true,false,false,Self ,0,0.002,0.004,,0,0,0,0,,333,0,21.654
476,Scan: 10493 Run:  P1_K.SEQEIGKATAK.Y P2_K.FKVLGNTDR.H 7 2;Scan: 10407 Run:  P1_K.SEQEIGKATAK.Y P2_K.FKVLGNTDR.H 7 2,Cas9,,,false,Cas9,Cas9,,false,FKVLGNTDR,SEQEIGKATAK,36,1029,2,7,37,1035,TT - T - SEQEIGKATAK xl T - FKVLGNTDR;TT - T - FKVLGNTDR xl T - SEQEIGKATAK,BS3,24.186,false,true,false,false,Self ,0,0.002,0.004,,0,0,0,0,,332,0,19.973
444,Scan: 14641 Run:  P1_K.YDENDKLIR.E P2_K.YDENDKLIR.E 6 6;Scan: 14638 Run:  P1_K.YDENDKLIR.E P2_K.YDENDKLIR.E 6 6,Cas9,,,false,Cas9,Cas9,,false,YDENDKLIR,YDENDKLIR,947,947,6,6,952,952,TT - T - YDENDKLIR xl T - YDENDKLIR;TT - T - YDENDKLIR xl T - YDENDKLIR,BS3,24.053,false,true,false,false,Self ,0,0.002,0.004,,0,0,0,0,,331,0,20.539
655,Scan: 18440 Run:  P1_R.MLASAGELQKGNELALPSK.Y P2_R.MLASAGELQKGNELALPSK.Y 10 10,Cas9,,,false,Cas9,Cas9,,false,MLASAGELQKGNELALPSK,MLASAGELQKGNELALPSK,1217,1217,10,10,1226,1226,TT - T - MLASAGELQKGNELALPSK xl T - MLASAGELQKGNELALPSK,BS3,24.001,false,true,false,false,Self ,0,0.002,0.004,,0,0,0,0,,207,0,24.001
417,Scan: 16575 Run:  P1_K.FDNLTKAER.G P2_K.DFQFYKVR.E 6 6;Scan: 16574 Run:  P1_K.FDNLTKAER.G P2_K.DFQFYKVR.E 6 6,Cas9,,,false,Cas9,Cas9,,false,FDNLTKAER,DFQFYKVR,901,973,6,6,906,978,TT - T - FDNLTKAER xl T - DFQFYKVR;TT - T - FDNLTKAER xl T - DFQFYKVR,BS3,23.984,false,true,false,false,Self ,0,0.002,0.004,,0,0,0,0,,329,0,20.914
471,Scan: 21697 Run:  P1_K.TILDFLKSDGFANR.N P2_K.FDNLTKAER.G 7 6;Scan: 21689 Run:  P1_K.TILDFLKSDGFANR.N P2_K.FDNLTKAER.G 7 6,Cas9,,,false,Cas9,Cas9,,false,TILDFLKSDGFANR,FDNLTKAER,682,901,7,6,688,906,TT - T - TILDFLKSDGFANR xl T - FDNLTKAER;TT - T - TILDFLKSDGFANR xl T - FDNLTKAER,BS3,23.895,false,true,false,false,Self ,0,0.002,0.004,,0,0,0,0,,328,0,19.69
652,Scan: 19231 Run:  P1_K.VVDELVKVMGR.H P2_R.MLASAGELQKGNELALPSK.Y 7 10,Cas9,,,false,Cas9,Cas9,,false,MLASAGELQKGNELALPSK,VVDELVKVMGR,1217,747,10,7,1226,753,TT - T - MLASAGELQKGNELALPSK xl T - VVDELVKVMGR,BS3,23.783,false,true,false,false,Self ,0,0.002,0.004,,0,0,0,0,,314,0,23.783
651,Scan: 22531 Run:  P1_K.MoxDGTEELLVKLNR.E P2_K.MDGTEELLVKLNR.E 10 10,Cas9,,,false,Cas9,Cas9,,false,MDGTEELLVKLNR,MoxDGTEELLVKLNR,387,387,10,10,396,396,TT - T - MDGTEELLVKLNR xl T - MoxDGTEELLVKLNR,BS3,23.77,false,true,false,false,Self ,0,0.002,0.004,,0,0,0,0,,326,0,23.77
333,Scan: 20125 Run:  P1_R.LEESFLVEEDKK.H P2_R.LEESFLVEEDKK.H 11 11;Scan: 17827 Run:  P1_R.LEESFLVEEDKK.H P2_R.LEESFLVEEDKK.H 11 11,Cas9,,,false,Cas9,Cas9,,false,LEESFLVEEDKK,LEESFLVEEDKK,105,105,11,11,115,115,TT - T - LEESFLVEEDKK xl T - LEESFLVEEDKK;TT - T - LEESFLVEEDKK xl T - LEESFLVEEDKK,BS3,23.597,false,true,false,false,Self ,0,0.002,0.004,,0,0,0,0,,325,0,21.392
650,Scan: 16848 Run:  P1_R.MLASAGELQKGNELALPSK.Y P2_R.KPAFLSGEQK.K 10 1,Cas9,,,false,Cas9,Cas9,,false,MLASAGELQKGNELALPSK,KPAFLSGEQK,1217,540,10,1,1226,540,TT - T - MLASAGELQKGNELALPSK xl T - KPAFLSGEQK,BS3,23.544,false,true,false,false,Self ,0,0.002,0.004,,0,0,0,0,,159,0,23.544
340,Scan: 11174 Run:  P1_K.MIAKSEQEIGK.A P2_K.FDNLTKAER.G 4 6;Scan: 11172 Run:  P1_K.MIAKSEQEIGK.A P2_K.FDNLTKAER.G 4 6,Cas9,,,false,Cas9,Cas9,,false,MIAKSEQEIGK,FDNLTKAER,1025,901,4,6,1028,906,TT - T - MIAKSEQEIGK xl T - FDNLTKAER;TT - T - MIAKSEQEIGK xl T - FDNLTKAER,BS3,23.457,false,true,false,false,Self ,0,0.002,0.004,,0,0,0,0,,219,0,21.112
323,Scan: 13606 Run:  P1_R.KFDNLTK.A P2_K.APLSASMIKR.Y 1 9;Scan: 13491 Run:  P1_R.KFDNLTK.A P2_K.APLSASMIKR.Y 1 9,Cas9,,,false,Cas9,Cas9,,false,APLSASMIKR,KFDNLTK,319,900,9,1,327,900,TT - T - APLSASMIKR xl T - KFDNLTK;TT - T - APLSASMIKR xl T - KFDNLTK,BS3,23.399,false,true,false,false,Self ,0,0.002,0.004,,0,0,0,0,,205,0,21.261
424,Scan: 10664 Run:  P1_R.NSDKLIAR.K P2_R.NSDKLIAR.K 4 4;Scan: 11013 Run:  P1_R.NSDKLIAR.K P2_R.NSDKLIAR.K 4 4,Cas9,,,false,Cas9,Cas9,,false,NSDKLIAR,NSDKLIAR,1119,1119,4,4,1122,1122,TT - T - NSDKLIAR xl T - NSDKLIAR;TT - T - NSDKLIAR xl T - NSDKLIAR,BS3,23.392,false,true,false,false,Self ,0,0.002,0.004,,0,0,0,0,,321,0,20.131
500,Scan: 11415 Run:  P1_R.NSDKLIAR.K P2_K.KGILQTVK.V 4 1;Scan: 11413 Run:  P1_R.NSDKLIAR.K P2_K.KGILQTVK.V 4 1,Cas9,,,false,Cas9,Cas9,,false,KGILQTVK,NSDKLIAR,739,1119,1,4,739,1122,TT - T - NSDKLIAR xl T - KGILQTVK;TT - T - KGILQTVK xl T - NSDKLIAR,BS3,23.348,false,true,false,false,Self ,0,0.002,0.004,,0,0,0,0,,320,0,18.49
447,Scan: 15126 Run:  P1_K.KGILQTVK.V P2_K.DDSIDNKVLTR.S 1 7;Scan: 15128 Run:  P1_K.KGILQTVK.V P2_K.DDSIDNKVLTR.S 1 7,Cas9,,,false,Cas9,Cas9,,false,DDSIDNKVLTR,KGILQTVK,853,739,7,1,859,739,TT - T - DDSIDNKVLTR xl T - KGILQTVK;TT - T - DDSIDNKVLTR xl T - KGILQTVK,BS3,23.265,false,true,false,false,Self ,0,0.002,0.004,,0,0,0,0,,319,0,19.553
648,Scan: 19277 Run:  P1_K.TEVQTGGFSKESILPK.R P2_K.TEVQTGGFSKESILPK.R 10 10,Cas9,,,false,Cas9,Cas9,,false,TEVQTGGFSKESILPK,TEVQTGGFSKESILPK,1102,1102,10,10,1111,1111,TT - T - TEVQTGGFSKESILPK xl T - TEVQTGGFSKESILPK,BS3,23.212,false,true,false,false,Self ,0,0.002,0.004,,0,0,0,0,,318,0,23.212
647,Scan: 19136 Run:  P1_K.VVDELVKVMoxGR.H P2_R.MLASAGELQKGNELALPSK.Y 7 10,Cas9,,,false,Cas9,Cas9,,false,MLASAGELQKGNELALPSK,VVDELVKVMoxGR,1217,747,10,7,1226,753,TT - T - MLASAGELQKGNELALPSK xl T - VVDELVKVMoxGR,BS3,23.141,false,true,false,false,Self ,0,0.002,0.004,,0,0,0,0,,314,0,23.141
535,Scan: 13845 Run:  P1_K.SKLVSDFR.K P2_R.MoxTNFDKNLPNEK.V 2 6;Scan: 13837 Run:  P1_K.SKLVSDFR.K P2_R.MoxTNFDKNLPNEK.V 2 6,Cas9,,,false,Cas9,Cas9,,false,MoxTNFDKNLPNEK,SKLVSDFR,499,964,6,2,504,965,TT - T - MoxTNFDKNLPNEK xl T - SKLVSDFR;TT - T - MoxTNFDKNLPNEK xl T - SKLVSDFR,BS3,23.021,false,true,false,false,Self ,0,0.002,0.004,,0,0,0,0,,316,0,17.04
375,Scan: 14612 Run:  P1_K.KLVDSTDK.A P2_K.IEKILTFR.I 1 3;Scan: 14595 Run:  P1_K.KLVDSTDK.A P2_K.IEKILTFR.I 1 3,Cas9,,,false,Cas9,Cas9,,false,KLVDSTDK,IEKILTFR,145,444,1,3,145,446,TT - T - IEKILTFR xl T - KLVDSTDK;TT - T - KLVDSTDK xl T - IEKILTFR,BS3,22.966,false,true,false,false,Self ,0,0.002,0.004,,0,0,0,0,,315,0,20.124
644,Scan: 18536 Run:  P1_K.VVDELVKVMGR.H P2_R.MoxLASAGELQKGNELALPSK.Y 7 10,Cas9,,,false,Cas9,Cas9,,false,MoxLASAGELQKGNELALPSK,VVDELVKVMGR,1217,747,10,7,1226,753,TT - T - MoxLASAGELQKGNELALPSK xl T - VVDELVKVMGR,BS3,22.746,false,true,false,false,Self ,0,0.002,0.005,,0,0,0,0,,314,0,22.746
643,Scan: 23019 Run:  P1_R.SSFEKNPIDFLEAK.G P2_K.SNFDLAEDAKLQLSK.D 5 10,Cas9,,,false,Cas9,Cas9,,false,SNFDLAEDAKLQLSK,SSFEKNPIDFLEAK,258,1176,10,5,267,1180,TT - T - SNFDLAEDAKLQLSK xl T - SSFEKNPIDFLEAK,BS3,22.716,false,true,false,false,Self ,0,0.002,0.005,,0,0,0,0,,313,0,22.716
277,Scan: 14844 Run:  P1_K.MoxIAKSEQEIGK.A P2_K.DFQFYKVR.E 4 6;Scan: 15017 Run:  P1_K.MoxIAKSEQEIGK.A P2_K.DFQFYKVR.E 4 6,Cas9,,,false,Cas9,Cas9,,false,MoxIAKSEQEIGK,DFQFYKVR,1025,973,4,6,1028,978,TT - T - MoxIAKSEQEIGK xl T - DFQFYKVR;TT - T - MoxIAKSEQEIGK xl T - DFQFYKVR,BS3,22.661,false,true,false,false,Self ,0,0.002,0.005,,0,0,0,0,,312,0,20.932
376,Scan: 15344 Run:  P1_R.KFDNLTK.A P2_K.FIKPILEK.M 1 3;Scan: 15308 Run:  P1_R.KFDNLTK.A P2_K.FIKPILEK.M 1 3,Cas9,,,false,Cas9,Cas9,,false,FIKPILEK,KFDNLTK,379,900,3,1,381,900,TT - T - FIKPILEK xl T - KFDNLTK;TT - T - FIKPILEK xl T - KFDNLTK,BS3,22.599,false,true,false,false,Self ,0,0.002,0.005,,0,0,0,0,,311,0,19.697
519,Scan: 11111 Run:  P1_K.VKYVTEGMR.K P2_R.GKSDNVPSEEVVK.K 2 2;Scan: 11105 Run:  P1_K.VKYVTEGMR.K P2_R.GKSDNVPSEEVVK.K 2 2,Cas9,,,false,Cas9,Cas9,,false,GKSDNVPSEEVVK,VKYVTEGMR,869,531,2,2,870,532,TT - T - GKSDNVPSEEVVK xl T - VKYVTEGMR;TT - T - GKSDNVPSEEVVK xl T - VKYVTEGMR,BS3,22.544,false,true,false,false,Self ,0,0.002,0.005,,0,0,0,0,,211,0,16.915
395,Scan: 12020 Run:  P1_K.KGILQTVK.V P2_K.KGILQTVK.V 1 1;Scan: 12018 Run:  P1_K.KGILQTVK.V P2_K.KGILQTVK.V 1 1,Cas9,,,false,Cas9,Cas9,,false,KGILQTVK,KGILQTVK,739,739,1,1,739,739,TT - T - KGILQTVK xl T - KGILQTVK;TT - T - KGILQTVK xl T - KGILQTVK,BS3,22.393,false,true,false,false,Self ,0,0.002,0.005,,0,0,0,0,,309,0,19.289
459,Scan: 21055 Run:  P1_K.KNLIGALLFDSGETAEATR.L P2_K.AGFIKR.Q 1 5;Scan: 21052 Run:  P1_K.KNLIGALLFDSGETAEATR.L P2_K.AGFIKR.Q 1 5,Cas9,,,false,Cas9,Cas9,,false,KNLIGALLFDSGETAEATR,AGFIKR,49,918,1,5,49,922,TT - T - KNLIGALLFDSGETAEATR xl T - AGFIKR;TT - T - KNLIGALLFDSGETAEATR xl T - AGFIKR,BS3,22.314,false,true,false,false,Self ,0,0.002,0.005,,0,0,0,0,,308,0,18.013
540,Scan: 20161 Run:  P1_K.QLKEDYFK.K P2_K.MDGTEELLVKLNR.E 3 10;Scan: 20272 Run:  P1_K.QLKEDYFK.K P2_K.MDGTEELLVKLNR.E 3 10,Cas9,,,false,Cas9,Cas9,,false,MDGTEELLVKLNR,QLKEDYFK,387,567,10,3,396,569,TT - T - MDGTEELLVKLNR xl T - QLKEDYFK;TT - T - MDGTEELLVKLNR xl T - QLKEDYFK,BS3,22.238,false,true,false,false,Self ,0,0.002,0.005,,0,0,0,0,,147,0,15.765
431,Scan: 11557 Run:  P1_K.VKYVTEGMR.K P2_K.VKYVTEGMR.K 2 2;Scan: 11550 Run:  P1_K.VKYVTEGMR.K P2_K.VKYVTEGMR.K 2 2,Cas9,,,false,Cas9,Cas9,,false,VKYVTEGMR,VKYVTEGMR,531,531,2,2,532,532,TT - T - VKYVTEGMR xl T - VKYVTEGMR;TT - T - VKYVTEGMR xl T - VKYVTEGMR,BS3,22.108,false,true,false,false,Self ,0,0.002,0.005,,0,0,0,0,,196,0,18.533
639,Scan: 23454 Run:  P1_K.TILDFLKSDGFANR.N P2_K.KIECcmFDSVEISGVEDR.F 7 1,Cas9,,,false,Cas9,Cas9,,false,KIECcmFDSVEISGVEDR,TILDFLKSDGFANR,575,682,1,7,575,688,TT - T - KIECcmFDSVEISGVEDR xl T - TILDFLKSDGFANR,BS3,22.103,false,true,false,false,Self ,0,0.002,0.005,,0,0,0,0,,305,0,22.103
385,Scan: 11697 Run:  P1_K.FDNLTKAER.G P2_K.FDNLTKAER.G 6 6;Scan: 11701 Run:  P1_K.FDNLTKAER.G P2_K.FDNLTKAER.G 6 6,Cas9,,,false,Cas9,Cas9,,false,FDNLTKAER,FDNLTKAER,901,901,6,6,906,906,TT - T - FDNLTKAER xl T - FDNLTKAER;TT - T - FDNLTKAER xl T - FDNLTKAER,BS3,21.91,false,true,false,false,Self ,0,0.002,0.005,,0,0,0,0,,304,0,18.809
420,Scan: 20615 Run:  P1_R.QLLNAKLITQR.K P2_K.MDGTEELLVKLNR.E 6 10;Scan: 20593 Run:  P1_R.QLLNAKLITQR.K P2_K.MDGTEELLVKLNR.E 6 10,Cas9,,,false,Cas9,Cas9,,false,MDGTEELLVKLNR,QLLNAKLITQR,387,889,10,6,396,894,TT - T - MDGTEELLVKLNR xl T - QLLNAKLITQR;TT - T - MDGTEELLVKLNR xl T - QLLNAKLITQR,BS3,21.888,false,true,false,false,Self ,0,0.002,0.005,,0,0,0,0,,303,0,18.425
638,Scan: 20803 Run:  P1_K.VVDELVKVMGR.H P2_K.LESEFVYGDYKVYDVR.K 7 11,Cas9,,,false,Cas9,Cas9,,false,LESEFVYGDYKVYDVR,VVDELVKVMGR,1008,747,11,7,1018,753,TT - T - LESEFVYGDYKVYDVR xl T - VVDELVKVMGR,BS3,21.793,false,true,false,false,Self ,0,0.002,0.005,,0,0,0,0,,295,0,21.793
463,Scan: 16278 Run:  P1_R.YDEHHQDLTLLKALVR.Q P2_K.SEQEIGKATAK.Y 12 7;Scan: 16284 Run:  P1_R.YDEHHQDLTLLKALVR.Q P2_K.SEQEIGKATAK.Y 12 7,Cas9,,,false,Cas9,Cas9,,false,YDEHHQDLTLLKALVR,SEQEIGKATAK,329,1029,12,7,340,1035,TT - T - SEQEIGKATAK xl T - YDEHHQDLTLLKALVR;TT - T - YDEHHQDLTLLKALVR xl T - SEQEIGKATAK,BS3,21.672,false,true,false,false,Self ,0,0.002,0.005,,0,0,0,0,,301,0,17.132
400,Scan: 14673 Run:  P1_K.SEQEIGKATAK.Y P2_K.DLIIKLPK.Y 7 5;Scan: 14670 Run:  P1_K.SEQEIGKATAK.Y P2_K.DLIIKLPK.Y 7 5,Cas9,,,false,Cas9,Cas9,,false,SEQEIGKATAK,DLIIKLPK,1029,1197,7,5,1035,1201,TT - T - SEQEIGKATAK xl T - DLIIKLPK;TT - T - SEQEIGKATAK xl T - DLIIKLPK,BS3,21.653,false,true,false,false,Self ,0,0.002,0.005,,0,0,0,0,,300,0,18.374
635,Scan: 19769 Run:  P1_R.MTNFDKNLPNEK.V P2_R.KSEETITPWNFEEVVDK.G 6 1,Cas9,,,false,Cas9,Cas9,,false,KSEETITPWNFEEVVDK,MTNFDKNLPNEK,472,499,1,6,472,504,TT - T - KSEETITPWNFEEVVDK xl T - MTNFDKNLPNEK,BS3,21.647,false,true,false,false,Self ,0,0.002,0.005,,0,0,0,0,,299,0,21.647
466,Scan: 16723 Run:  P1_K.MDGTEELLVKLNR.E P2_R.EKIEK.I 10 2;Scan: 16716 Run:  P1_K.MDGTEELLVKLNR.E P2_R.EKIEK.I 10 2,Cas9,,,false,Cas9,Cas9,,false,MDGTEELLVKLNR,EKIEK,387,442,10,2,396,443,TT - T - MDGTEELLVKLNR xl T - EKIEK;TT - T - MDGTEELLVKLNR xl T - EKIEK,BS3,21.621,false,true,false,false,Self ,0,0.002,0.005,,0,0,0,0,,140,0,17.002
634,Scan: 22872 Run:  P1_R.SSFEKNPIDFLEAK.G P2_R.IEEGIKELGSQILK.E 5 6,Cas9,,,false,Cas9,Cas9,,false,SSFEKNPIDFLEAK,IEEGIKELGSQILK,1176,788,5,6,1180,793,TT - T - SSFEKNPIDFLEAK xl T - IEEGIKELGSQILK,BS3,21.596,false,true,false,false,Self ,0,0.002,0.005,,0,0,0,0,,297,0,21.596
267,Scan: 13615 Run:  P1_R.HKPENIVIEMAR.E P2_K.FDNLTKAER.G 2 6;Scan: 13549 Run:  P1_R.HKPENIVIEMAR.E P2_K.FDNLTKAER.G 2 6,Cas9,,,false,Cas9,Cas9,,false,HKPENIVIEMAR,FDNLTKAER,758,901,2,6,759,906,TT - T - HKPENIVIEMAR xl T - FDNLTKAER;TT - T - HKPENIVIEMAR xl T - FDNLTKAER,BS3,21.568,false,true,false,false,Self ,0,0.002,0.005,,0,0,0,0,,229,0,19.921
633,Scan: 20829 Run:  P1_K.VVDELVKVMoxGR.H P2_K.LESEFVYGDYKVYDVR.K 7 11,Cas9,,,false,Cas9,Cas9,,false,LESEFVYGDYKVYDVR,VVDELVKVMoxGR,1008,747,11,7,1018,753,TT - T - LESEFVYGDYKVYDVR xl T - VVDELVKVMoxGR,BS3,21.519,false,true,false,false,Self ,0,0.002,0.005,,0,0,0,0,,295,0,21.519
512,Scan: 18530 Run:  P1_R.SSFEKNPIDFLEAK.G P2_K.KLVDSTDK.A 5 1;Scan: 18659 Run:  P1_R.SSFEKNPIDFLEAK.G P2_K.KLVDSTDK.A 5 1,Cas9,,,false,Cas9,Cas9,,false,SSFEKNPIDFLEAK,KLVDSTDK,1176,145,5,1,1180,145,TT - T - SSFEKNPIDFLEAK xl T - KLVDSTDK;TT - T - SSFEKNPIDFLEAK xl T - KLVDSTDK,BS3,21.469,false,true,false,false,Self ,0,0.002,0.005,,0,0,0,0,,294,0,15.61
339,Scan: 14773 Run:  P1_K.SKLVSDFR.K P2_K.SKLVSDFR.K 2 2;Scan: 14818 Run:  P1_K.SKLVSDFR.K P2_K.SKLVSDFR.K 2 2,Cas9,,,false,Cas9,Cas9,,false,SKLVSDFR,SKLVSDFR,964,964,2,2,965,965,TT - T - SKLVSDFR xl T - SKLVSDFR;TT - T - SKLVSDFR xl T - SKLVSDFR,BS3,21.394,false,true,false,false,Self ,0,0.002,0.005,,0,0,0,0,,293,0,18.802
631,Scan: 16865 Run:  P1_R.QEDFYPFLKDNR.E P2_R.GKSDNVPSEEVVK.K 9 2,Cas9,,,false,Cas9,Cas9,,false,GKSDNVPSEEVVK,QEDFYPFLKDNR,869,430,2,9,870,438,TT - T - GKSDNVPSEEVVK xl T - QEDFYPFLKDNR,BS3,21.348,false,true,false,false,Self ,0,0.002,0.005,,0,0,0,0,,292,0,21.348
438,Scan: 13226 Run:  P1_K.KGILQTVK.V P2_K.KDLIIK.L 1 1;Scan: 13234 Run:  P1_K.KGILQTVK.V P2_K.KDLIIK.L 1 1,Cas9,,,false,Cas9,Cas9,,false,KGILQTVK,KDLIIK,739,1196,1,1,739,1196,TT - T - KGILQTVK xl T - KDLIIK;TT - T - KGILQTVK xl T - KDLIIK,BS3,21.214,false,true,false,false,Self ,0,0.002,0.005,,0,0,0,0,,291,0,17.235
629,Scan: 20607 Run:  P1_K.SDNVPSEEVVKK.M P2_K.KNLIGALLFDSGETAEATR.L 11 1,Cas9,,,false,Cas9,Cas9,,false,KNLIGALLFDSGETAEATR,SDNVPSEEVVKK,49,871,1,11,49,881,TT - T - KNLIGALLFDSGETAEATR xl T - SDNVPSEEVVKK,BS3,21.146,false,true,false,false,Self ,0,0.002,0.005,,0,0,0,0,,290,0,21.146
426,Scan: 12959 Run:  P1_K.MIAKSEQEIGK.A P2_R.HKPENIVIEMAR.E 4 2;Scan: 12881 Run:  P1_K.MIAKSEQEIGK.A P2_R.HKPENIVIEMAR.E 4 2,Cas9,,,false,Cas9,Cas9,,false,MIAKSEQEIGK,HKPENIVIEMAR,1025,758,4,2,1028,759,TT - T - HKPENIVIEMAR xl T - MIAKSEQEIGK;TT - T - MIAKSEQEIGK xl T - HKPENIVIEMAR,BS3,21.09,false,true,false,false,Self ,0,0.002,0.005,,0,0,0,0,,141,0,17.37
627,Scan: 18180 Run:  P1_R.VNTEITKAPLSASMIK.R P2_R.VNTEITKAPLSASMIK.R 7 7,Cas9,,,false,Cas9,Cas9,,false,VNTEITKAPLSASMIK,VNTEITKAPLSASMIK,312,312,7,7,318,318,TT - T - VNTEITKAPLSASMIK xl T - VNTEITKAPLSASMIK,BS3,21.082,false,true,false,false,Self ,0,0.002,0.005,,0,0,0,0,,288,0,21.082
423,Scan: 12915 Run:  P1_K.TEVQTGGFSKESILPK.R P2_R.SDKNR.G 10 3;Scan: 12944 Run:  P1_K.TEVQTGGFSKESILPK.R P2_R.SDKNR.G 10 3,Cas9,,,false,Cas9,Cas9,,false,TEVQTGGFSKESILPK,SDKNR,1102,864,10,3,1111,866,TT - T - TEVQTGGFSKESILPK xl T - SDKNR;TT - T - TEVQTGGFSKESILPK xl T - SDKNR,BS3,21.018,false,true,false,false,Self ,0,0.002,0.005,,0,0,0,0,,287,0,17.364
292,Scan: 12273 Run:  P1_K.SKLVSDFR.K P2_R.QQLPEKYK.E 2 6;Scan: 12188 Run:  P1_K.SKLVSDFR.K P2_R.QQLPEKYK.E 2 6,Cas9,,,false,Cas9,Cas9,,false,SKLVSDFR,QQLPEKYK,964,345,2,6,965,350,TT - T - QQLPEKYK xl T - SKLVSDFR;TT - T - SKLVSDFR xl T - QQLPEKYK,BS3,20.938,false,true,false,false,Self ,0,0.002,0.005,,0,0,0,0,,286,0,18.865
501,Scan: 21803 Run:  P1_R.SSFEKNPIDFLEAK.G P2_K.IEKILTFR.I 5 3;Scan: 21795 Run:  P1_R.SSFEKNPIDFLEAK.G P2_K.IEKILTFR.I 5 3,Cas9,,,false,Cas9,Cas9,,false,SSFEKNPIDFLEAK,IEKILTFR,1176,444,5,3,1180,446,TT - T - SSFEKNPIDFLEAK xl T - IEKILTFR;TT - T - SSFEKNPIDFLEAK xl T - IEKILTFR,BS3,20.912,false,true,false,false,Self ,0,0.002,0.005,,0,0,0,0,,285,0,15.271
494,Scan: 14100 Run:  P1_R.QITKHVAQILDSR.M P2_R.MTNFDKNLPNEK.V 4 6;Scan: 14145 Run:  P1_R.QITKHVAQILDSR.M P2_R.MTNFDKNLPNEK.V 4 6,Cas9,,,false,Cas9,Cas9,,false,QITKHVAQILDSR,MTNFDKNLPNEK,930,499,4,6,933,504,TT - T - MTNFDKNLPNEK xl T - QITKHVAQILDSR;TT - T - QITKHVAQILDSR xl T - MTNFDKNLPNEK,BS3,20.831,false,true,false,false,Self ,0,0.002,0.005,,0,0,0,0,,284,0,15.302
440,Scan: 13412 Run:  P1_K.SKLVSDFR.K P2_K.KDWDPK.K 2 1;Scan: 13260 Run:  P1_K.SKLVSDFR.K P2_K.KDWDPK.K 2 1,Cas9,,,false,Cas9,Cas9,,false,SKLVSDFR,KDWDPK,964,1128,2,1,965,1128,TT - T - SKLVSDFR xl T - KDWDPK;TT - T - SKLVSDFR xl T - KDWDPK,BS3,20.828,false,true,false,false,Self ,0,0.002,0.005,,0,0,0,0,,283,0,16.728
392,Scan: 7703 Run:  P1_K.VLSAYNKHR.D P2_K.KLVDSTDK.A 7 1;Scan: 7697 Run:  P1_K.VLSAYNKHR.D P2_K.KLVDSTDK.A 7 1,Cas9,,,false,Cas9,Cas9,,false,KLVDSTDK,VLSAYNKHR,145,1294,1,7,145,1300,TT - T - VLSAYNKHR xl T - KLVDSTDK;TT - T - KLVDSTDK xl T - VLSAYNKHR,BS3,20.776,false,true,false,false,Self ,0,0.002,0.005,,0,0,0,0,,282,0,17.398
265,Scan: 16073 Run:  P1_K.FIKPILEK.M P2_K.APLSASMIKR.Y 3 9;Scan: 15944 Run:  P1_K.FIKPILEK.M P2_K.APLSASMIKR.Y 3 9,Cas9,,,false,Cas9,Cas9,,false,FIKPILEK,APLSASMIKR,379,319,3,9,381,327,TT - T - APLSASMIKR xl T - FIKPILEK;TT - T - FIKPILEK xl T - APLSASMIKR,BS3,20.771,false,true,false,false,Self ,0,0.002,0.005,,0,0,0,0,,105,0,19.067
623,Scan: 23581 Run:  P1_R.SSFEKNPIDFLEAK.G P2_R.SSFEKNPIDFLEAK.G 5 5,Cas9,,,false,Cas9,Cas9,,false,SSFEKNPIDFLEAK,SSFEKNPIDFLEAK,1176,1176,5,5,1180,1180,TT - T - SSFEKNPIDFLEAK xl T - SSFEKNPIDFLEAK,BS3,20.77,false,true,false,false,Self ,0,0.002,0.005,,0,0,0,0,,280,0,20.77
220,Scan: 9932 Run:  P1_K.SEQEIGKATAK.Y P2_K.ESILPKR.N 7 6;Scan: 9935 Run:  P1_K.SEQEIGKATAK.Y P2_K.ESILPKR.N 7 6,Cas9,,,false,Cas9,Cas9,,false,SEQEIGKATAK,ESILPKR,1029,1112,7,6,1035,1117,TT - T - SEQEIGKATAK xl T - ESILPKR;TT - T - SEQEIGKATAK xl T - ESILPKR,BS3,20.747,false,true,false,false,Self ,0,0.002,0.005,,0,0,0,0,,279,0,19.582
230,Scan: 14239 Run:  P1_K.APLSASMoxIKR.Y P2_K.APLSASMIKR.Y 9 9;Scan: 14262 Run:  P1_K.APLSASMoxIKR.Y P2_K.APLSASMIKR.Y 9 9,Cas9,,,false,Cas9,Cas9,,false,APLSASMIKR,APLSASMoxIKR,319,319,9,9,327,327,TT - T - APLSASMIKR xl T - APLSASMoxIKR;TT - T - APLSASMIKR xl T - APLSASMoxIKR,BS3,20.697,false,true,false,false,Self ,0,0.002,0.005,,0,0,0,0,,248,0,19.379
451,Scan: 18324 Run:  P1_K.QLKEDYFK.K P2_R.GGLSELDKAGFIK.R 3 8;Scan: 18364 Run:  P1_K.QLKEDYFK.K P2_R.GGLSELDKAGFIK.R 3 8,Cas9,,,false,Cas9,Cas9,,false,GGLSELDKAGFIK,QLKEDYFK,910,567,8,3,917,569,TT - T - GGLSELDKAGFIK xl T - QLKEDYFK;TT - T - GGLSELDKAGFIK xl T - QLKEDYFK,BS3,20.641,false,true,false,false,Self ,0,0.002,0.005,,0,0,0,0,,277,0,16.24
414,Scan: 7711 Run:  P1_K.LVDSTDKADLR.L P2_K.GQKNSR.E 7 3;Scan: 7937 Run:  P1_K.LVDSTDKADLR.L P2_K.GQKNSR.E 7 3,Cas9,,,false,Cas9,Cas9,,false,LVDSTDKADLR,GQKNSR,146,777,7,3,152,779,TT - T - LVDSTDKADLR xl T - GQKNSR;TT - T - LVDSTDKADLR xl T - GQKNSR,BS3,20.491,false,true,false,false,Self ,0,0.002,0.005,,0,0,0,0,,276,0,16.866
621,Scan: 13715 Run:  P1_R.MoxTNFDKNLPNEK.V P2_R.MTNFDKNLPNEK.V 6 6,Cas9,,,false,Cas9,Cas9,,false,MTNFDKNLPNEK,MoxTNFDKNLPNEK,499,499,6,6,504,504,TT - T - MTNFDKNLPNEK xl T - MoxTNFDKNLPNEK,BS3,20.39,false,true,false,false,Self ,0,0.002,0.005,,0,0,0,0,,275,0,20.39
282,Scan: 18666 Run:  P1_K.VITLKSK.L P2_K.MDGTEELLVKLNR.E 5 10;Scan: 18650 Run:  P1_K.VITLKSK.L P2_K.MDGTEELLVKLNR.E 5 10,Cas9,,,false,Cas9,Cas9,,false,MDGTEELLVKLNR,VITLKSK,387,959,10,5,396,963,TT - T - MDGTEELLVKLNR xl T - VITLKSK;TT - T - MDGTEELLVKLNR xl T - VITLKSK,BS3,20.275,false,true,false,false,Self ,0,0.002,0.005,,0,0,0,0,,274,0,18.264
620,Scan: 14941 Run:  P1_K.YDENDKLIR.E P2_R.HKPENIVIEMAR.E 6 2,Cas9,,,false,Cas9,Cas9,,false,HKPENIVIEMAR,YDENDKLIR,758,947,2,6,759,952,TT - T - HKPENIVIEMAR xl T - YDENDKLIR,BS3,20.228,false,true,false,false,Self ,0,0.002,0.005,,0,0,0,0,,273,0,20.228
346,Scan: 8256 Run:  P1_K.KLVDSTDK.A P2_K.KLVDSTDK.A 1 1;Scan: 8258 Run:  P1_K.KLVDSTDK.A P2_K.KLVDSTDK.A 1 1,Cas9,,,false,Cas9,Cas9,,false,KLVDSTDK,KLVDSTDK,145,145,1,1,145,145,TT - T - KLVDSTDK xl T - KLVDSTDK;TT - T - KLVDSTDK xl T - KLVDSTDK,BS3,20.191,false,true,false,false,Self ,0,0.002,0.005,,0,0,0,0,,272,0,17.352
402,Scan: 13775 Run:  P1_K.FKVLGNTDR.H P2_K.FKVLGNTDR.H 2 2;Scan: 13764 Run:  P1_K.FKVLGNTDR.H P2_K.FKVLGNTDR.H 2 2,Cas9,,,false,Cas9,Cas9,,false,FKVLGNTDR,FKVLGNTDR,36,36,2,2,37,37,TT - T - FKVLGNTDR xl T - FKVLGNTDR;TT - T - FKVLGNTDR xl T - FKVLGNTDR,BS3,20.162,false,true,false,false,Self ,0,0.002,0.005,,0,0,0,0,,271,0,16.577
300,Scan: 12458 Run:  P1_K.YDENDKLIR.E P2_K.MIAKSEQEIGK.A 6 4;Scan: 12448 Run:  P1_K.YDENDKLIR.E P2_K.MIAKSEQEIGK.A 6 4,Cas9,,,false,Cas9,Cas9,,false,MIAKSEQEIGK,YDENDKLIR,1025,947,4,6,1028,952,TT - T - MIAKSEQEIGK xl T - YDENDKLIR;TT - T - MIAKSEQEIGK xl T - YDENDKLIR,BS3,20.04,false,true,false,false,Self ,0,0.002,0.005,,0,0,0,0,,270,0,17.701
374,Scan: 11333 Run:  P1_R.NSDKLIAR.K P2_K.MoxKNYWR.Q 4 2;Scan: 11206 Run:  P1_R.NSDKLIAR.K P2_K.MoxKNYWR.Q 4 2,Cas9,,,false,Cas9,Cas9,,false,NSDKLIAR,MoxKNYWR,1119,883,4,2,1122,884,TT - T - NSDKLIAR xl T - MoxKNYWR;TT - T - NSDKLIAR xl T - MoxKNYWR,BS3,19.758,false,true,false,false,Self ,0,0.002,0.006,,0,0,0,0,,255,0,16.457
363,Scan: 19117 Run:  P1_K.SVKELLGITIMER.S P2_R.DKQSGK.T 3 2;Scan: 19123 Run:  P1_K.SVKELLGITIMER.S P2_R.DKQSGK.T 3 2,Cas9,,,false,Cas9,Cas9,,false,SVKELLGITIMER,DKQSGK,1163,676,3,2,1165,677,TT - T - SVKELLGITIMER xl T - DKQSGK;TT - T - SVKELLGITIMER xl T - DKQSGK,BS3,19.715,false,true,false,false,Self ,0,0.002,0.006,,0,0,0,0,,268,0,16.591
327,Scan: 13133 Run:  P1_R.MTNFDKNLPNEK.V P2_K.KDWDPK.K 6 1;Scan: 13128 Run:  P1_R.MTNFDKNLPNEK.V P2_K.KDWDPK.K 6 1,Cas9,,,false,Cas9,Cas9,,false,MTNFDKNLPNEK,KDWDPK,499,1128,6,1,504,1128,TT - T - MTNFDKNLPNEK xl T - KDWDPK;TT - T - MTNFDKNLPNEK xl T - KDWDPK,BS3,19.684,false,true,false,false,Self ,0,0.002,0.006,,0,0,0,0,,267,0,17.064
610,Scan: 10582 Run:  P1_R.GKSDNVPSEEVVK.K P2_R.GKSDNVPSEEVVK.K 2 2,Cas9,,,false,Cas9,Cas9,,false,GKSDNVPSEEVVK,GKSDNVPSEEVVK,869,869,2,2,870,870,TT - T - GKSDNVPSEEVVK xl T - GKSDNVPSEEVVK,BS3,19.574,false,true,false,false,Self ,0,0.002,0.006,,0,0,0,0,,266,0,19.574
608,Scan: 18695 Run:  P1_K.LESEFVYGDYKVYDVR.K P2_R.KPAFLSGEQK.K 11 1,Cas9,,,false,Cas9,Cas9,,false,LESEFVYGDYKVYDVR,KPAFLSGEQK,1008,540,11,1,1018,540,TT - T - LESEFVYGDYKVYDVR xl T - KPAFLSGEQK,BS3,19.518,false,true,false,false,Self ,0,0.002,0.006,,0,0,0,0,,265,0,19.518
449,Scan: 17252 Run:  P1_K.VVDELVKVMoxGR.H P2_R.KPAFLSGEQK.K 7 1;Scan: 17254 Run:  P1_K.VVDELVKVMoxGR.H P2_R.KPAFLSGEQK.K 7 1,Cas9,,,false,Cas9,Cas9,,false,VVDELVKVMoxGR,KPAFLSGEQK,747,540,7,1,753,540,TT - T - VVDELVKVMoxGR xl T - KPAFLSGEQK;TT - T - VVDELVKVMoxGR xl T - KPAFLSGEQK,BS3,19.513,false,true,false,false,Self ,0,0.002,0.006,,0,0,0,0,,264,0,14.816
460,Scan: 17649 Run:  P1_K.KLVDSTDK.A P2_R.IEEGIKELGSQILK.E 1 6;Scan: 17643 Run:  P1_K.KLVDSTDK.A P2_R.IEEGIKELGSQILK.E 1 6,Cas9,,,false,Cas9,Cas9,,false,IEEGIKELGSQILK,KLVDSTDK,788,145,6,1,793,145,TT - T - IEEGIKELGSQILK xl T - KLVDSTDK;TT - T - IEEGIKELGSQILK xl T - KLVDSTDK,BS3,19.507,false,true,false,false,Self ,0,0.002,0.006,,0,0,0,0,,263,0,14.358
290,Scan: 13293 Run:  P1_K.NLPNEKVLPK.H P2_K.NLPNEKVLPK.H 6 6;Scan: 13294 Run:  P1_K.NLPNEKVLPK.H P2_K.NLPNEKVLPK.H 6 6,Cas9,,,false,Cas9,Cas9,,false,NLPNEKVLPK,NLPNEKVLPK,505,505,6,6,510,510,TT - T - NLPNEKVLPK xl T - NLPNEKVLPK;TT - T - NLPNEKVLPK xl T - NLPNEKVLPK,BS3,19.491,false,true,false,false,Self ,0,0.002,0.006,,0,0,0,0,,262,0,17.272
465,Scan: 13134 Run:  P1_R.QITKHVAQILDSR.M P2_K.KDWDPK.K 4 1;Scan: 13097 Run:  P1_R.QITKHVAQILDSR.M P2_K.KDWDPK.K 4 1,Cas9,,,false,Cas9,Cas9,,false,QITKHVAQILDSR,KDWDPK,930,1128,4,1,933,1128,TT - T - QITKHVAQILDSR xl T - KDWDPK;TT - T - QITKHVAQILDSR xl T - KDWDPK,BS3,19.443,false,true,false,false,Self ,0,0.002,0.006,,0,0,0,0,,261,0,14.147
606,Scan: 14794 Run:  P1_R.LKTYAHLFDDK.V P2_K.ESILPKR.N 2 6,Cas9,,,false,Cas9,Cas9,,false,LKTYAHLFDDK,ESILPKR,640,1112,2,6,641,1117,TT - T - LKTYAHLFDDK xl T - ESILPKR,BS3,19.363,false,true,false,false,Self ,0,0.003,0.006,,0,0,0,0,,260,0,19.363
321,Scan: 12480 Run:  P1_R.KLINGIR.D P2_R.KFDNLTK.A 1 1;Scan: 12486 Run:  P1_R.KLINGIR.D P2_R.KFDNLTK.A 1 1,Cas9,,,false,Cas9,Cas9,,false,KLINGIR,KFDNLTK,669,900,1,1,669,900,TT - T - KFDNLTK xl T - KLINGIR;TT - T - KLINGIR xl T - KFDNLTK,BS3,19.318,false,true,false,false,Self ,0,0.003,0.006,,0,0,0,0,,259,0,16.68
352,Scan: 10235 Run:  P1_K.LVDSTDKADLR.L P2_K.GYKEVK.K 7 3;Scan: 10231 Run:  P1_K.LVDSTDKADLR.L P2_K.GYKEVK.K 7 3,Cas9,,,false,Cas9,Cas9,,false,LVDSTDKADLR,GYKEVK,146,1190,7,3,152,1192,TT - T - LVDSTDKADLR xl T - GYKEVK;TT - T - LVDSTDKADLR xl T - GYKEVK,BS3,19.314,false,true,false,false,Self ,0,0.003,0.006,,0,0,0,0,,258,0,16.213
389,Scan: 21048 Run:  P1_K.TILDFLKSDGFANR.N P2_K.MIAKSEQEIGK.A 7 4;Scan: 21046 Run:  P1_K.TILDFLKSDGFANR.N P2_K.MIAKSEQEIGK.A 7 4,Cas9,,,false,Cas9,Cas9,,false,TILDFLKSDGFANR,MIAKSEQEIGK,682,1025,7,4,688,1028,TT - T - TILDFLKSDGFANR xl T - MIAKSEQEIGK;TT - T - TILDFLKSDGFANR xl T - MIAKSEQEIGK,BS3,19.265,false,true,false,false,Self ,0,0.003,0.006,,0,0,0,0,,257,0,15.586
361,Scan: 11782 Run:  P1_K.LVDSTDKADLR.L P2_K.AGFIKR.Q 7 5;Scan: 11952 Run:  P1_K.LVDSTDKADLR.L P2_K.AGFIKR.Q 7 5,Cas9,,,false,Cas9,Cas9,,false,LVDSTDKADLR,AGFIKR,146,918,7,5,152,922,TT - T - LVDSTDKADLR xl T - AGFIKR;TT - T - LVDSTDKADLR xl T - AGFIKR,BS3,19.259,false,true,false,false,Self ,0,0.003,0.006,,0,0,0,0,,256,0,16.053
365,Scan: 12007 Run:  P1_R.NSDKLIAR.K P2_K.MKNYWR.Q 4 2;Scan: 12010 Run:  P1_R.NSDKLIAR.K P2_K.MKNYWR.Q 4 2,Cas9,,,false,Cas9,Cas9,,false,NSDKLIAR,MKNYWR,1119,883,4,2,1122,884,TT - T - NSDKLIAR xl T - MKNYWR;TT - T - NSDKLIAR xl T - MKNYWR,BS3,19.242,false,true,false,false,Self ,0,0.003,0.006,,0,0,0,0,,255,0,15.985
355,Scan: 14380 Run:  P1_R.GGLSELDKAGFIK.R P2_R.EKIEK.I 8 2;Scan: 14457 Run:  P1_R.GGLSELDKAGFIK.R P2_R.EKIEK.I 8 2,Cas9,,,false,Cas9,Cas9,,false,GGLSELDKAGFIK,EKIEK,910,442,8,2,917,443,TT - T - GGLSELDKAGFIK xl T - EKIEK;TT - T - GGLSELDKAGFIK xl T - EKIEK,BS3,19.126,false,true,false,false,Self ,0,0.003,0.006,,0,0,0,0,,254,0,15.971
390,Scan: 12234 Run:  P1_R.QQLPEKYK.E P2_R.MTNFDKNLPNEK.V 6 6;Scan: 12353 Run:  P1_R.QQLPEKYK.E P2_R.MTNFDKNLPNEK.V 6 6,Cas9,,,false,Cas9,Cas9,,false,MTNFDKNLPNEK,QQLPEKYK,499,345,6,6,504,350,TT - T - MTNFDKNLPNEK xl T - QQLPEKYK;TT - T - MTNFDKNLPNEK xl T - QQLPEKYK,BS3,18.985,false,true,false,false,Self ,0,0.003,0.006,,0,0,0,0,,113,0,15.218
413,Scan: 16653 Run:  P1_K.LKGSPEDNEQK.Q P2_R.LENLIAQLPGEKK.N 2 12;Scan: 14237 Run:  P1_K.LKGSPEDNEQK.Q P2_R.LENLIAQLPGEKK.N 2 12,Cas9,,,false,Cas9,Cas9,,false,LENLIAQLPGEKK,LKGSPEDNEQK,226,1249,12,2,237,1250,TT - T - LENLIAQLPGEKK xl T - LKGSPEDNEQK;TT - T - LENLIAQLPGEKK xl T - LKGSPEDNEQK,BS3,18.923,false,true,false,false,Self ,0,0.003,0.006,,0,0,0,0,,252,0,14.934
422,Scan: 6795 Run:  P1_K.SDNVPSEEVVKK.M P2_K.GQKNSR.E 11 3;Scan: 6697 Run:  P1_K.SDNVPSEEVVKK.M P2_K.GQKNSR.E 11 3,Cas9,,,false,Cas9,Cas9,,false,SDNVPSEEVVKK,GQKNSR,871,777,11,3,881,779,TT - T - SDNVPSEEVVKK xl T - GQKNSR;TT - T - SDNVPSEEVVKK xl T - GQKNSR,BS3,18.886,false,true,false,false,Self ,0,0.003,0.006,,0,0,0,0,,251,0,14.716
303,Scan: 12579 Run:  P1_K.MKNYWR.Q P2_K.KGILQTVK.V 2 1;Scan: 12575 Run:  P1_K.MKNYWR.Q P2_K.KGILQTVK.V 2 1,Cas9,,,false,Cas9,Cas9,,false,KGILQTVK,MKNYWR,739,883,1,2,739,884,TT - T - KGILQTVK xl T - MKNYWR;TT - T - KGILQTVK xl T - MKNYWR,BS3,18.763,false,true,false,false,Self ,0,0.003,0.006,,0,0,0,0,,83,0,16.226
598,Scan: 17633 Run:  P1_K.SEQEIGKATAK.Y P2_K.AIVDLLFKTNR.K 7 8,Cas9,,,false,Cas9,Cas9,,false,AIVDLLFKTNR,SEQEIGKATAK,551,1029,8,7,558,1035,TT - T - AIVDLLFKTNR xl T - SEQEIGKATAK,BS3,18.698,false,true,false,false,Self ,0,0.003,0.006,,0,0,0,0,,249,0,18.698
596,Scan: 14223 Run:  P1_K.APLSASMIKR.Y P2_K.APLSASMIKR.Y 9 9,Cas9,,,false,Cas9,Cas9,,false,APLSASMIKR,APLSASMIKR,319,319,9,9,327,327,TT - T - APLSASMIKR xl T - APLSASMIKR,BS3,18.528,false,true,false,false,Self ,0,0.003,0.006,,0,0,0,0,,248,0,18.528
254,Scan: 7896 Run:  P1_K.VPSKK.F P2_R.GKSDNVPSEEVVK.K 4 2;Scan: 8002 Run:  P1_K.VPSKK.F P2_R.GKSDNVPSEEVVK.K 4 2,Cas9,,,false,Cas9,Cas9,,false,GKSDNVPSEEVVK,VPSKK,869,31,2,4,870,34,TT - T - GKSDNVPSEEVVK xl T - VPSKK;TT - T - GKSDNVPSEEVVK xl T - VPSKK,BS3,18.385,false,true,false,false,Self ,0,0.003,0.007,,0,0,0,0,,247,0,16.559
411,Scan: 10772 Run:  P1_K.MIAKSEQEIGK.A P2_K.MIAKSEQEIGK.A 4 4;Scan: 10775 Run:  P1_K.MIAKSEQEIGK.A P2_K.MIAKSEQEIGK.A 4 4,Cas9,,,false,Cas9,Cas9,,false,MIAKSEQEIGK,MIAKSEQEIGK,1025,1025,4,4,1028,1028,TT - T - MIAKSEQEIGK xl T - MIAKSEQEIGK;TT - T - MIAKSEQEIGK xl T - MIAKSEQEIGK,BS3,18.366,false,true,false,false,Self ,0,0.003,0.007,,0,0,0,0,,246,0,14.251
258,Scan: 13011 Run:  P1_K.FKVLGNTDR.H P2_K.ESILPKR.N 2 6;Scan: 13382 Run:  P1_K.FKVLGNTDR.H P2_K.ESILPKR.N 2 6,Cas9,,,false,Cas9,Cas9,,false,FKVLGNTDR,ESILPKR,36,1112,2,6,37,1117,TT - T - FKVLGNTDR xl T - ESILPKR;TT - T - FKVLGNTDR xl T - ESILPKR,BS3,18.303,false,true,false,false,Self ,0,0.003,0.007,,0,0,0,0,,245,0,16.394
245,Scan: 20461 Run:  P1_K.DFQFYKVR.E P2_K.DFQFYKVR.E 6 6;Scan: 20472 Run:  P1_K.DFQFYKVR.E P2_K.DFQFYKVR.E 6 6,Cas9,,,false,Cas9,Cas9,,false,DFQFYKVR,DFQFYKVR,973,973,6,6,978,978,TT - T - DFQFYKVR xl T - DFQFYKVR;TT - T - DFQFYKVR xl T - DFQFYKVR,BS3,18.275,false,true,false,false,Self ,0,0.003,0.007,,0,0,0,0,,244,0,16.592
591,Scan: 21725 Run:  P1_K.MoxDGTEELLVKLNR.E P2_R.GGLSELDKAGFIK.R 10 8,Cas9,,,false,Cas9,Cas9,,false,GGLSELDKAGFIK,MoxDGTEELLVKLNR,910,387,8,10,917,396,TT - T - GGLSELDKAGFIK xl T - MoxDGTEELLVKLNR,BS3,18.229,false,true,false,false,Self ,0,0.003,0.007,,0,0,0,0,,243,0,18.229
590,Scan: 18796 Run:  P1_K.LPKYSLFELENGR.K P2_K.APLSASMIKR.Y 3 9,Cas9,,,false,Cas9,Cas9,,false,LPKYSLFELENGR,APLSASMIKR,1202,319,3,9,1204,327,TT - T - LPKYSLFELENGR xl T - APLSASMIKR,BS3,18.194,false,true,false,false,Self ,0,0.003,0.007,,0,0,0,0,,242,0,18.194
318,Scan: 16145 Run:  P1_R.SDKNR.G P2_K.NPIDFLEAKGYK.E 3 9;Scan: 16151 Run:  P1_R.SDKNR.G P2_K.NPIDFLEAKGYK.E 3 9,Cas9,,,false,Cas9,Cas9,,false,NPIDFLEAKGYK,SDKNR,1181,864,9,3,1189,866,TT - T - NPIDFLEAKGYK xl T - SDKNR;TT - T - NPIDFLEAKGYK xl T - SDKNR,BS3,18.191,false,true,false,false,Self ,0,0.003,0.007,,0,0,0,0,,241,0,15.386
259,Scan: 14327 Run:  P1_R.LENLIAQLPGEKK.N P2_K.IIKDK.D 12 3;Scan: 14332 Run:  P1_R.LENLIAQLPGEKK.N P2_K.IIKDK.D 12 3,Cas9,,,false,Cas9,Cas9,,false,LENLIAQLPGEKK,IIKDK,226,604,12,3,237,606,TT - T - LENLIAQLPGEKK xl T - IIKDK;TT - T - LENLIAQLPGEKK xl T - IIKDK,BS3,18.113,false,true,false,false,Self ,0,0.003,0.007,,0,0,0,0,,240,0,16.179
589,Scan: 14174 Run:  P1_R.LEESFLVEEDKK.H P2_R.GKSDNVPSEEVVK.K 11 2,Cas9,,,false,Cas9,Cas9,,false,GKSDNVPSEEVVK,LEESFLVEEDKK,869,105,2,11,870,115,TT - T - GKSDNVPSEEVVK xl T - LEESFLVEEDKK,BS3,18.074,false,true,false,false,Self ,0,0.003,0.007,,0,0,0,0,,239,0,18.074
358,Scan: 16620 Run:  P1_R.QLLNAKLITQR.K P2_K.QLKEDYFK.K 6 3;Scan: 16612 Run:  P1_R.QLLNAKLITQR.K P2_K.QLKEDYFK.K 6 3,Cas9,,,false,Cas9,Cas9,,false,QLLNAKLITQR,QLKEDYFK,889,567,6,3,894,569,TT - T - QLLNAKLITQR xl T - QLKEDYFK;TT - T - QLLNAKLITQR xl T - QLKEDYFK,BS3,18.017,false,true,false,false,Self ,0,0.003,0.007,,0,0,0,0,,238,0,14.566
415,Scan: 14173 Run:  P1_K.SKLVSDFR.K P2_R.QITKHVAQILDSR.M 2 4;Scan: 14191 Run:  P1_K.SKLVSDFR.K P2_R.QITKHVAQILDSR.M 2 4,Cas9,,,false,Cas9,Cas9,,false,QITKHVAQILDSR,SKLVSDFR,930,964,4,2,933,965,TT - T - SKLVSDFR xl T - QITKHVAQILDSR;TT - T - QITKHVAQILDSR xl T - SKLVSDFR,BS3,17.998,false,true,false,false,Self ,0,0.003,0.007,,0,0,0,0,,237,0,13.714
587,Scan: 18901 Run:  P1_R.QLLNAKLITQR.K P2_R.GGLSELDKAGFIK.R 6 8,Cas9,,,false,Cas9,Cas9,,false,GGLSELDKAGFIK,QLLNAKLITQR,910,889,8,6,917,894,TT - T - GGLSELDKAGFIK xl T - QLLNAKLITQR,BS3,17.991,false,true,false,false,Self ,0,0.003,0.007,,0,0,0,0,,236,0,17.991
397,Scan: 19354 Run:  P1_K.NPIDFLEAKGYK.E P2_R.KFDNLTK.A 9 1;Scan: 19234 Run:  P1_K.NPIDFLEAKGYK.E P2_R.KFDNLTK.A 9 1,Cas9,,,false,Cas9,Cas9,,false,NPIDFLEAKGYK,KFDNLTK,1181,900,9,1,1189,900,TT - T - NPIDFLEAKGYK xl T - KFDNLTK;TT - T - NPIDFLEAKGYK xl T - KFDNLTK,BS3,17.985,false,true,false,false,Self ,0,0.003,0.007,,0,0,0,0,,235,0,13.904
308,Scan: 12412 Run:  P1_R.KFDNLTK.A P2_R.KFDNLTK.A 1 1;Scan: 12410 Run:  P1_R.KFDNLTK.A P2_R.KFDNLTK.A 1 1,Cas9,,,false,Cas9,Cas9,,false,KFDNLTK,KFDNLTK,900,900,1,1,900,900,TT - T - KFDNLTK xl T - KFDNLTK;TT - T - KFDNLTK xl T - KFDNLTK,BS3,17.964,false,true,false,false,Self ,0,0.003,0.007,,0,0,0,0,,234,0,15.232
320,Scan: 19761 Run:  P1_K.KIECcmFDSVEISGVEDR.F P2_K.DFQFYKVR.E 1 6;Scan: 19747 Run:  P1_K.KIECcmFDSVEISGVEDR.F P2_K.DFQFYKVR.E 1 6,Cas9,,,false,Cas9,Cas9,,false,KIECcmFDSVEISGVEDR,DFQFYKVR,575,973,1,6,575,978,TT - T - KIECcmFDSVEISGVEDR xl T - DFQFYKVR;TT - T - KIECcmFDSVEISGVEDR xl T - DFQFYKVR,BS3,17.94,false,true,false,false,Self ,0,0.003,0.007,,0,0,0,0,,233,0,15.065
276,Scan: 18580 Run:  P1_R.YDEHHQDLTLLKALVR.Q P2_K.FKVLGNTDR.H 12 2;Scan: 18594 Run:  P1_R.YDEHHQDLTLLKALVR.Q P2_K.FKVLGNTDR.H 12 2,Cas9,,,false,Cas9,Cas9,,false,YDEHHQDLTLLKALVR,FKVLGNTDR,329,36,12,2,340,37,TT - T - FKVLGNTDR xl T - YDEHHQDLTLLKALVR;TT - T - YDEHHQDLTLLKALVR xl T - FKVLGNTDR,BS3,17.899,false,true,false,false,Self ,0,0.003,0.007,,0,0,0,0,,232,0,15.682
404,Scan: 12581 Run:  P1_R.NSDKLIAR.K P2_K.KDLIIK.L 4 1;Scan: 12584 Run:  P1_R.NSDKLIAR.K P2_K.KDLIIK.L 4 1,Cas9,,,false,Cas9,Cas9,,false,NSDKLIAR,KDLIIK,1119,1196,4,1,1122,1196,TT - T - NSDKLIAR xl T - KDLIIK;TT - T - NSDKLIAR xl T - KDLIIK,BS3,17.818,false,true,false,false,Self ,0,0.003,0.007,,0,0,0,0,,231,0,13.621
302,Scan: 15539 Run:  P1_K.YPKLESEFVYGDYK.V P2_K.IIKDK.D 3 3;Scan: 15567 Run:  P1_K.YPKLESEFVYGDYK.V P2_K.IIKDK.D 3 3,Cas9,,,false,Cas9,Cas9,,false,YPKLESEFVYGDYK,IIKDK,1005,604,3,3,1007,606,TT - T - YPKLESEFVYGDYK xl T - IIKDK;TT - T - YPKLESEFVYGDYK xl T - IIKDK,BS3,17.799,false,true,false,false,Self ,0,0.003,0.007,,0,0,0,0,,230,0,15.105
585,Scan: 13676 Run:  P1_R.HKPENIVIEMoxAR.E P2_K.FDNLTKAER.G 2 6,Cas9,,,false,Cas9,Cas9,,false,HKPENIVIEMoxAR,FDNLTKAER,758,901,2,6,759,906,TT - T - HKPENIVIEMoxAR xl T - FDNLTKAER,BS3,17.674,false,true,false,false,Self ,0,0.003,0.007,,0,0,0,0,,229,0,17.674
584,Scan: 18197 Run:  P1_R.YDEHHQDLTLLKALVR.Q P2_K.ESILPKR.N 12 6,Cas9,,,false,Cas9,Cas9,,false,YDEHHQDLTLLKALVR,ESILPKR,329,1112,12,6,340,1117,TT - T - YDEHHQDLTLLKALVR xl T - ESILPKR,BS3,17.655,false,true,false,false,Self ,0,0.003,0.007,,0,0,0,0,,228,0,17.655
332,Scan: 14569 Run:  P1_K.VPSKK.F P2_R.QEDFYPFLKDNR.E 4 9;Scan: 14628 Run:  P1_K.VPSKK.F P2_R.QEDFYPFLKDNR.E 4 9,Cas9,,,false,Cas9,Cas9,,false,QEDFYPFLKDNR,VPSKK,430,31,9,4,438,34,TT - T - QEDFYPFLKDNR xl T - VPSKK;TT - T - QEDFYPFLKDNR xl T - VPSKK,BS3,17.547,false,true,false,false,Self ,0,0.003,0.007,,0,0,0,0,,227,0,14.448
580,Scan: 16248 Run:  P1_K.KIECcmFDSVEISGVEDR.F P2_K.FDNLTKAER.G 1 6,Cas9,,,false,Cas9,Cas9,,false,KIECcmFDSVEISGVEDR,FDNLTKAER,575,901,1,6,575,906,TT - T - KIECcmFDSVEISGVEDR xl T - FDNLTKAER,BS3,17.361,false,true,false,false,Self ,0,0.003,0.007,,0,0,0,0,,226,0,17.361
577,Scan: 12258 Run:  P1_K.SEQEIGKATAK.Y P2_R.LKTYAHLFDDK.V 7 2,Cas9,,,false,Cas9,Cas9,,false,LKTYAHLFDDK,SEQEIGKATAK,640,1029,2,7,641,1035,TT - T - LKTYAHLFDDK xl T - SEQEIGKATAK,BS3,17.237,false,true,false,false,Self ,0,0.003,0.007,,0,0,0,0,,225,0,17.237
399,Scan: 13560 Run:  P1_R.VNTEITKAPLSASMIK.R P2_R.KMIAK.S 7 1;Scan: 13558 Run:  P1_R.VNTEITKAPLSASMIK.R P2_R.KMIAK.S 7 1,Cas9,,,false,Cas9,Cas9,,false,VNTEITKAPLSASMIK,KMIAK,312,1024,7,1,318,1024,TT - T - VNTEITKAPLSASMIK xl T - KMIAK;TT - T - VNTEITKAPLSASMIK xl T - KMIAK,BS3,17.181,false,true,false,false,Self ,0,0.003,0.007,,0,0,0,0,,224,0,12.809
570,Scan: 18585 Run:  P1_K.TEVQTGGFSKESILPK.R P2_K.FIKPILEK.M 10 3,Cas9,,,false,Cas9,Cas9,,false,TEVQTGGFSKESILPK,FIKPILEK,1102,379,10,3,1111,381,TT - T - TEVQTGGFSKESILPK xl T - FIKPILEK,BS3,16.95,false,true,false,false,Self ,0,0.003,0.008,,0,0,0,0,,223,0,16.95
342,Scan: 15841 Run:  P1_K.QLKEDYFK.K P2_K.QLKEDYFK.K 3 3;Scan: 15833 Run:  P1_K.QLKEDYFK.K P2_K.QLKEDYFK.K 3 3,Cas9,,,false,Cas9,Cas9,,false,QLKEDYFK,QLKEDYFK,567,567,3,3,569,569,TT - T - QLKEDYFK xl T - QLKEDYFK;TT - T - QLKEDYFK xl T - QLKEDYFK,BS3,16.896,false,true,false,false,Self ,0,0.003,0.008,,0,0,0,0,,222,0,13.443
568,Scan: 13855 Run:  P1_R.VNTEITKAPLSASMIK.R P2_K.SEQEIGKATAK.Y 7 7,Cas9,,,false,Cas9,Cas9,,false,VNTEITKAPLSASMIK,SEQEIGKATAK,312,1029,7,7,318,1035,TT - T - VNTEITKAPLSASMIK xl T - SEQEIGKATAK,BS3,16.886,false,true,false,false,Self ,0,0.003,0.008,,0,0,0,0,,162,0,16.886
567,Scan: 16729 Run:  P1_K.TEVQTGGFSKESILPK.R P2_R.KFDNLTK.A 10 1,Cas9,,,false,Cas9,Cas9,,false,TEVQTGGFSKESILPK,KFDNLTK,1102,900,10,1,1111,900,TT - T - TEVQTGGFSKESILPK xl T - KFDNLTK,BS3,16.88,false,true,false,false,Self ,0,0.003,0.008,,0,0,0,0,,220,0,16.88
326,Scan: 10399 Run:  P1_K.MoxIAKSEQEIGK.A P2_K.FDNLTKAER.G 4 6;Scan: 11198 Run:  P1_K.MoxIAKSEQEIGK.A P2_K.FDNLTKAER.G 4 6,Cas9,,,false,Cas9,Cas9,,false,MoxIAKSEQEIGK,FDNLTKAER,1025,901,4,6,1028,906,TT - T - MoxIAKSEQEIGK xl T - FDNLTKAER;TT - T - MoxIAKSEQEIGK xl T - FDNLTKAER,BS3,16.839,false,true,false,false,Self ,0,0.003,0.008,,0,0,0,0,,219,0,13.686
248,Scan: 6579 Run:  P1_K.LKGSPEDNEQK.Q P2_K.IIKDK.D 2 3;Scan: 6581 Run:  P1_K.LKGSPEDNEQK.Q P2_K.IIKDK.D 2 3,Cas9,,,false,Cas9,Cas9,,false,LKGSPEDNEQK,IIKDK,1249,604,2,3,1250,606,TT - T - LKGSPEDNEQK xl T - IIKDK;TT - T - LKGSPEDNEQK xl T - IIKDK,BS3,16.813,false,true,false,false,Self ,0,0.003,0.008,,0,0,0,0,,218,0,14.903
242,Scan: 11158 Run:  P1_R.GKSDNVPSEEVVK.K P2_K.EDYFKK.I 2 5;Scan: 11160 Run:  P1_R.GKSDNVPSEEVVK.K P2_K.EDYFKK.I 2 5,Cas9,,,false,Cas9,Cas9,,false,GKSDNVPSEEVVK,EDYFKK,869,570,2,5,870,574,TT - T - GKSDNVPSEEVVK xl T - EDYFKK;TT - T - GKSDNVPSEEVVK xl T - EDYFKK,BS3,16.693,false,true,false,false,Self ,0,0.003,0.008,,0,0,0,0,,217,0,14.839
217,Scan: 12178 Run:  P1_R.QQLPEKYK.E P2_R.QITKHVAQILDSR.M 6 4;Scan: 12190 Run:  P1_R.QQLPEKYK.E P2_R.QITKHVAQILDSR.M 6 4,Cas9,,,false,Cas9,Cas9,,false,QITKHVAQILDSR,QQLPEKYK,930,345,4,6,933,350,TT - T - QITKHVAQILDSR xl T - QQLPEKYK;TT - T - QITKHVAQILDSR xl T - QQLPEKYK,BS3,16.665,false,true,false,false,Self ,0,0.003,0.008,,0,0,0,0,,216,0,15.211
299,Scan: 10409 Run:  P1_K.QLKEDYFK.K P2_R.EKIEK.I 3 2;Scan: 10404 Run:  P1_K.QLKEDYFK.K P2_R.EKIEK.I 3 2,Cas9,,,false,Cas9,Cas9,,false,QLKEDYFK,EKIEK,567,442,3,2,569,443,TT - T - QLKEDYFK xl T - EKIEK;TT - T - QLKEDYFK xl T - EKIEK,BS3,16.593,false,true,false,false,Self ,0,0.003,0.008,,0,0,0,0,,215,0,13.698
386,Scan: 20429 Run:  P1_K.SVKELLGITIMER.S P2_K.NLPNEKVLPK.H 3 6;Scan: 20526 Run:  P1_K.SVKELLGITIMER.S P2_K.NLPNEKVLPK.H 3 6,Cas9,,,false,Cas9,Cas9,,false,SVKELLGITIMER,NLPNEKVLPK,1163,505,3,6,1165,510,TT - T - SVKELLGITIMER xl T - NLPNEKVLPK;TT - T - SVKELLGITIMER xl T - NLPNEKVLPK,BS3,16.448,false,true,false,false,Self ,0,0.003,0.008,,0,0,0,0,,214,0,12.009
334,Scan: 10905 Run:  P1_K.VMoxKQLK.R P2_K.LVDSTDKADLR.L 3 7;Scan: 10893 Run:  P1_K.VMoxKQLK.R P2_K.LVDSTDKADLR.L 3 7,Cas9,,,false,Cas9,Cas9,,false,LVDSTDKADLR,VMoxKQLK,146,651,7,3,152,653,TT - T - LVDSTDKADLR xl T - VMoxKQLK;TT - T - LVDSTDKADLR xl T - VMoxKQLK,BS3,16.426,false,true,false,false,Self ,0,0.003,0.008,,0,0,0,0,,79,0,13.022
307,Scan: 8977 Run:  P1_K.NLPNEKVLPK.H P2_R.DKQSGK.T 6 2;Scan: 8979 Run:  P1_K.NLPNEKVLPK.H P2_R.DKQSGK.T 6 2,Cas9,,,false,Cas9,Cas9,,false,NLPNEKVLPK,DKQSGK,505,676,6,2,510,677,TT - T - NLPNEKVLPK xl T - DKQSGK;TT - T - NLPNEKVLPK xl T - DKQSGK,BS3,16.366,false,true,false,false,Self ,0,0.003,0.008,,0,0,0,0,,212,0,13.313
556,Scan: 9950 Run:  P1_K.VKYVTEGMoxR.K P2_R.GKSDNVPSEEVVK.K 2 2,Cas9,,,false,Cas9,Cas9,,false,GKSDNVPSEEVVK,VKYVTEGMoxR,869,531,2,2,870,532,TT - T - GKSDNVPSEEVVK xl T - VKYVTEGMoxR,BS3,16.359,false,true,false,false,Self ,0,0.003,0.008,,0,0,0,0,,211,0,16.359
555,Scan: 17381 Run:  P1_R.HKPENIVIEMAR.E P2_K.DFQFYKVR.E 2 6,Cas9,,,false,Cas9,Cas9,,false,HKPENIVIEMAR,DFQFYKVR,758,973,2,6,759,978,TT - T - HKPENIVIEMAR xl T - DFQFYKVR,BS3,16.343,false,true,false,false,Self ,0,0.003,0.008,,0,0,0,0,,187,0,16.343
287,Scan: 13616 Run:  P1_R.KLINGIR.D P2_K.APLSASMIKR.Y 1 9;Scan: 13650 Run:  P1_R.KLINGIR.D P2_K.APLSASMIKR.Y 1 9,Cas9,,,false,Cas9,Cas9,,false,KLINGIR,APLSASMIKR,669,319,1,9,669,327,TT - T - APLSASMIKR xl T - KLINGIR;TT - T - KLINGIR xl T - APLSASMIKR,BS3,16.336,false,true,false,false,Self ,0,0.003,0.008,,0,0,0,0,,209,0,13.641
266,Scan: 7383 Run:  P1_R.SDKNR.G P2_R.KFDNLTK.A 3 1;Scan: 7490 Run:  P1_R.SDKNR.G P2_R.KFDNLTK.A 3 1,Cas9,,,false,Cas9,Cas9,,false,KFDNLTK,SDKNR,900,864,1,3,900,866,TT - T - KFDNLTK xl T - SDKNR;TT - T - KFDNLTK xl T - SDKNR,BS3,16.326,false,true,false,false,Self ,0,0.003,0.008,,0,0,0,0,,208,0,14.085
554,Scan: 17963 Run:  P1_R.MoxLASAGELQKGNELALPSK.Y P2_R.MLASAGELQKGNELALPSK.Y 10 10,Cas9,,,false,Cas9,Cas9,,false,MoxLASAGELQKGNELALPSK,MLASAGELQKGNELALPSK,1217,1217,10,10,1226,1226,TT - T - MoxLASAGELQKGNELALPSK xl T - MLASAGELQKGNELALPSK,BS3,16.323,false,true,false,false,Self ,0,0.003,0.008,,0,0,0,0,,207,0,16.323
328,Scan: 13110 Run:  P1_R.DKPIR.E P2_K.DDSIDNKVLTR.S 2 7;Scan: 13114 Run:  P1_R.DKPIR.E P2_K.DDSIDNKVLTR.S 2 7,Cas9,,,false,Cas9,Cas9,,false,DDSIDNKVLTR,DKPIR,853,1303,7,2,859,1304,TT - T - DDSIDNKVLTR xl T - DKPIR;TT - T - DDSIDNKVLTR xl T - DKPIR,BS3,16.305,false,true,false,false,Self ,0,0.003,0.008,,0,0,0,0,,206,0,13.016
283,Scan: 11748 Run:  P1_R.KFDNLTK.A P2_K.APLSASMoxIKR.Y 1 9;Scan: 13527 Run:  P1_R.KFDNLTK.A P2_K.APLSASMoxIKR.Y 1 9,Cas9,,,false,Cas9,Cas9,,false,KFDNLTK,APLSASMoxIKR,900,319,1,9,900,327,TT - T - APLSASMoxIKR xl T - KFDNLTK;TT - T - KFDNLTK xl T - APLSASMoxIKR,BS3,16.293,false,true,false,false,Self ,0,0.003,0.008,,0,0,0,0,,205,0,13.686
398,Scan: 20847 Run:  P1_K.NPIDFLEAKGYK.E P2_K.FIKPILEK.M 9 3;Scan: 20843 Run:  P1_K.NPIDFLEAKGYK.E P2_K.FIKPILEK.M 9 3,Cas9,,,false,Cas9,Cas9,,false,NPIDFLEAKGYK,FIKPILEK,1181,379,9,3,1189,381,TT - T - NPIDFLEAKGYK xl T - FIKPILEK;TT - T - NPIDFLEAKGYK xl T - FIKPILEK,BS3,16.203,false,true,false,false,Self ,0,0.003,0.008,,0,0,0,0,,204,0,11.505
549,Scan: 22088 Run:  P1_R.QEDFYPFLKDNR.E P2_R.QEDFYPFLKDNR.E 9 9,Cas9,,,false,Cas9,Cas9,,false,QEDFYPFLKDNR,QEDFYPFLKDNR,430,430,9,9,438,438,TT - T - QEDFYPFLKDNR xl T - QEDFYPFLKDNR,BS3,16.169,false,true,false,false,Self ,0,0.003,0.008,,0,0,0,0,,203,0,16.169
313,Scan: 9327 Run:  P1_R.NSDKLIAR.K P2_R.DKPIR.E 4 2;Scan: 9449 Run:  P1_R.NSDKLIAR.K P2_R.DKPIR.E 4 2,Cas9,,,false,Cas9,Cas9,,false,NSDKLIAR,DKPIR,1119,1303,4,2,1122,1304,TT - T - NSDKLIAR xl T - DKPIR;TT - T - NSDKLIAR xl T - DKPIR,BS3,16.125,false,true,false,false,Self ,0,0.003,0.008,,0,0,0,0,,202,0,12.93
354,Scan: 15330 Run:  P1_R.LKTYAHLFDDK.V P2_K.FKVLGNTDR.H 2 2;Scan: 15349 Run:  P1_R.LKTYAHLFDDK.V P2_K.FKVLGNTDR.H 2 2,Cas9,,,false,Cas9,Cas9,,false,LKTYAHLFDDK,FKVLGNTDR,640,36,2,2,641,37,TT - T - LKTYAHLFDDK xl T - FKVLGNTDR;TT - T - LKTYAHLFDDK xl T - FKVLGNTDR,BS3,16.124,false,true,false,false,Self ,0,0.003,0.008,,0,0,0,0,,201,0,12.224
544,Scan: 17414 Run:  P1_K.YDENDKLIR.E P2_K.KIECcmFDSVEISGVEDR.F 6 1,Cas9,,,false,Cas9,Cas9,,false,KIECcmFDSVEISGVEDR,YDENDKLIR,575,947,1,6,575,952,TT - T - KIECcmFDSVEISGVEDR xl T - YDENDKLIR,BS3,15.947,false,true,false,false,Self ,0,0.003,0.009,,0,0,0,0,,200,0,15.947
249,Scan: 16750 Run:  P1_K.VITLKSK.L P2_R.GGLSELDKAGFIK.R 5 8;Scan: 16742 Run:  P1_K.VITLKSK.L P2_R.GGLSELDKAGFIK.R 5 8,Cas9,,,false,Cas9,Cas9,,false,GGLSELDKAGFIK,VITLKSK,910,959,8,5,917,963,TT - T - GGLSELDKAGFIK xl T - VITLKSK;TT - T - GGLSELDKAGFIK xl T - VITLKSK,BS3,15.927,false,true,false,false,Self ,0,0.003,0.009,,0,0,0,0,,199,0,13.826
542,Scan: 15636 Run:  P1_K.MIAKSEQEIGK.A P2_K.KIECcmFDSVEISGVEDR.F 4 1,Cas9,,,false,Cas9,Cas9,,false,KIECcmFDSVEISGVEDR,MIAKSEQEIGK,575,1025,1,4,575,1028,TT - T - KIECcmFDSVEISGVEDR xl T - MIAKSEQEIGK,BS3,15.847,false,true,false,false,Self ,0,0.003,0.009,,0,0,0,0,,198,0,15.847
231,Scan: 11117 Run:  P1_R.LSKSR.R P2_K.DDSIDNKVLTR.S 3 7;Scan: 11229 Run:  P1_R.LSKSR.R P2_K.DDSIDNKVLTR.S 3 7,Cas9,,,false,Cas9,Cas9,,false,DDSIDNKVLTR,LSKSR,853,220,7,3,859,222,TT - T - DDSIDNKVLTR xl T - LSKSR;TT - T - DDSIDNKVLTR xl T - LSKSR,BS3,15.829,false,true,false,false,Self ,0,0.003,0.009,,0,0,0,0,,197,0,14.057
360,Scan: 10624 Run:  P1_K.VKYVTEGMoxR.K P2_K.VKYVTEGMR.K 2 2;Scan: 11565 Run:  P1_K.VKYVTEGMoxR.K P2_K.VKYVTEGMR.K 2 2,Cas9,,,false,Cas9,Cas9,,false,VKYVTEGMoxR,VKYVTEGMR,531,531,2,2,532,532,TT - T - VKYVTEGMoxR xl T - VKYVTEGMR;TT - T - VKYVTEGMoxR xl T - VKYVTEGMR,BS3,15.579,false,true,false,false,Self ,0,0.003,0.009,,0,0,0,0,,196,0,11.406
536,Scan: 14063 Run:  P1_R.KDFQFYK.V P2_K.AGFIKR.Q 1 5,Cas9,,,false,Cas9,Cas9,,false,KDFQFYK,AGFIKR,972,918,1,5,972,922,TT - T - KDFQFYK xl T - AGFIKR,BS3,15.532,false,true,false,false,Self ,0,0.003,0.009,,0,0,0,0,,195,0,15.532
289,Scan: 17477 Run:  P1_K.FIKPILEK.M P2_K.FIKPILEK.M 3 3;Scan: 17472 Run:  P1_K.FIKPILEK.M P2_K.FIKPILEK.M 3 3,Cas9,,,false,Cas9,Cas9,,false,FIKPILEK,FIKPILEK,379,379,3,3,381,381,TT - T - FIKPILEK xl T - FIKPILEK;TT - T - FIKPILEK xl T - FIKPILEK,BS3,15.494,false,true,false,false,Self ,0,0.003,0.009,,0,0,0,0,,194,0,12.599
325,Scan: 9812 Run:  P1_R.KMIAK.S P2_K.FKVLGNTDR.H 1 2;Scan: 9806 Run:  P1_R.KMIAK.S P2_K.FKVLGNTDR.H 1 2,Cas9,,,false,Cas9,Cas9,,false,FKVLGNTDR,KMIAK,36,1024,2,1,37,1024,TT - T - FKVLGNTDR xl T - KMIAK;TT - T - FKVLGNTDR xl T - KMIAK,BS3,15.472,false,true,false,false,Self ,0,0.003,0.009,,0,0,0,0,,177,0,11.98
534,Scan: 19050 Run:  P1_R.QITKHVAQILDSR.M P2_R.KSEETITPWNFEEVVDK.G 4 1,Cas9,,,false,Cas9,Cas9,,false,KSEETITPWNFEEVVDK,QITKHVAQILDSR,472,930,1,4,472,933,TT - T - KSEETITPWNFEEVVDK xl T - QITKHVAQILDSR,BS3,15.409,false,true,false,false,Self ,0,0.003,0.01,,0,0,0,0,,192,0,15.409
356,Scan: 11660 Run:  P1_K.TYAHLFDDKVMK.Q P2_R.DKQSGK.T 9 2;Scan: 11666 Run:  P1_K.TYAHLFDDKVMK.Q P2_R.DKQSGK.T 9 2,Cas9,,,false,Cas9,Cas9,,false,TYAHLFDDKVMK,DKQSGK,642,676,9,2,650,677,TT - T - TYAHLFDDKVMK xl T - DKQSGK;TT - T - TYAHLFDDKVMK xl T - DKQSGK,BS3,15.306,false,true,false,false,Self ,0,0.003,0.01,,0,0,0,0,,191,0,11.101
353,Scan: 17607 Run:  P1_K.QSGKTILDFLK.S P2_R.DKQSGK.T 4 2;Scan: 17479 Run:  P1_K.QSGKTILDFLK.S P2_R.DKQSGK.T 4 2,Cas9,,,false,Cas9,Cas9,,false,QSGKTILDFLK,DKQSGK,678,676,4,2,681,677,TT - T - QSGKTILDFLK xl T - DKQSGK;TT - T - QSGKTILDFLK xl T - DKQSGK,BS3,15.272,false,true,false,false,Self ,0,0.003,0.01,,0,0,0,0,,190,0,11.093
528,Scan: 17609 Run:  P1_K.VKYVTEGMR.K P2_R.QEDFYPFLKDNR.E 2 9,Cas9,,,false,Cas9,Cas9,,false,QEDFYPFLKDNR,VKYVTEGMR,430,531,9,2,438,532,TT - T - QEDFYPFLKDNR xl T - VKYVTEGMR,BS3,15.212,false,true,false,false,Self ,0,0.003,0.01,,0,0,0,0,,149,0,15.212
297,Scan: 15404 Run:  P1_K.TYAHLFDDKVMK.Q P2_K.NLPNEKVLPK.H 9 6;Scan: 15449 Run:  P1_K.TYAHLFDDKVMK.Q P2_K.NLPNEKVLPK.H 9 6,Cas9,,,false,Cas9,Cas9,,false,TYAHLFDDKVMK,NLPNEKVLPK,642,505,9,6,650,510,TT - T - NLPNEKVLPK xl T - TYAHLFDDKVMK;TT - T - TYAHLFDDKVMK xl T - NLPNEKVLPK,BS3,15.2,false,true,false,false,Self ,0,0.003,0.01,,0,0,0,0,,122,0,12.013
526,Scan: 17292 Run:  P1_R.HKPENIVIEMoxAR.E P2_K.DFQFYKVR.E 2 6,Cas9,,,false,Cas9,Cas9,,false,HKPENIVIEMoxAR,DFQFYKVR,758,973,2,6,759,978,TT - T - HKPENIVIEMoxAR xl T - DFQFYKVR,BS3,15.154,false,true,false,false,Self ,0,0.003,0.01,,0,0,0,0,,187,0,15.154
522,Scan: 12470 Run:  P1_K.ESILPKR.N P2_K.ESILPKR.N 6 6,Cas9,,,false,Cas9,Cas9,,false,ESILPKR,ESILPKR,1112,1112,6,6,1117,1117,TT - T - ESILPKR xl T - ESILPKR,BS3,14.953,false,true,false,false,Self ,0,0.003,0.011,,0,0,0,0,,186,0,14.953
306,Scan: 13790 Run:  P1_K.MKNYWR.Q P2_K.KDLIIK.L 2 1;Scan: 13817 Run:  P1_K.MKNYWR.Q P2_K.KDLIIK.L 2 1,Cas9,,,false,Cas9,Cas9,,false,KDLIIK,MKNYWR,1196,883,1,2,1196,884,TT - T - KDLIIK xl T - MKNYWR;TT - T - KDLIIK xl T - MKNYWR,BS3,14.901,false,true,false,false,Self ,0,0.003,0.011,,0,0,0,0,,185,0,11.467
516,Scan: 16596 Run:  P1_K.VLSAYNKHR.D P2_R.SSFEKNPIDFLEAK.G 7 5,Cas9,,,false,Cas9,Cas9,,false,SSFEKNPIDFLEAK,VLSAYNKHR,1176,1294,5,7,1180,1300,TT - T - SSFEKNPIDFLEAK xl T - VLSAYNKHR,BS3,14.824,false,true,false,false,Self ,0,0.003,0.011,,0,0,0,0,,184,0,14.824
337,Scan: 22317 Run:  P1_R.KSEETITPWNFEEVVDK.G P2_K.KDWDPK.K 1 1;Scan: 19630 Run:  P1_R.KSEETITPWNFEEVVDK.G P2_K.KDWDPK.K 1 1,Cas9,,,false,Cas9,Cas9,,false,KSEETITPWNFEEVVDK,KDWDPK,472,1128,1,1,472,1128,TT - T - KSEETITPWNFEEVVDK xl T - KDWDPK;TT - T - KSEETITPWNFEEVVDK xl T - KDWDPK,BS3,14.804,false,true,false,false,Self ,0,0.003,0.011,,0,0,0,0,,183,0,10.77
514,Scan: 16625 Run:  P1_K.TEVQTGGFSKESILPK.R P2_R.KLINGIR.D 10 1,Cas9,,,false,Cas9,Cas9,,false,TEVQTGGFSKESILPK,KLINGIR,1102,669,10,1,1111,669,TT - T - TEVQTGGFSKESILPK xl T - KLINGIR,BS3,14.777,false,true,false,false,Self ,0,0.003,0.011,,0,0,0,0,,182,0,14.777
513,Scan: 18062 Run:  P1_K.SNFDLAEDAKLQLSK.D P2_K.KLVDSTDK.A 10 1,Cas9,,,false,Cas9,Cas9,,false,SNFDLAEDAKLQLSK,KLVDSTDK,258,145,10,1,267,145,TT - T - SNFDLAEDAKLQLSK xl T - KLVDSTDK,BS3,14.756,false,true,false,false,Self ,0,0.003,0.011,,0,0,0,0,,181,0,14.756
511,Scan: 18720 Run:  P1_K.KNLIGALLFDSGETAEATR.L P2_K.GQKNSR.E 1 3,Cas9,,,false,Cas9,Cas9,,false,KNLIGALLFDSGETAEATR,GQKNSR,49,777,1,3,49,779,TT - T - KNLIGALLFDSGETAEATR xl T - GQKNSR,BS3,14.736,false,true,false,false,Self ,0,0.003,0.011,,0,0,0,0,,180,0,14.736
509,Scan: 9762 Run:  P1_K.LKGSPEDNEQK.Q P2_K.DWDPKK.Y 2 5,Cas9,,,false,Cas9,Cas9,,false,LKGSPEDNEQK,DWDPKK,1249,1129,2,5,1250,1133,TT - T - LKGSPEDNEQK xl T - DWDPKK,BS3,14.635,false,true,false,false,Self ,0,0.003,0.011,,0,0,0,0,,179,0,14.635
262,Scan: 9074 Run:  P1_K.MKNYWR.Q P2_R.LSKSR.R 2 3;Scan: 9072 Run:  P1_K.MKNYWR.Q P2_R.LSKSR.R 2 3,Cas9,,,false,Cas9,Cas9,,false,LSKSR,MKNYWR,220,883,3,2,222,884,TT - T - MKNYWR xl T - LSKSR;TT - T - LSKSR xl T - MKNYWR,BS3,14.581,false,true,false,false,Self ,0,0.003,0.011,,0,0,0,0,,47,0,12.063
312,Scan: 8953 Run:  P1_R.KMoxIAK.S P2_K.FKVLGNTDR.H 1 2;Scan: 9831 Run:  P1_R.KMoxIAK.S P2_K.FKVLGNTDR.H 1 2,Cas9,,,false,Cas9,Cas9,,false,FKVLGNTDR,KMoxIAK,36,1024,2,1,37,1024,TT - T - FKVLGNTDR xl T - KMoxIAK;TT - T - FKVLGNTDR xl T - KMoxIAK,BS3,14.503,false,true,false,false,Self ,0,0.004,0.011,,0,0,0,0,,177,0,10.851
225,Scan: 8518 Run:  P1_R.LSKSR.R P2_K.KGILQTVK.V 3 1;Scan: 8519 Run:  P1_R.LSKSR.R P2_K.KGILQTVK.V 3 1,Cas9,,,false,Cas9,Cas9,,false,KGILQTVK,LSKSR,739,220,1,3,739,222,TT - T - KGILQTVK xl T - LSKSR;TT - T - KGILQTVK xl T - LSKSR,BS3,14.469,false,true,false,false,Self ,0,0.004,0.011,,0,0,0,0,,176,0,12.676
505,Scan: 17274 Run:  P1_K.ESILPKR.N P2_K.DLIIKLPK.Y 6 5,Cas9,,,false,Cas9,Cas9,,false,DLIIKLPK,ESILPKR,1197,1112,5,6,1201,1117,TT - T - DLIIKLPK xl T - ESILPKR,BS3,14.439,false,true,false,false,Self ,0,0.004,0.011,,0,0,0,0,,175,0,14.439
504,Scan: 16192 Run:  P1_R.YDEHHQDLTLLKALVR.Q P2_R.KMIAK.S 12 1,Cas9,,,false,Cas9,Cas9,,false,YDEHHQDLTLLKALVR,KMIAK,329,1024,12,1,340,1024,TT - T - YDEHHQDLTLLKALVR xl T - KMIAK,BS3,14.407,false,true,false,false,Self ,0,0.004,0.011,,0,0,0,0,,174,0,14.407
502,Scan: 20214 Run:  P1_K.SKLVSDFR.K P2_R.KSEETITPWNFEEVVDK.G 2 1,Cas9,,,false,Cas9,Cas9,,false,KSEETITPWNFEEVVDK,SKLVSDFR,472,964,1,2,472,965,TT - T - KSEETITPWNFEEVVDK xl T - SKLVSDFR,BS3,14.312,false,true,false,false,Self ,0,0.004,0.012,,0,0,0,0,,173,0,14.312
499,Scan: 19328 Run:  P1_K.NPIDFLEAKGYK.E P2_K.APLSASMoxIKR.Y 9 9,Cas9,,,false,Cas9,Cas9,,false,NPIDFLEAKGYK,APLSASMoxIKR,1181,319,9,9,1189,327,TT - T - NPIDFLEAKGYK xl T - APLSASMoxIKR,BS3,14.253,false,true,false,false,Self ,0,0.004,0.012,,0,0,0,0,,172,0,14.253
497,Scan: 16231 Run:  P1_K.VLSAYNKHR.D P2_K.SNFDLAEDAKLQLSK.D 7 10,Cas9,,,false,Cas9,Cas9,,false,SNFDLAEDAKLQLSK,VLSAYNKHR,258,1294,10,7,267,1300,TT - T - SNFDLAEDAKLQLSK xl T - VLSAYNKHR,BS3,14.208,false,true,false,false,Self ,0,0.004,0.012,,0,0,0,0,,171,0,14.208
496,Scan: 21191 Run:  P1_K.TEVQTGGFSKESILPK.R P2_K.NPIDFLEAKGYK.E 10 9,Cas9,,,false,Cas9,Cas9,,false,TEVQTGGFSKESILPK,NPIDFLEAKGYK,1102,1181,10,9,1111,1189,TT - T - TEVQTGGFSKESILPK xl T - NPIDFLEAKGYK,BS3,14.205,false,true,false,false,Self ,0,0.004,0.012,,0,0,0,0,,170,0,14.205
271,Scan: 18489 Run:  P1_K.LPKYSLFELENGR.K P2_R.KFDNLTK.A 3 1;Scan: 18484 Run:  P1_K.LPKYSLFELENGR.K P2_R.KFDNLTK.A 3 1,Cas9,,,false,Cas9,Cas9,,false,LPKYSLFELENGR,KFDNLTK,1202,900,3,1,1204,900,TT - T - LPKYSLFELENGR xl T - KFDNLTK;TT - T - LPKYSLFELENGR xl T - KFDNLTK,BS3,14.188,false,true,false,false,Self ,0,0.004,0.012,,0,0,0,0,,169,0,11.365
316,Scan: 12001 Run:  P1_R.QLLNAKLITQR.K P2_R.EKIEK.I 6 2;Scan: 11863 Run:  P1_R.QLLNAKLITQR.K P2_R.EKIEK.I 6 2,Cas9,,,false,Cas9,Cas9,,false,QLLNAKLITQR,EKIEK,889,442,6,2,894,443,TT - T - QLLNAKLITQR xl T - EKIEK;TT - T - QLLNAKLITQR xl T - EKIEK,BS3,14.033,false,true,false,false,Self ,0,0.004,0.012,,0,0,0,0,,168,0,10.158
490,Scan: 9324 Run:  P1_R.KDFQFYK.V P2_K.GQKNSR.E 1 3,Cas9,,,false,Cas9,Cas9,,false,KDFQFYK,GQKNSR,972,777,1,3,972,779,TT - T - KDFQFYK xl T - GQKNSR,BS3,13.958,false,true,false,false,Self ,0,0.004,0.012,,0,0,0,0,,167,0,13.958
298,Scan: 7316 Run:  P1_K.SEQEIGKATAK.Y P2_R.KMoxIAK.S 7 1;Scan: 7306 Run:  P1_K.SEQEIGKATAK.Y P2_R.KMoxIAK.S 7 1,Cas9,,,false,Cas9,Cas9,,false,SEQEIGKATAK,KMoxIAK,1029,1024,7,1,1035,1024,TT - T - SEQEIGKATAK xl T - KMoxIAK;TT - T - SEQEIGKATAK xl T - KMoxIAK,BS3,13.936,false,true,false,false,Self ,0,0.004,0.013,,0,0,0,0,,134,0,10.366
488,Scan: 5772 Run:  P1_K.GQKNSR.E P2_K.AGFIKR.Q 3 5,Cas9,,,false,Cas9,Cas9,,false,AGFIKR,GQKNSR,918,777,5,3,922,779,TT - T - AGFIKR xl T - GQKNSR,BS3,13.876,false,true,false,false,Self ,0,0.004,0.013,,0,0,0,0,,165,0,13.876
255,Scan: 10519 Run:  P1_R.SDKNR.G P2_K.FIKPILEK.M 3 3;Scan: 10517 Run:  P1_R.SDKNR.G P2_K.FIKPILEK.M 3 3,Cas9,,,false,Cas9,Cas9,,false,FIKPILEK,SDKNR,379,864,3,3,381,866,TT - T - FIKPILEK xl T - SDKNR;TT - T - FIKPILEK xl T - SDKNR,BS3,13.855,false,true,false,false,Self ,0,0.004,0.013,,0,0,0,0,,164,0,11.306
322,Scan: 11627 Run:  P1_R.QLLNAKLITQR.K P2_R.KVTVK.Q 6 1;Scan: 11619 Run:  P1_R.QLLNAKLITQR.K P2_R.KVTVK.Q 6 1,Cas9,,,false,Cas9,Cas9,,false,QLLNAKLITQR,KVTVK,889,562,6,1,894,562,TT - T - QLLNAKLITQR xl T - KVTVK;TT - T - QLLNAKLITQR xl T - KVTVK,BS3,13.801,false,true,false,false,Self ,0,0.004,0.013,,0,0,0,0,,163,0,9.772
486,Scan: 13904 Run:  P1_R.VNTEITKAPLSASMoxIK.R P2_K.SEQEIGKATAK.Y 7 7,Cas9,,,false,Cas9,Cas9,,false,VNTEITKAPLSASMoxIK,SEQEIGKATAK,312,1029,7,7,318,1035,TT - T - VNTEITKAPLSASMoxIK xl T - SEQEIGKATAK,BS3,13.782,false,true,false,false,Self ,0,0.004,0.013,,0,0,0,0,,162,0,13.782
482,Scan: 22704 Run:  P1_K.YDENDKLIR.E P2_K.TILDFLKSDGFANR.N 6 7,Cas9,,,false,Cas9,Cas9,,false,TILDFLKSDGFANR,YDENDKLIR,682,947,7,6,688,952,TT - T - TILDFLKSDGFANR xl T - YDENDKLIR,BS3,13.697,false,true,false,false,Self ,0,0.004,0.014,,0,0,0,0,,161,0,13.697
223,Scan: 10078 Run:  P1_R.QQLPEKYK.E P2_R.QQLPEKYK.E 6 6;Scan: 10070 Run:  P1_R.QQLPEKYK.E P2_R.QQLPEKYK.E 6 6,Cas9,,,false,Cas9,Cas9,,false,QQLPEKYK,QQLPEKYK,345,345,6,6,350,350,TT - T - QQLPEKYK xl T - QQLPEKYK;TT - T - QQLPEKYK xl T - QQLPEKYK,BS3,13.697,false,true,false,false,Self ,0,0.004,0.014,,0,0,0,0,,160,0,11.821
481,Scan: 16113 Run:  P1_R.MoxLASAGELQKGNELALPSK.Y P2_R.KPAFLSGEQK.K 10 1,Cas9,,,false,Cas9,Cas9,,false,MoxLASAGELQKGNELALPSK,KPAFLSGEQK,1217,540,10,1,1226,540,TT - T - MoxLASAGELQKGNELALPSK xl T - KPAFLSGEQK,BS3,13.696,false,true,false,false,Self ,0,0.004,0.014,,0,0,0,0,,159,0,13.696
478,Scan: 14838 Run:  P1_R.HKPENIVIEMAR.E P2_R.HKPENIVIEMAR.E 2 2,Cas9,,,false,Cas9,Cas9,,false,HKPENIVIEMAR,HKPENIVIEMAR,758,758,2,2,759,759,TT - T - HKPENIVIEMAR xl T - HKPENIVIEMAR,BS3,13.657,false,true,false,false,Self ,0,0.004,0.014,,0,0,0,0,,158,0,13.657
475,Scan: 17224 Run:  P1_K.TEVQTGGFSKESILPK.R P2_K.APLSASMoxIKR.Y 10 9,Cas9,,,false,Cas9,Cas9,,false,TEVQTGGFSKESILPK,APLSASMoxIKR,1102,319,10,9,1111,327,TT - T - TEVQTGGFSKESILPK xl T - APLSASMoxIKR,BS3,13.633,false,true,false,false,Self ,0,0.004,0.014,,0,0,0,0,,157,0,13.633
261,Scan: 10700 Run:  P1_R.QQLPEKYK.E P2_K.KDWDPK.K 6 1;Scan: 10695 Run:  P1_R.QQLPEKYK.E P2_K.KDWDPK.K 6 1,Cas9,,,false,Cas9,Cas9,,false,QQLPEKYK,KDWDPK,345,1128,6,1,350,1128,TT - T - QQLPEKYK xl T - KDWDPK;TT - T - QQLPEKYK xl T - KDWDPK,BS3,13.616,false,true,false,false,Self ,0,0.004,0.014,,0,0,0,0,,156,0,10.884
473,Scan: 15220 Run:  P1_K.VKYVTEGMR.K P2_R.LEESFLVEEDKK.H 2 11,Cas9,,,false,Cas9,Cas9,,false,LEESFLVEEDKK,VKYVTEGMR,105,531,11,2,115,532,TT - T - LEESFLVEEDKK xl T - VKYVTEGMR,BS3,13.557,false,true,false,false,Self ,0,0.004,0.014,,0,0,0,0,,129,0,13.557
472,Scan: 13590 Run:  P1_K.VITLKSK.L P2_K.QLKEDYFK.K 5 3,Cas9,,,false,Cas9,Cas9,,false,QLKEDYFK,VITLKSK,567,959,3,5,569,963,TT - T - QLKEDYFK xl T - VITLKSK,BS3,13.542,false,true,false,false,Self ,0,0.004,0.014,,0,0,0,0,,154,0,13.542
470,Scan: 16427 Run:  P1_R.VNTEITKAPLSASMoxIK.R P2_K.FKVLGNTDR.H 7 2,Cas9,,,false,Cas9,Cas9,,false,VNTEITKAPLSASMoxIK,FKVLGNTDR,312,36,7,2,318,37,TT - T - VNTEITKAPLSASMoxIK xl T - FKVLGNTDR,BS3,13.532,false,true,false,false,Self ,0,0.004,0.014,,0,0,0,0,,136,0,13.532
469,Scan: 20018 Run:  P1_R.QEDFYPFLKDNR.E P2_R.LEESFLVEEDKK.H 9 11,Cas9,,,false,Cas9,Cas9,,false,QEDFYPFLKDNR,LEESFLVEEDKK,430,105,9,11,438,115,TT - T - QEDFYPFLKDNR xl T - LEESFLVEEDKK,BS3,13.522,false,true,false,false,Self ,0,0.004,0.014,,0,0,0,0,,152,0,13.522
467,Scan: 18397 Run:  P1_R.QQLPEKYK.E P2_R.KSEETITPWNFEEVVDK.G 6 1,Cas9,,,false,Cas9,Cas9,,false,KSEETITPWNFEEVVDK,QQLPEKYK,472,345,1,6,472,350,TT - T - KSEETITPWNFEEVVDK xl T - QQLPEKYK,BS3,13.415,false,true,false,false,Self ,0,0.004,0.014,,0,0,0,0,,151,0,13.415
272,Scan: 10158 Run:  P1_K.KGILQTVK.V P2_R.DKPIR.E 1 2;Scan: 10270 Run:  P1_K.KGILQTVK.V P2_R.DKPIR.E 1 2,Cas9,,,false,Cas9,Cas9,,false,KGILQTVK,DKPIR,739,1303,1,2,739,1304,TT - T - KGILQTVK xl T - DKPIR;TT - T - KGILQTVK xl T - DKPIR,BS3,13.213,false,true,false,false,Self ,0,0.004,0.015,,0,0,0,0,,150,0,10.106
461,Scan: 16642 Run:  P1_K.VKYVTEGMoxR.K P2_R.QEDFYPFLKDNR.E 2 9,Cas9,,,false,Cas9,Cas9,,false,QEDFYPFLKDNR,VKYVTEGMoxR,430,531,9,2,438,532,TT - T - QEDFYPFLKDNR xl T - VKYVTEGMoxR,BS3,13.21,false,true,false,false,Self ,0,0.004,0.015,,0,0,0,0,,149,0,13.21
457,Scan: 12923 Run:  P1_K.MIAKSEQEIGK.A P2_R.HKPENIVIEMoxAR.E 4 2,Cas9,,,false,Cas9,Cas9,,false,MIAKSEQEIGK,HKPENIVIEMoxAR,1025,758,4,2,1028,759,TT - T - MIAKSEQEIGK xl T - HKPENIVIEMoxAR,BS3,13.062,false,true,false,false,Self ,0,0.004,0.016,,0,0,0,0,,141,0,13.062
453,Scan: 20184 Run:  P1_K.QLKEDYFK.K P2_K.MoxDGTEELLVKLNR.E 3 10,Cas9,,,false,Cas9,Cas9,,false,MoxDGTEELLVKLNR,QLKEDYFK,387,567,10,3,396,569,TT - T - MoxDGTEELLVKLNR xl T - QLKEDYFK,BS3,12.915,false,true,false,false,Self ,0,0.004,0.017,,0,0,0,0,,147,0,12.915
281,Scan: 9936 Run:  P1_K.MoxKNYWR.Q P2_R.DKPIR.E 2 2;Scan: 10053 Run:  P1_K.MoxKNYWR.Q P2_R.DKPIR.E 2 2,Cas9,,,false,Cas9,Cas9,,false,MoxKNYWR,DKPIR,883,1303,2,2,884,1304,TT - T - MoxKNYWR xl T - DKPIR;TT - T - MoxKNYWR xl T - DKPIR,BS3,12.873,false,true,false,false,Self ,0,0.004,0.017,,0,0,0,0,,133,0,9.436
450,Scan: 19915 Run:  P1_K.KNLIGALLFDSGETAEATR.L P2_K.GYKEVK.K 1 3,Cas9,,,false,Cas9,Cas9,,false,KNLIGALLFDSGETAEATR,GYKEVK,49,1190,1,3,49,1192,TT - T - KNLIGALLFDSGETAEATR xl T - GYKEVK,BS3,12.724,false,true,false,false,Self ,0,0.004,0.019,,0,0,0,0,,145,0,12.724
264,Scan: 6495 Run:  P1_K.LKSVK.E P2_K.LKGSPEDNEQK.Q 2 2;Scan: 6492 Run:  P1_K.LKSVK.E P2_K.LKGSPEDNEQK.Q 2 2,Cas9,,,false,Cas9,Cas9,,false,LKGSPEDNEQK,LKSVK,1249,1161,2,2,1250,1162,TT - T - LKGSPEDNEQK xl T - LKSVK;TT - T - LKGSPEDNEQK xl T - LKSVK,BS3,12.639,false,true,false,false,Self ,0,0.004,0.021,,0,0,0,0,,144,0,9.609
445,Scan: 11262 Run:  P1_K.KDLIIK.L P2_R.DKPIR.E 1 2,Cas9,,,false,Cas9,Cas9,,false,KDLIIK,DKPIR,1196,1303,1,2,1196,1304,TT - T - KDLIIK xl T - DKPIR,BS3,12.593,false,true,false,false,Self ,0,0.004,0.021,,0,0,0,0,,143,0,12.593
443,Scan: 10370 Run:  P1_K.AGFIKR.Q P2_K.AGFIKR.Q 5 5,Cas9,,,false,Cas9,Cas9,,false,AGFIKR,AGFIKR,918,918,5,5,922,922,TT - T - AGFIKR xl T - AGFIKR,BS3,12.497,false,true,false,false,Self ,0,0.004,0.021,,0,0,0,0,,142,0,12.497
442,Scan: 12066 Run:  P1_K.MoxIAKSEQEIGK.A P2_R.HKPENIVIEMAR.E 4 2,Cas9,,,false,Cas9,Cas9,,false,MoxIAKSEQEIGK,HKPENIVIEMAR,1025,758,4,2,1028,759,TT - T - MoxIAKSEQEIGK xl T - HKPENIVIEMAR,BS3,12.483,false,true,false,false,Self ,0,0.004,0.021,,0,0,0,0,,141,0,12.483
441,Scan: 16633 Run:  P1_K.MoxDGTEELLVKLNR.E P2_R.EKIEK.I 10 2,Cas9,,,false,Cas9,Cas9,,false,MoxDGTEELLVKLNR,EKIEK,387,442,10,2,396,443,TT - T - MoxDGTEELLVKLNR xl T - EKIEK,BS3,12.475,false,true,false,false,Self ,0,0.004,0.021,,0,0,0,0,,140,0,12.475
439,Scan: 19309 Run:  P1_K.TEVQTGGFSKESILPK.R P2_R.QWYKNK.K 10 4,Cas9,,,false,decoy:Cas9,decoy:Cas9,decoy,true,TEVQTGGFSKESILPK,QWYKNK,1102,485,10,4,1111,488,TD - T - TEVQTGGFSKESILPK xl D - QWYKNK,BS3,12.372,true,false,true,false,Self ,0.004,0.007,0.021,,0,1,0.005,1,,139,7,12.372
437,Scan: 13667 Run:  P1_K.SDNVPSEEVVKK.M P2_R.KDFQFYK.V 11 1,Cas9,,,false,Cas9,Cas9,,false,SDNVPSEEVVKK,KDFQFYK,871,972,11,1,881,972,TT - T - SDNVPSEEVVKK xl T - KDFQFYK,BS3,12.358,false,true,false,false,Self ,0.004,0.004,0.021,,0,0,0.005,0,,138,0,12.358
436,Scan: 8281 Run:  P1_K.VPSKK.F P2_K.VKYVTEGMR.K 4 2,Cas9,,,false,Cas9,Cas9,,false,VKYVTEGMR,VPSKK,531,31,2,4,532,34,TT - T - VKYVTEGMR xl T - VPSKK,BS3,12.258,false,true,false,false,Self ,0.004,0.004,0.022,,0,0,0,0,,86,0,12.258
434,Scan: 16400 Run:  P1_R.VNTEITKAPLSASMIK.R P2_K.FKVLGNTDR.H 7 2,Cas9,,,false,Cas9,Cas9,,false,VNTEITKAPLSASMIK,FKVLGNTDR,312,36,7,2,318,37,TT - T - VNTEITKAPLSASMIK xl T - FKVLGNTDR,BS3,12.172,false,true,false,false,Self ,0.004,0.004,0.023,,0,0,0,0,,136,0,12.172
433,Scan: 5168 Run:  P1_K.VMKQLK.R P2_K.GQKNSR.E 3 3,Cas9,,,false,Cas9,Cas9,,false,GQKNSR,VMKQLK,777,651,3,3,779,653,TT - T - GQKNSR xl T - VMKQLK,BS3,12.159,false,true,false,false,Self ,0.004,0.004,0.023,,0,0,0.005,0,,135,0,12.159
427,Scan: 7291 Run:  P1_K.SEQEIGKATAK.Y P2_R.KMIAK.S 7 1,Cas9,,,false,Cas9,Cas9,,false,SEQEIGKATAK,KMIAK,1029,1024,7,1,1035,1024,TT - T - SEQEIGKATAK xl T - KMIAK,BS3,11.961,false,true,false,false,Self ,0.004,0.005,0.024,,0,0,0,0,,134,0,11.961
263,Scan: 10709 Run:  P1_K.MKNYWR.Q P2_R.DKPIR.E 2 2;Scan: 10710 Run:  P1_K.MKNYWR.Q P2_R.DKPIR.E 2 2,Cas9,,,false,Cas9,Cas9,,false,MKNYWR,DKPIR,883,1303,2,2,884,1304,TT - T - MKNYWR xl T - DKPIR;TT - T - MKNYWR xl T - DKPIR,BS3,11.877,false,true,false,false,Self ,0.004,0.005,0.024,,0,0,0,0,,133,0,8.599
234,Scan: 8215 Run:  P1_R.NSDKLIAR.K P2_R.LSKSR.R 4 3;Scan: 8070 Run:  P1_R.NSDKLIAR.K P2_R.LSKSR.R 4 3,Cas9,,,false,Cas9,Cas9,,false,NSDKLIAR,LSKSR,1119,220,4,3,1122,222,TT - T - NSDKLIAR xl T - LSKSR;TT - T - NSDKLIAR xl T - LSKSR,BS3,11.814,false,true,false,false,Self ,0.004,0.005,0.024,,0,0,0.005,0,,132,0,9.181
419,Scan: 7741 Run:  P1_K.NLPNEKVLPK.H P2_R.HSIKK.N 6 4,Cas9,,,false,Cas9,Cas9,,false,NLPNEKVLPK,HSIKK,505,45,6,4,510,48,TT - T - NLPNEKVLPK xl T - HSIKK,BS3,11.789,false,true,false,false,Self ,0.004,0.005,0.024,,0,0,0.005,0,,131,0,11.789
418,Scan: 10131 Run:  P1_K.SEQEIGKATAK.Y P2_R.ENQTTQKGQK.N 7 7,Cas9,,,false,Cas9,Cas9,,false,SEQEIGKATAK,ENQTTQKGQK,1029,770,7,7,1035,776,TT - T - SEQEIGKATAK xl T - ENQTTQKGQK,BS3,11.779,false,true,false,false,Self ,0.004,0.005,0.024,,0,0,0.005,0,,130,0,11.779
416,Scan: 15232 Run:  P1_K.VKYVTEGMoxR.K P2_R.LEESFLVEEDKK.H 2 11,Cas9,,,false,Cas9,Cas9,,false,LEESFLVEEDKK,VKYVTEGMoxR,105,531,11,2,115,532,TT - T - LEESFLVEEDKK xl T - VKYVTEGMoxR,BS3,11.708,false,true,false,false,Self ,0.004,0.005,0.026,,0,0,0,0,,129,0,11.708
412,Scan: 11934 Run:  P1_K.VKYVTEGMR.K P2_K.EDYFKK.I 2 5,Cas9,,,false,Cas9,Cas9,,false,VKYVTEGMR,EDYFKK,531,570,2,5,532,574,TT - T - VKYVTEGMR xl T - EDYFKK,BS3,11.596,false,true,false,false,Self ,0.004,0.005,0.028,,0,0,0.005,0,,128,0,11.596
410,Scan: 17378 Run:  P1_K.DDSIDNKVLTR.S P2_K.DDSIDNKVLTR.S 7 7,Cas9,,,false,Cas9,Cas9,,false,DDSIDNKVLTR,DDSIDNKVLTR,853,853,7,7,859,859,TT - T - DDSIDNKVLTR xl T - DDSIDNKVLTR,BS3,11.584,false,true,false,false,Self ,0.004,0.005,0.028,,0,0,0.005,0,,127,0,11.584
409,Scan: 19632 Run:  P1_K.QSGKTILDFLK.S P2_K.NLPNEKVLPK.H 4 6,Cas9,,,false,Cas9,Cas9,,false,QSGKTILDFLK,NLPNEKVLPK,678,505,4,6,681,510,TT - T - QSGKTILDFLK xl T - NLPNEKVLPK,BS3,11.58,false,true,false,false,Self ,0.004,0.005,0.028,,0,0,0.005,0,,126,0,11.58
408,Scan: 8781 Run:  P1_K.GYKEVK.K P2_K.AGFIKR.Q 3 5,Cas9,,,false,Cas9,Cas9,,false,AGFIKR,GYKEVK,918,1190,5,3,922,1192,TT - T - AGFIKR xl T - GYKEVK,BS3,11.536,false,true,false,false,Self ,0.004,0.005,0.028,,0,0,0.005,0,,125,0,11.536
393,Scan: 9056 Run:  P1_K.SDNVPSEEVVKK.M P2_K.GYKEVK.K 11 3,Cas9,,,false,Cas9,Cas9,,false,SDNVPSEEVVKK,GYKEVK,871,1190,11,3,881,1192,TT - T - SDNVPSEEVVKK xl T - GYKEVK,BS3,11.358,false,true,false,false,Self ,0.004,0.006,0.024,,0,0,0.005,0,,124,0,11.358
391,Scan: 16320 Run:  P1_K.MDGTEELLVKLNR.E P2_R.KVTVK.Q 10 1,Cas9,,,false,Cas9,Cas9,,false,MDGTEELLVKLNR,KVTVK,387,562,10,1,396,562,TT - T - MDGTEELLVKLNR xl T - KVTVK,BS3,11.353,false,true,false,false,Self ,0.004,0.006,0.024,,0,0,0,0,,121,0,11.353
387,Scan: 15443 Run:  P1_K.TYAHLFDDKVMoxK.Q P2_K.NLPNEKVLPK.H 9 6,Cas9,,,false,Cas9,Cas9,,false,NLPNEKVLPK,TYAHLFDDKVMoxK,505,642,6,9,510,650,TT - T - NLPNEKVLPK xl T - TYAHLFDDKVMoxK,BS3,11.241,false,true,false,false,Self ,0.004,0.006,0.025,,0,0,0,0,,122,0,11.241
384,Scan: 16347 Run:  P1_K.MoxDGTEELLVKLNR.E P2_R.KVTVK.Q 10 1,Cas9,,,false,Cas9,Cas9,,false,MoxDGTEELLVKLNR,KVTVK,387,562,10,1,396,562,TT - T - MoxDGTEELLVKLNR xl T - KVTVK,BS3,11.228,false,true,false,false,Self ,0.004,0.006,0.025,,0,0,0,0,,121,0,11.228
382,Scan: 4530 Run:  P1_K.GYKEVK.K P2_K.GQKNSR.E 3 3,Cas9,,,false,Cas9,Cas9,,false,GYKEVK,GQKNSR,1190,777,3,3,1192,779,TT - T - GYKEVK xl T - GQKNSR,BS3,11.173,false,true,false,false,Self ,0.004,0.006,0.025,,0,0,0.005,0,,120,0,11.173
380,Scan: 7949 Run:  P1_K.VITLKSK.L P2_R.KVTVK.Q 5 1,Cas9,,,false,Cas9,Cas9,,false,VITLKSK,KVTVK,959,562,5,1,963,562,TT - T - VITLKSK xl T - KVTVK,BS3,11.128,false,true,false,false,Self ,0.004,0.006,0.025,,0,0,0.005,0,,119,0,11.128
377,Scan: 2561 Run:  P1_R.SDKNR.G P2_R.SDKNR.G 3 3,Cas9,,,false,Cas9,Cas9,,false,SDKNR,SDKNR,864,864,3,3,866,866,TT - T - SDKNR xl T - SDKNR,BS3,11.08,false,true,false,false,Self ,0.004,0.006,0.026,,0,0,0.005,0,,118,0,11.08
371,Scan: 18239 Run:  P1_R.QEDFYPFLKDNR.E P2_K.EDYFKK.I 9 5,Cas9,,,false,Cas9,Cas9,,false,QEDFYPFLKDNR,EDYFKK,430,570,9,5,438,574,TT - T - QEDFYPFLKDNR xl T - EDYFKK,BS3,10.813,false,true,false,false,Self ,0.004,0.006,0.029,,0,0,0.005,0,,117,0,10.813
370,Scan: 7798 Run:  P1_R.SDKNR.G P2_K.APLSASMoxIKR.Y 3 9,Cas9,,,false,Cas9,Cas9,,false,APLSASMoxIKR,SDKNR,319,864,9,3,327,866,TT - T - APLSASMoxIKR xl T - SDKNR,BS3,10.804,false,true,false,false,Self ,0.004,0.006,0.029,,0,0,0,0,,53,0,10.804
369,Scan: 7989 Run:  P1_K.VITLKSK.L P2_R.EKIEK.I 5 2,Cas9,,,false,Cas9,Cas9,,false,VITLKSK,EKIEK,959,442,5,2,963,443,TT - T - VITLKSK xl T - EKIEK,BS3,10.8,false,true,false,false,Self ,0.004,0.006,0.029,,0,0,0.005,0,,115,0,10.8
366,Scan: 9249 Run:  P1_R.KMIAK.S P2_K.ESILPKR.N 1 6,Cas9,,,false,Cas9,Cas9,,false,ESILPKR,KMIAK,1112,1024,6,1,1117,1024,TT - T - ESILPKR xl T - KMIAK,BS3,10.745,false,true,false,false,Self ,0.004,0.007,0.029,,0,0,0,0,,98,0,10.745
362,Scan: 11524 Run:  P1_R.QQLPEKYK.E P2_R.MoxTNFDKNLPNEK.V 6 6,Cas9,,,false,Cas9,Cas9,,false,MoxTNFDKNLPNEK,QQLPEKYK,499,345,6,6,504,350,TT - T - MoxTNFDKNLPNEK xl T - QQLPEKYK,BS3,10.643,false,true,false,false,Self ,0.004,0.007,0.033,,0,0,0,0,,113,0,10.643
359,Scan: 5143 Run:  P1_R.EKIEK.I P2_R.EKIEK.I 2 2,Cas9,,,false,Cas9,Cas9,,false,EKIEK,EKIEK,442,442,2,2,443,443,TT - T - EKIEK xl T - EKIEK,BS3,10.605,false,true,false,false,Self ,0.004,0.007,0.033,,0,0,0.005,0,,112,0,10.605
357,Scan: 15313 Run:  P1_R.KLINGIR.D P2_K.FIKPILEK.M 1 3,Cas9,,,false,Cas9,Cas9,,false,FIKPILEK,KLINGIR,379,669,3,1,381,669,TT - T - FIKPILEK xl T - KLINGIR,BS3,10.543,false,true,false,false,Self ,0.004,0.007,0.033,,0,0,0.005,0,,111,0,10.543
351,Scan: 6353 Run:  P1_K.IIKDK.D P2_K.IIKDK.D 3 3,Cas9,,,false,Cas9,Cas9,,false,IIKDK,IIKDK,604,604,3,3,606,606,TT - T - IIKDK xl T - IIKDK,BS3,10.474,false,true,false,false,Self ,0.004,0.007,0.036,,0,0,0.005,0,,110,0,10.474
350,Scan: 14050 Run:  P1_K.DWDPKK.Y P2_K.DWDPKK.Y 5 5,Cas9,,,false,Cas9,Cas9,,false,DWDPKK,DWDPKK,1129,1129,5,5,1133,1133,TT - T - DWDPKK xl T - DWDPKK,BS3,10.373,false,true,false,false,Self ,0.004,0.007,0.071,,0,0,0.005,0,,109,0,10.373
348,Scan: 7301 Run:  P1_K.GYKEVK.K P2_K.GYKEVK.K 3 3,Cas9,,,false,Cas9,Cas9,,false,GYKEVK,GYKEVK,1190,1190,3,3,1192,1192,TT - T - GYKEVK xl T - GYKEVK,BS3,10.349,false,true,false,false,Self ,0.004,0.007,0.074,,0,0,0.005,0,,108,0,10.349
347,Scan: 12639 Run:  P1_K.VLSAYNKHR.D P2_K.IEKILTFR.I 7 3,Cas9,,,false,Cas9,Cas9,,false,VLSAYNKHR,IEKILTFR,1294,444,7,3,1300,446,TT - T - VLSAYNKHR xl T - IEKILTFR,BS3,10.327,false,true,false,false,Self ,0.004,0.007,0.074,,0,0,0.005,0,,107,0,10.327
345,Scan: 9423 Run:  P1_K.VMKQLK.R P2_K.AGFIKR.Q 3 5,Cas9,,,false,Cas9,Cas9,,false,AGFIKR,VMKQLK,918,651,5,3,922,653,TT - T - AGFIKR xl T - VMKQLK,BS3,10.31,false,true,false,false,Self ,0.004,0.007,0.074,,0,0,0,0,,58,0,10.31
344,Scan: 15955 Run:  P1_K.FIKPILEK.M P2_K.APLSASMoxIKR.Y 3 9,Cas9,,,false,Cas9,Cas9,,false,APLSASMoxIKR,FIKPILEK,319,379,9,3,327,381,TT - T - APLSASMoxIKR xl T - FIKPILEK,BS3,10.275,false,true,false,false,Self ,0.004,0.007,0.074,,0,0,0,0,,105,0,10.275
343,Scan: 10295 Run:  P1_K.QLKEDYFK.K P2_R.KVTVK.Q 3 1,Cas9,,,false,Cas9,Cas9,,false,QLKEDYFK,KVTVK,567,562,3,1,569,562,TT - T - QLKEDYFK xl T - KVTVK,BS3,10.246,false,true,false,false,Self ,0.004,0.007,0.077,,0,0,0.005,0,,104,0,10.246
341,Scan: 16198 Run:  P1_K.KDLIIK.L P2_K.DDSIDNKVLTR.S 1 7,Cas9,,,false,Cas9,Cas9,,false,DDSIDNKVLTR,KDLIIK,853,1196,7,1,859,1196,TT - T - DDSIDNKVLTR xl T - KDLIIK,BS3,10.228,false,true,false,false,Self ,0.004,0.007,0.077,,0,0,0.005,0,,103,0,10.228
335,Scan: 21757 Run:  P1_R.QWYKNK.K P2_K.NPIDFLEAKGYK.E 4 9,Cas9,,,false,decoy:Cas9,decoy:Cas9,decoy,true,NPIDFLEAKGYK,QWYKNK,1181,485,9,4,1189,488,TD - T - NPIDFLEAKGYK xl D - QWYKNK,BS3,10.071,true,false,true,false,Self ,0.008,0.01,0.08,,0,1,0.009,1,,102,7,10.071
331,Scan: 2257 Run:  P1_K.GQKNSR.E P2_K.GQKNSR.E 3 3,Cas9,,,false,Cas9,Cas9,,false,GQKNSR,GQKNSR,777,777,3,3,779,779,TT - T - GQKNSR xl T - GQKNSR,BS3,9.923,false,true,false,false,Self ,0.008,0.009,0.08,,0,0,0.009,0,,101,0,9.923
330,Scan: 14057 Run:  P1_R.KVTVK.Q P2_R.GGLSELDKAGFIK.R 1 8,Cas9,,,false,Cas9,Cas9,,false,GGLSELDKAGFIK,KVTVK,910,562,8,1,917,562,TT - T - GGLSELDKAGFIK xl T - KVTVK,BS3,9.911,false,true,false,false,Self ,0.008,0.009,0.08,,0,0,0.009,0,,100,0,9.911
329,Scan: 15565 Run:  P1_R.SDKNR.G P2_K.LPKYSLFELENGR.K 3 3,Cas9,,,false,Cas9,Cas9,,false,LPKYSLFELENGR,SDKNR,1202,864,3,3,1204,866,TT - T - LPKYSLFELENGR xl T - SDKNR,BS3,9.877,false,true,false,false,Self ,0.008,0.009,0.12,,0,0,0.009,0,,99,0,9.877
319,Scan: 8438 Run:  P1_R.KMoxIAK.S P2_K.ESILPKR.N 1 6,Cas9,,,false,Cas9,Cas9,,false,ESILPKR,KMoxIAK,1112,1024,6,1,1117,1024,TT - T - ESILPKR xl T - KMoxIAK,BS3,9.708,false,true,false,false,Self ,0.008,0.01,0.167,,0,0,0,0,,98,0,9.708
317,Scan: 2719 Run:  P1_R.DKQSGK.T P2_R.DKQSGK.T 2 2,Cas9,,,false,Cas9,Cas9,,false,DKQSGK,DKQSGK,676,676,2,2,677,677,TT - T - DKQSGK xl T - DKQSGK,BS3,9.702,false,true,false,false,Self ,0.008,0.01,0.167,,0,0,0.009,0,,97,0,9.702
315,Scan: 10426 Run:  P1_K.SDNVPSEEVVKK.M P2_K.AGFIKR.Q 11 5,Cas9,,,false,Cas9,Cas9,,false,SDNVPSEEVVKK,AGFIKR,871,918,11,5,881,922,TT - T - SDNVPSEEVVKK xl T - AGFIKR,BS3,9.666,false,true,false,false,Self ,0.008,0.01,0.174,,0,0,0.009,0,,96,0,9.666
314,Scan: 5112 Run:  P1_R.KVTVK.Q P2_R.EKIEK.I 1 2,Cas9,,,false,Cas9,Cas9,,false,KVTVK,EKIEK,562,442,1,2,562,443,TT - T - KVTVK xl T - EKIEK,BS3,9.656,false,true,false,false,Self ,0.008,0.011,0.174,,0,0,0.009,0,,95,0,9.656
311,Scan: 5221 Run:  P1_R.LSKSR.R P2_R.LSKSR.R 3 3,Cas9,,,false,Cas9,Cas9,,false,LSKSR,LSKSR,220,220,3,3,222,222,TT - T - LSKSR xl T - LSKSR,BS3,9.619,false,true,false,false,Self ,0.008,0.011,0.174,,0,0,0.009,0,,94,0,9.619
301,Scan: 9711 Run:  P1_K.VMKQLK.R P2_K.SDNVPSEEVVKK.M 3 11,Cas9,,,false,Cas9,Cas9,,false,SDNVPSEEVVKK,VMKQLK,871,651,11,3,881,653,TT - T - SDNVPSEEVVKK xl T - VMKQLK,BS3,9.415,false,true,false,false,Self ,0.011,0.012,0.143,,0,0,0,0,,89,0,9.415
294,Scan: 9043 Run:  P1_K.VMoxKQLK.R P2_K.SDNVPSEEVVKK.M 3 11,Cas9,,,false,Cas9,Cas9,,false,SDNVPSEEVVKK,VMoxKQLK,871,651,11,3,881,653,TT - T - SDNVPSEEVVKK xl T - VMoxKQLK,BS3,9.165,false,true,false,false,Self ,0.011,0.014,0.095,,0,0,0,0,,89,0,9.165
286,Scan: 8219 Run:  P1_K.VPSKK.F P2_K.VKYVTEGMoxR.K 4 2,Cas9,,,false,Cas9,Cas9,,false,VKYVTEGMoxR,VPSKK,531,31,2,4,532,34,TT - T - VKYVTEGMoxR xl T - VPSKK,BS3,8.952,false,true,false,false,Self ,0.014,0.014,0.1,,0,0,0,0,,86,0,8.952
280,Scan: 11727 Run:  P1_K.MoxKNYWR.Q P2_K.KGILQTVK.V 2 1,Cas9,,,false,Cas9,Cas9,,false,KGILQTVK,MoxKNYWR,739,883,1,2,739,884,TT - T - KGILQTVK xl T - MoxKNYWR,BS3,8.733,false,true,false,false,Self ,0.014,0.015,0.167,,0,0,0,0,,83,0,8.733
273,Scan: 10877 Run:  P1_K.VMKQLK.R P2_K.LVDSTDKADLR.L 3 7,Cas9,,,false,Cas9,Cas9,,false,LVDSTDKADLR,VMKQLK,146,651,7,3,152,653,TT - T - LVDSTDKADLR xl T - VMKQLK,BS3,8.518,false,true,false,false,Self ,0.014,0.016,0.1,,0,0,0,0,,79,0,8.518
235,Scan: 9441 Run:  P1_K.VMoxKQLK.R P2_K.AGFIKR.Q 3 5,Cas9,,,false,Cas9,Cas9,,false,AGFIKR,VMoxKQLK,918,651,5,3,922,653,TT - T - AGFIKR xl T - VMoxKQLK,BS3,7.448,false,true,false,false,Self ,0.028,0.028,0.529,,0,0,0,0,,58,0,7.448
227,Scan: 8884 Run:  P1_R.SDKNR.G P2_K.APLSASMIKR.Y 3 9,Cas9,,,false,Cas9,Cas9,,false,APLSASMIKR,SDKNR,319,864,9,3,327,866,TT - T - APLSASMIKR xl T - SDKNR,BS3,7.113,false,true,false,false,Self ,0.031,0.031,0.625,,0,0,0,0,,53,0,7.113
226,Scan: 14890 Run:  P1_K.MoxKNYWR.Q P2_K.DDSIDNKVLTR.S 2 7,Cas9,,,false,Cas9,Cas9,,false,DDSIDNKVLTR,MoxKNYWR,853,883,7,2,859,884,TT - T - DDSIDNKVLTR xl T - MoxKNYWR,BS3,7.004,false,true,false,false,Self ,0.031,0.031,0.857,,0,0,0,0,,52,0,7.004
218,Scan: 8993 Run:  P1_K.MoxKNYWR.Q P2_R.LSKSR.R 2 3,Cas9,,,false,Cas9,Cas9,,false,MoxKNYWR,LSKSR,883,220,2,3,884,222,TT - T - MoxKNYWR xl T - LSKSR,BS3,6.809,false,true,false,false,Self ,0.038,0.039,1,,0,0,0,0,,47,0,6.809
