LinkID,PeptidePairIDs,PSMIDs,Protein1,Name1,Description1,Decoy1,Protein2,Name2,Description2,Decoy2,fromSite,ToSite,Croslinkers,Score,isDecoy,isTT,isTD,isDD,count PSMs,count peptide pairs,fdrGroup,fdr,ifdr,PEP,,,Protein1FDR,Protein2FDR,PPIFDR,,top pep fdr,top psm fdr,,PPI id
269,9787;9913;9629;7505,Scan: 8683 Run:  P1_R.TGAGMMDCcmK.K P2_R.TGAGMMDCcmK.K 7 7;Scan: 8703 Run:  P1_R.TGAGMMDCcmK.K P2_R.TGAGMMDCcmK.K 7 7;Scan: 6260 Run:  P1_R.TGAGMoxMDCcmK.K P2_R.TGAGMMDCcmK.K 7 7;Scan: 6062 Run:  P1_R.TGAGMMoxDCcmK.K P2_R.TGAGMMDCcmK.K 7 7;Scan: 6264 Run:  P1_R.TGAGMMoxDCcmK.K P2_R.TGAGMMDCcmK.K 7 7;Scan: 4332 Run:  P1_R.TGAGMoxMoxDCcmK.K P2_R.TGAGMMDCcmK.K 7 7;Scan: 4375 Run:  P1_R.TGAGMoxMoxDCcmK.K P2_R.TGAGMMDCcmK.K 7 7,sg,null,P25888|RHLE_ECOLI ATP-dependent RNA helicase RhlE OS=Escherichia coli (strain K12) GN=rhlE PE=1 SV=3,false,sg,null,P25888|RHLE_ECOLI ATP-dependent RNA helicase RhlE OS=Escherichia coli (strain K12) GN=rhlE PE=1 SV=3,false,22,22,ADH,31.66,false,true,false,false,7,4,Self,0,0,0.008,17.818,,0,0,0,,-0.007,-0.006,,0
30,9792;9750;9751;9772;7608;9511,Scan: 4898 Run:  P1_-.MTEAMK.I P2_-.MTEAMK.I 3 3;Scan: 4911 Run:  P1_-.MTEAMK.I P2_-.MTEAMK.I 3 3;Scan: 3814 Run:  P1_-.MoxTEAMK.I P2_-.MTEAMK.I 3 3;Scan: 3781 Run:  P1_-.MoxTEAMK.I P2_-.MTEAMK.I 3 3;Scan: 3396 Run:  P1_-.MTEAMoxK.I P2_-.MTEAMK.I 3 3;Scan: 3367 Run:  P1_-.MTEAMoxK.I P2_-.MTEAMK.I 3 3;Scan: 2953 Run:  P1_-.MoxTEAMK.I P2_-.MoxTEAMK.I 3 3;Scan: 2440 Run:  P1_-.MTEAMoxK.I P2_-.MTEAMoxK.I 3 3;Scan: 2669 Run:  P1_-.MTEAMoxK.I P2_-.MTEAMoxK.I 3 3;Scan: 11573 Run:  P1_-.MTEAMK.I P2_-.MSEAPK.K 3 3,sg,null,P25888|RHLE_ECOLI ATP-dependent RNA helicase RhlE OS=Escherichia coli (strain K12) GN=rhlE PE=1 SV=3,false,sg,null,P25888|RHLE_ECOLI ATP-dependent RNA helicase RhlE OS=Escherichia coli (strain K12) GN=rhlE PE=1 SV=3,false,3,3,ADH,31.222,false,true,false,false,10,6,Self,0,0,0.008,13.495,,0,0,0,,-0.007,-0.006,,0
96,9799;9778;9755;9823;9576,Scan: 5179 Run:  P1_K.SELVNVAK.K P2_-.MoxTEAMoxK.I 2 3;Scan: 5194 Run:  P1_K.SELVNVAK.K P2_-.MoxTEAMoxK.I 2 3;Scan: 8455 Run:  P1_K.SELVNVAK.K P2_-.MTEAMK.I 2 3;Scan: 8541 Run:  P1_K.SELVNVAK.K P2_-.MTEAMK.I 2 3;Scan: 6314 Run:  P1_K.SELVNVAK.K P2_-.MTEAMoxK.I 2 3;Scan: 6319 Run:  P1_K.SELVNVAK.K P2_-.MTEAMoxK.I 2 3;Scan: 7009 Run:  P1_K.SELVNVAK.K P2_-.MoxTEAMK.I 2 3;Scan: 13449 Run:  P1_K.SELVNVAK.K P2_-.MNEQYSALR.S 2 3,sg,null,P25888|RHLE_ECOLI ATP-dependent RNA helicase RhlE OS=Escherichia coli (strain K12) GN=rhlE PE=1 SV=3,false,sg,null,P25888|RHLE_ECOLI ATP-dependent RNA helicase RhlE OS=Escherichia coli (strain K12) GN=rhlE PE=1 SV=3,false,3,31,ADH,28.516,false,true,false,false,8,5,Self,0,0.001,0.008,11.166,,0,0,0,,-0.007,-0.006,,0
312,9829;9861,Scan: 9923 Run:  P1_K.SNVPALEACcmPQKR.G P2_R.AAALAAADAR.I 7 8;Scan: 10111 Run:  P1_K.SNVPALEACcmPQKR.G P2_R.AAALAAADAR.I 7 8;Scan: 9958 Run:  P1_K.SNVPALEACcmPQKR.G P2_R.AAALAAADAR.I 7 8;Scan: 12311 Run:  P1_K.SNVPALEACcmPQK.R P2_R.AAALAAADAR.I 7 8,sg,null,P25888|RHLE_ECOLI ATP-dependent RNA helicase RhlE OS=Escherichia coli (strain K12) GN=rhlE PE=1 SV=3,false,sg,null,P25888|RHLE_ECOLI ATP-dependent RNA helicase RhlE OS=Escherichia coli (strain K12) GN=rhlE PE=1 SV=3,false,25,44,ADH,27.733,false,true,false,false,4,2,Self,0,0.002,0.008,17.218,,0,0,0,,-0.007,-0.006,,0
287,9869;9816,Scan: 9914 Run:  P1_R.TGAGMMDCcmK.K P2_K.AGNVAADGVIK.T 7 7;Scan: 9926 Run:  P1_R.TGAGMMDCcmK.K P2_K.AGNVAADGVIK.T 7 7;Scan: 7371 Run:  P1_R.TGAGMoxMDCcmK.K P2_K.AGNVAADGVIK.T 7 7,sg,null,P25888|RHLE_ECOLI ATP-dependent RNA helicase RhlE OS=Escherichia coli (strain K12) GN=rhlE PE=1 SV=3,false,sg,null,P25888|RHLE_ECOLI ATP-dependent RNA helicase RhlE OS=Escherichia coli (strain K12) GN=rhlE PE=1 SV=3,false,59,22,ADH,26.361,false,true,false,false,3,2,Self,0,0.002,0.008,20.051,,0,0,0,,-0.007,-0.006,,0
378,9735;9833,Scan: 7218 Run:  P1_R.TGDTISGK.I P2_K.GTGNMoxELHLSR.K 3 6;Scan: 7193 Run:  P1_R.TGDTISGK.I P2_K.GTGNMoxELHLSR.K 3 6;Scan: 7232 Run:  P1_R.TGDTISGK.I P2_K.GTGNMoxELHLSR.K 3 6;Scan: 9703 Run:  P1_R.TGDTISGK.I P2_K.GTGNMELHLSR.K 3 6;Scan: 9704 Run:  P1_R.TGDTISGK.I P2_K.GTGNMELHLSR.K 3 6,sg,null,P25888|RHLE_ECOLI ATP-dependent RNA helicase RhlE OS=Escherichia coli (strain K12) GN=rhlE PE=1 SV=3,false,sg,null,P25888|RHLE_ECOLI ATP-dependent RNA helicase RhlE OS=Escherichia coli (strain K12) GN=rhlE PE=1 SV=3,false,342,95,ADH,26.184,false,true,false,false,5,2,Self,0,0.002,0.008,14.577,,0,0,0,,-0.007,-0.006,,0
393,9904,Scan: 8854 Run:  P1_R.AAALAAADAR.I P2_R.AAALAAADAR.I 8 8;Scan: 8829 Run:  P1_R.AAALAAADAR.I P2_R.AAALAAADAR.I 8 8,sg,null,P25888|RHLE_ECOLI ATP-dependent RNA helicase RhlE OS=Escherichia coli (strain K12) GN=rhlE PE=1 SV=3,false,sg,null,P25888|RHLE_ECOLI ATP-dependent RNA helicase RhlE OS=Escherichia coli (strain K12) GN=rhlE PE=1 SV=3,false,44,44,ADH,25.833,false,true,false,false,2,1,Self,0,0.002,0.008,20.799,,0,0,0,,-0.007,-0.006,,0
325,9541;9737,Scan: 6880 Run:  P1_K.GTGNMELHLSR.K P2_R.AGNDANR.Q 6 4;Scan: 6869 Run:  P1_K.GTGNMELHLSR.K P2_R.AGNDANR.Q 6 4;Scan: 6876 Run:  P1_K.GTGNMELHLSR.K P2_R.AGNDANR.Q 6 4;Scan: 4771 Run:  P1_K.GTGNMoxELHLSR.K P2_R.AGNDANR.Q 6 4;Scan: 4781 Run:  P1_K.GTGNMoxELHLSR.K P2_R.AGNDANR.Q 6 4,sg,null,P25888|RHLE_ECOLI ATP-dependent RNA helicase RhlE OS=Escherichia coli (strain K12) GN=rhlE PE=1 SV=3,false,sg,null,P25888|RHLE_ECOLI ATP-dependent RNA helicase RhlE OS=Escherichia coli (strain K12) GN=rhlE PE=1 SV=3,false,342,50,ADH,23.998,false,true,false,false,5,2,Self,0,0.003,0.009,13.78,,0,0,0,,-0.007,-0.006,,0
126,9748;9879;9605,Scan: 11801 Run:  P1_R.TGAGMMDCcmK.K P2_R.ALSMDAVQK.A 7 5;Scan: 11826 Run:  P1_R.TGAGMMDCcmK.K P2_R.ALSMDAVQK.A 7 5;Scan: 8880 Run:  P1_R.TGAGMMoxDCcmK.K P2_R.ALSMDAVQK.A 7 5;Scan: 7765 Run:  P1_R.TGAGMMDCcmK.K P2_R.ALSMoxDAVQK.A 7 5,sg,null,P25888|RHLE_ECOLI ATP-dependent RNA helicase RhlE OS=Escherichia coli (strain K12) GN=rhlE PE=1 SV=3,false,sg,null,P25888|RHLE_ECOLI ATP-dependent RNA helicase RhlE OS=Escherichia coli (strain K12) GN=rhlE PE=1 SV=3,false,22,17,ADH,23.706,false,true,false,false,4,3,Self,0,0.003,0.009,15.822,,0,0,0,,-0.007,-0.006,,0
180,9619;9654;9318;7682;9661,Scan: 7409 Run:  P1_K.SLTEIK.D P2_-.MTEAMK.I 4 3;Scan: 7414 Run:  P1_K.SLTEIK.D P2_-.MTEAMK.I 4 3;Scan: 12610 Run:  P1_K.SLTEIK.D P2_-.MNEQYSALR.S 4 3;Scan: 12591 Run:  P1_K.SLTEIK.D P2_-.MNEQYSALR.S 4 3;Scan: 5290 Run:  P1_K.SLTEIK.D P2_-.MTEAMoxK.I 4 3;Scan: 5292 Run:  P1_K.SLTEIK.D P2_-.MTEAMoxK.I 4 3;Scan: 4242 Run:  P1_K.SLTEIK.D P2_-.MoxTEAMoxK.I 4 3;Scan: 4213 Run:  P1_K.SLTEIK.D P2_-.MoxTEAMoxK.I 4 3;Scan: 5944 Run:  P1_K.SLTEIK.D P2_-.MoxTEAMK.I 4 3,sg,null,P25888|RHLE_ECOLI ATP-dependent RNA helicase RhlE OS=Escherichia coli (strain K12) GN=rhlE PE=1 SV=3,false,sg,null,P25888|RHLE_ECOLI ATP-dependent RNA helicase RhlE OS=Escherichia coli (strain K12) GN=rhlE PE=1 SV=3,false,3,302,ADH,23.704,false,true,false,false,9,5,Self,0,0.003,0.009,10.912,,0,0,0,,-0.007,-0.006,,0
300,9706;9837,Scan: 9950 Run:  P1_R.TGAGMMDCcmK.K P2_K.SNVPALEACcmPQKR.G 7 7;Scan: 9906 Run:  P1_R.TGAGMMDCcmK.K P2_K.SNVPALEACcmPQKR.G 7 7;Scan: 9964 Run:  P1_R.TGAGMMDCcmK.K P2_K.SNVPALEACcmPQKR.G 7 7;Scan: 7810 Run:  P1_R.TGAGMoxMDCcmK.K P2_K.SNVPALEACcmPQKR.G 7 7,sg,null,P25888|RHLE_ECOLI ATP-dependent RNA helicase RhlE OS=Escherichia coli (strain K12) GN=rhlE PE=1 SV=3,false,sg,null,P25888|RHLE_ECOLI ATP-dependent RNA helicase RhlE OS=Escherichia coli (strain K12) GN=rhlE PE=1 SV=3,false,25,22,ADH,23.204,false,true,false,false,4,2,Self,0,0.003,0.009,15.303,,0,0,0,,-0.007,-0.006,,0
331,9803;9771,Scan: 5651 Run:  P1_K.SNVPALEACcmPQKR.G P2_R.AGNDANR.Q 7 4;Scan: 5584 Run:  P1_K.SNVPALEACcmPQKR.G P2_R.AGNDANR.Q 7 4;Scan: 7127 Run:  P1_K.SNVPALEACcmPQK.R P2_R.AGNDANR.Q 7 4;Scan: 7099 Run:  P1_K.SNVPALEACcmPQK.R P2_R.AGNDANR.Q 7 4,sg,null,P25888|RHLE_ECOLI ATP-dependent RNA helicase RhlE OS=Escherichia coli (strain K12) GN=rhlE PE=1 SV=3,false,sg,null,P25888|RHLE_ECOLI ATP-dependent RNA helicase RhlE OS=Escherichia coli (strain K12) GN=rhlE PE=1 SV=3,false,25,50,ADH,22.769,false,true,false,false,4,2,Self,0,0.003,0.009,14.612,,0,0,0,,-0.007,-0.006,,0
327,9919;9663,Scan: 9836 Run:  P1_R.QNLAQQER.T P2_R.ALSMDAVQK.A 7 5;Scan: 6311 Run:  P1_R.QNLAQQER.T P2_R.ALSMoxDAVQK.A 7 5;Scan: 6310 Run:  P1_R.QNLAQQER.T P2_R.ALSMoxDAVQK.A 7 5,sg,null,P25888|RHLE_ECOLI ATP-dependent RNA helicase RhlE OS=Escherichia coli (strain K12) GN=rhlE PE=1 SV=3,false,sg,null,P25888|RHLE_ECOLI ATP-dependent RNA helicase RhlE OS=Escherichia coli (strain K12) GN=rhlE PE=1 SV=3,false,17,527,ADH,22.433,false,true,false,false,3,2,Self,0,0.004,0.009,17.919,,0,0,0,,-0.007,-0.006,,0
99,9909;9886;9578,Scan: 9844 Run:  P1_K.VLDAAVAGK.I P2_R.TGAGMMDCcmK.K 3 7;Scan: 7122 Run:  P1_K.VLDAAVAGK.I P2_R.TGAGMMoxDCcmK.K 3 7;Scan: 5284 Run:  P1_K.VLDAAVAGK.I P2_R.TGAGMoxMoxDCcmK.K 3 7,sg,null,P25888|RHLE_ECOLI ATP-dependent RNA helicase RhlE OS=Escherichia coli (strain K12) GN=rhlE PE=1 SV=3,false,sg,null,P25888|RHLE_ECOLI ATP-dependent RNA helicase RhlE OS=Escherichia coli (strain K12) GN=rhlE PE=1 SV=3,false,98,22,ADH,22.025,false,true,false,false,3,3,Self,0,0.004,0.009,15.77,,0,0,0,,-0.007,-0.006,,0
315,9915;9729,Scan: 8770 Run:  P1_R.TGAGMMDCcmK.K P2_R.AAALAAADAR.I 7 8;Scan: 6263 Run:  P1_R.TGAGMMoxDCcmK.K P2_R.AAALAAADAR.I 7 8;Scan: 6329 Run:  P1_R.TGAGMMoxDCcmK.K P2_R.AAALAAADAR.I 7 8,sg,null,P25888|RHLE_ECOLI ATP-dependent RNA helicase RhlE OS=Escherichia coli (strain K12) GN=rhlE PE=1 SV=3,false,sg,null,P25888|RHLE_ECOLI ATP-dependent RNA helicase RhlE OS=Escherichia coli (strain K12) GN=rhlE PE=1 SV=3,false,44,22,ADH,21.369,false,true,false,false,3,2,Self,0,0.004,0.009,17.144,,0,0,0,,-0.007,-0.006,,0
292,9704;9824,Scan: 12008 Run:  P1_K.SELVNVAK.K P2_R.AVTDKPSLLMoxCcmK.T 2 4;Scan: 11989 Run:  P1_K.SELVNVAK.K P2_R.AVTDKPSLLMoxCcmK.T 2 4;Scan: 12003 Run:  P1_K.SELVNVAK.K P2_R.AVTDKPSLLMoxCcmK.T 2 4;Scan: 13821 Run:  P1_K.SELVNVAK.K P2_R.AVTDKPSLLMCcmK.T 2 4,sg,null,P25888|RHLE_ECOLI ATP-dependent RNA helicase RhlE OS=Escherichia coli (strain K12) GN=rhlE PE=1 SV=3,false,sg,null,P25888|RHLE_ECOLI ATP-dependent RNA helicase RhlE OS=Escherichia coli (strain K12) GN=rhlE PE=1 SV=3,false,236,31,ADH,21.3,false,true,false,false,4,2,Self,0,0.004,0.009,12.311,,0,0,0,,-0.007,-0.006,,0
342,9763;9766,Scan: 18074 Run:  P1_K.ATDLFLK.D P2_R.ALSMDAVQK.A 3 5;Scan: 18092 Run:  P1_K.ATDLFLK.D P2_R.ALSMDAVQK.A 3 5;Scan: 13515 Run:  P1_K.ATDLFLK.D P2_R.ALSMoxDAVQK.A 3 5;Scan: 13543 Run:  P1_K.ATDLFLK.D P2_R.ALSMoxDAVQK.A 3 5,sg,null,P25888|RHLE_ECOLI ATP-dependent RNA helicase RhlE OS=Escherichia coli (strain K12) GN=rhlE PE=1 SV=3,false,sg,null,P25888|RHLE_ECOLI ATP-dependent RNA helicase RhlE OS=Escherichia coli (strain K12) GN=rhlE PE=1 SV=3,false,17,277,ADH,21.291,false,true,false,false,4,2,Self,0,0.004,0.009,12.129,,0,0,0,,-0.007,-0.006,,0
337,9677;9144,Scan: 5037 Run:  P1_-.MoxNLTELK.N P2_R.AGNDANR.Q 5 4;Scan: 5051 Run:  P1_-.MoxNLTELK.N P2_R.AGNDANR.Q 5 4;Scan: 7966 Run:  P1_-.MNLTELK.N P2_R.AGNDANR.Q 5 4;Scan: 8021 Run:  P1_-.MNLTELK.N P2_R.AGNDANR.Q 5 4,sg,null,P25888|RHLE_ECOLI ATP-dependent RNA helicase RhlE OS=Escherichia coli (strain K12) GN=rhlE PE=1 SV=3,false,sg,null,P25888|RHLE_ECOLI ATP-dependent RNA helicase RhlE OS=Escherichia coli (strain K12) GN=rhlE PE=1 SV=3,false,50,5,ADH,21.142,false,true,false,false,4,2,Self,0,0.004,0.009,13.223,,0,0,0,,-0.007,-0.006,,0
390,9890,Scan: 12632 Run:  P1_K.AELGIPK.S P2_R.AAALAAADAR.I 2 8;Scan: 12611 Run:  P1_K.AELGIPK.S P2_R.AAALAAADAR.I 2 8,sg,null,P25888|RHLE_ECOLI ATP-dependent RNA helicase RhlE OS=Escherichia coli (strain K12) GN=rhlE PE=1 SV=3,false,sg,null,P25888|RHLE_ECOLI ATP-dependent RNA helicase RhlE OS=Escherichia coli (strain K12) GN=rhlE PE=1 SV=3,false,44,808,ADH,21.016,false,true,false,false,2,1,Self,0,0.004,0.009,15.847,,0,0,0,,-0.007,-0.006,,0
322,9786;9876,Scan: 7101 Run:  P1_K.MoxVEVNACcmLK.Q P2_K.EAAPAK.A 3 1;Scan: 7120 Run:  P1_K.MoxVEVNACcmLK.Q P2_K.EAAPAK.A 3 1;Scan: 8838 Run:  P1_K.MVEVNACcmLK.Q P2_K.EAAPAK.A 3 1,sg,null,P25888|RHLE_ECOLI ATP-dependent RNA helicase RhlE OS=Escherichia coli (strain K12) GN=rhlE PE=1 SV=3,false,sg,null,P25888|RHLE_ECOLI ATP-dependent RNA helicase RhlE OS=Escherichia coli (strain K12) GN=rhlE PE=1 SV=3,false,153,877,ADH,20.925,false,true,false,false,3,2,Self,0,0.004,0.009,13.344,,0,0,0,,-0.007,-0.006,,0
318,9783;9705,Scan: 10609 Run:  P1_K.SNVPALEACcmPQKR.G P2_K.SLTEIK.D 7 4;Scan: 10604 Run:  P1_K.SNVPALEACcmPQKR.G P2_K.SLTEIK.D 7 4;Scan: 13300 Run:  P1_K.SNVPALEACcmPQK.R P2_K.SLTEIK.D 7 4;Scan: 13294 Run:  P1_K.SNVPALEACcmPQK.R P2_K.SLTEIK.D 7 4,sg,null,P25888|RHLE_ECOLI ATP-dependent RNA helicase RhlE OS=Escherichia coli (strain K12) GN=rhlE PE=1 SV=3,false,sg,null,P25888|RHLE_ECOLI ATP-dependent RNA helicase RhlE OS=Escherichia coli (strain K12) GN=rhlE PE=1 SV=3,false,25,302,ADH,20.857,false,true,false,false,4,2,Self,0,0.004,0.009,12.867,,0,0,0,,-0.007,-0.006,,0
389,9804,Scan: 4827 Run:  P1_K.AGNVAADGVIK.T P2_R.AGNDANR.Q 7 4;Scan: 4836 Run:  P1_K.AGNVAADGVIK.T P2_R.AGNDANR.Q 7 4,sg,null,P25888|RHLE_ECOLI ATP-dependent RNA helicase RhlE OS=Escherichia coli (strain K12) GN=rhlE PE=1 SV=3,false,sg,null,P25888|RHLE_ECOLI ATP-dependent RNA helicase RhlE OS=Escherichia coli (strain K12) GN=rhlE PE=1 SV=3,false,59,50,ADH,20.651,false,true,false,false,2,1,Self,0,0.004,0.009,17.632,,0,0,0,,-0.007,-0.006,,0
243,9848;9791;9775;9727,Scan: 7796 Run:  P1_K.SQAIEGLVK.A P2_-.MTEAMoxK.I 5 3;Scan: 8596 Run:  P1_K.SQAIEGLVK.A P2_-.MoxTEAMK.I 5 3;Scan: 10074 Run:  P1_K.SQAIEGLVK.A P2_-.MTEAMK.I 5 3;Scan: 6548 Run:  P1_K.SQAIEGLVK.A P2_-.MoxTEAMoxK.I 5 3,sg,null,P25888|RHLE_ECOLI ATP-dependent RNA helicase RhlE OS=Escherichia coli (strain K12) GN=rhlE PE=1 SV=3,false,sg,null,P25888|RHLE_ECOLI ATP-dependent RNA helicase RhlE OS=Escherichia coli (strain K12) GN=rhlE PE=1 SV=3,false,292,3,ADH,20.426,false,true,false,false,4,4,Self,0,0.004,0.009,11.999,,0,0,0,,-0.007,-0.006,,0
386,9819,Scan: 10656 Run:  P1_R.QNLAQQER.T P2_R.AVTDKPSLLMCcmK.T 7 4;Scan: 10643 Run:  P1_R.QNLAQQER.T P2_R.AVTDKPSLLMCcmK.T 7 4,sg,null,P25888|RHLE_ECOLI ATP-dependent RNA helicase RhlE OS=Escherichia coli (strain K12) GN=rhlE PE=1 SV=3,false,sg,null,P25888|RHLE_ECOLI ATP-dependent RNA helicase RhlE OS=Escherichia coli (strain K12) GN=rhlE PE=1 SV=3,false,236,527,ADH,20.122,false,true,false,false,2,1,Self,0,0.005,0.01,16.766,,0,0,0,,-0.007,-0.006,,0
298,9773;9834,Scan: 3687 Run:  P1_R.TGAGMMDCcmK.K P2_R.AGNDANR.Q 7 4;Scan: 3668 Run:  P1_R.TGAGMMDCcmK.K P2_R.AGNDANR.Q 7 4;Scan: 2526 Run:  P1_R.TGAGMoxMDCcmK.K P2_R.AGNDANR.Q 7 4,sg,null,P25888|RHLE_ECOLI ATP-dependent RNA helicase RhlE OS=Escherichia coli (strain K12) GN=rhlE PE=1 SV=3,false,sg,null,P25888|RHLE_ECOLI ATP-dependent RNA helicase RhlE OS=Escherichia coli (strain K12) GN=rhlE PE=1 SV=3,false,22,50,ADH,20.027,false,true,false,false,3,2,Self,0,0.005,0.01,13.364,,0,0,0,,-0.007,-0.006,,0
385,9850,Scan: 14177 Run:  P1_K.SQAIEGLVK.A P2_K.SELVNVAK.K 5 2;Scan: 14200 Run:  P1_K.SQAIEGLVK.A P2_K.SELVNVAK.K 5 2,sg,null,P25888|RHLE_ECOLI ATP-dependent RNA helicase RhlE OS=Escherichia coli (strain K12) GN=rhlE PE=1 SV=3,false,sg,null,P25888|RHLE_ECOLI ATP-dependent RNA helicase RhlE OS=Escherichia coli (strain K12) GN=rhlE PE=1 SV=3,false,31,292,ADH,19.979,false,true,false,false,2,1,Self,0,0.005,0.01,15.769,,0,0,0,,-0.007,-0.006,,0
383,9865,Scan: 9857 Run:  P1_R.TGDTISGK.I P2_K.SQAIEGLVK.A 3 5;Scan: 9655 Run:  P1_R.TGDTISGK.I P2_K.SQAIEGLVK.A 3 5,sg,null,P25888|RHLE_ECOLI ATP-dependent RNA helicase RhlE OS=Escherichia coli (strain K12) GN=rhlE PE=1 SV=3,false,sg,null,P25888|RHLE_ECOLI ATP-dependent RNA helicase RhlE OS=Escherichia coli (strain K12) GN=rhlE PE=1 SV=3,false,292,95,ADH,19.069,false,true,false,false,2,1,Self,0,0.005,0.01,14.119,,0,0,0,,-0.007,-0.006,,0
283,9769;9809,Scan: 15139 Run:  P1_R.AVTDKPSLLMCcmK.T P2_R.AVTDKPSLLMCcmK.T 4 4;Scan: 15124 Run:  P1_R.AVTDKPSLLMCcmK.T P2_R.AVTDKPSLLMCcmK.T 4 4;Scan: 13483 Run:  P1_R.AVTDKPSLLMoxCcmK.T P2_R.AVTDKPSLLMCcmK.T 4 4,sg,null,P25888|RHLE_ECOLI ATP-dependent RNA helicase RhlE OS=Escherichia coli (strain K12) GN=rhlE PE=1 SV=3,false,sg,null,P25888|RHLE_ECOLI ATP-dependent RNA helicase RhlE OS=Escherichia coli (strain K12) GN=rhlE PE=1 SV=3,false,236,236,ADH,19.042,false,true,false,false,3,2,Self,0,0.005,0.01,12.398,,0,0,0,,-0.007,-0.006,,0
382,9788,Scan: 10476 Run:  P1_K.SQAIEGLVK.A P2_R.QNLAQQER.T 5 7;Scan: 10486 Run:  P1_K.SQAIEGLVK.A P2_R.QNLAQQER.T 5 7,sg,null,P25888|RHLE_ECOLI ATP-dependent RNA helicase RhlE OS=Escherichia coli (strain K12) GN=rhlE PE=1 SV=3,false,sg,null,P25888|RHLE_ECOLI ATP-dependent RNA helicase RhlE OS=Escherichia coli (strain K12) GN=rhlE PE=1 SV=3,false,292,527,ADH,19.021,false,true,false,false,2,1,Self,0,0.005,0.01,16.093,,0,0,0,,-0.007,-0.006,,0
381,9856,Scan: 4651 Run:  P1_K.EAAPAK.A P2_R.AAALAAADAR.I 1 8;Scan: 4659 Run:  P1_K.EAAPAK.A P2_R.AAALAAADAR.I 1 8,sg,null,P25888|RHLE_ECOLI ATP-dependent RNA helicase RhlE OS=Escherichia coli (strain K12) GN=rhlE PE=1 SV=3,false,sg,null,P25888|RHLE_ECOLI ATP-dependent RNA helicase RhlE OS=Escherichia coli (strain K12) GN=rhlE PE=1 SV=3,false,44,877,ADH,18.952,false,true,false,false,2,1,Self,0,0.005,0.01,14.223,,0,0,0,,-0.007,-0.006,,0
380,9840,Scan: 4922 Run:  P1_R.TGDTISGK.I P2_R.QNLAQQER.T 3 7;Scan: 4928 Run:  P1_R.TGDTISGK.I P2_R.QNLAQQER.T 3 7,sg,null,P25888|RHLE_ECOLI ATP-dependent RNA helicase RhlE OS=Escherichia coli (strain K12) GN=rhlE PE=1 SV=3,false,sg,null,P25888|RHLE_ECOLI ATP-dependent RNA helicase RhlE OS=Escherichia coli (strain K12) GN=rhlE PE=1 SV=3,false,527,95,ADH,18.733,false,true,false,false,2,1,Self,0,0.005,0.01,14.781,,0,0,0,,-0.007,-0.006,,0
288,9220;9817,Scan: 18823 Run:  P1_K.SNVPALEACcmPQKR.G P2_K.LPVEFVPVR.F 7 4;Scan: 18836 Run:  P1_K.SNVPALEACcmPQKR.G P2_K.LPVEFVPVR.F 7 4;Scan: 22056 Run:  P1_K.SNVPALEACcmPQK.R P2_K.LPVEFVPVR.F 7 4,sg,null,P25888|RHLE_ECOLI ATP-dependent RNA helicase RhlE OS=Escherichia coli (strain K12) GN=rhlE PE=1 SV=3,false,sg,null,P25888|RHLE_ECOLI ATP-dependent RNA helicase RhlE OS=Escherichia coli (strain K12) GN=rhlE PE=1 SV=3,false,25,239,ADH,18.593,false,true,false,false,3,2,Self,0,0.005,0.01,13.474,,0,0,0,,-0.007,-0.006,,0
373,9776,Scan: 4818 Run:  P1_K.VLGETIK.D P2_R.AGNDANR.Q 4 4;Scan: 4585 Run:  P1_K.VLGETIK.D P2_R.AGNDANR.Q 4 4,sg,null,P25888|RHLE_ECOLI ATP-dependent RNA helicase RhlE OS=Escherichia coli (strain K12) GN=rhlE PE=1 SV=3,false,sg,null,P25888|RHLE_ECOLI ATP-dependent RNA helicase RhlE OS=Escherichia coli (strain K12) GN=rhlE PE=1 SV=3,false,50,21,ADH,17.615,false,true,false,false,2,1,Self,0,0.006,0.011,14.68,,0,0,0,,-0.007,-0.006,,0
230,9905;9714,Scan: 17942 Run:  P1_-.MNLTELK.N P2_K.AELGIPK.S 5 2;Scan: 14660 Run:  P1_-.MoxNLTELK.N P2_K.AELGIPK.S 5 2,sg,null,P25888|RHLE_ECOLI ATP-dependent RNA helicase RhlE OS=Escherichia coli (strain K12) GN=rhlE PE=1 SV=3,false,sg,null,P25888|RHLE_ECOLI ATP-dependent RNA helicase RhlE OS=Escherichia coli (strain K12) GN=rhlE PE=1 SV=3,false,5,808,ADH,17.588,false,true,false,false,2,2,Self,0,0.006,0.011,15.53,,0,0,0,,-0.007,-0.006,,0
372,9818,Scan: 7410 Run:  P1_K.SQAIEGLVK.A P2_K.EAAPAK.A 5 1;Scan: 7225 Run:  P1_K.SQAIEGLVK.A P2_K.EAAPAK.A 5 1,sg,null,P25888|RHLE_ECOLI ATP-dependent RNA helicase RhlE OS=Escherichia coli (strain K12) GN=rhlE PE=1 SV=3,false,sg,null,P25888|RHLE_ECOLI ATP-dependent RNA helicase RhlE OS=Escherichia coli (strain K12) GN=rhlE PE=1 SV=3,false,292,877,ADH,17.507,false,true,false,false,2,1,Self,0,0.006,0.011,13.525,,0,0,0,,-0.007,-0.006,,0
370,9828,Scan: 3883 Run:  P1_R.AGNDANR.Q P2_R.AAALAAADAR.I 4 8;Scan: 3892 Run:  P1_R.AGNDANR.Q P2_R.AAALAAADAR.I 4 8,sg,null,P25888|RHLE_ECOLI ATP-dependent RNA helicase RhlE OS=Escherichia coli (strain K12) GN=rhlE PE=1 SV=3,false,sg,null,P25888|RHLE_ECOLI ATP-dependent RNA helicase RhlE OS=Escherichia coli (strain K12) GN=rhlE PE=1 SV=3,false,44,50,ADH,16.82,false,true,false,false,2,1,Self,0,0.006,0.011,12.526,,0,0,0,,-0.007,-0.006,,0
278,9871;8374,Scan: 6986 Run:  P1_R.TGAGMMDCcmK.K P2_R.QNLAQQER.T 7 7;Scan: 4865 Run:  P1_R.TGAGMMoxDCcmK.K P2_R.QNLAQQER.T 7 7;Scan: 4867 Run:  P1_R.TGAGMMoxDCcmK.K P2_R.QNLAQQER.T 7 7,sg,null,P25888|RHLE_ECOLI ATP-dependent RNA helicase RhlE OS=Escherichia coli (strain K12) GN=rhlE PE=1 SV=3,false,sg,null,P25888|RHLE_ECOLI ATP-dependent RNA helicase RhlE OS=Escherichia coli (strain K12) GN=rhlE PE=1 SV=3,false,22,527,ADH,16.691,false,true,false,false,3,2,Self,0,0.006,0.011,13.12,,0,0,0,,-0.007,-0.006,,0
299,9669;9411,Scan: 12877 Run:  P1_K.SLTEIK.D P2_K.GTGNMELHLSR.K 4 6;Scan: 12863 Run:  P1_K.SLTEIK.D P2_K.GTGNMELHLSR.K 4 6;Scan: 10025 Run:  P1_K.SLTEIK.D P2_K.GTGNMoxELHLSR.K 4 6;Scan: 10028 Run:  P1_K.SLTEIK.D P2_K.GTGNMoxELHLSR.K 4 6,sg,null,P25888|RHLE_ECOLI ATP-dependent RNA helicase RhlE OS=Escherichia coli (strain K12) GN=rhlE PE=1 SV=3,false,sg,null,P25888|RHLE_ECOLI ATP-dependent RNA helicase RhlE OS=Escherichia coli (strain K12) GN=rhlE PE=1 SV=3,false,342,302,ADH,16.589,false,true,false,false,4,2,Self,0,0.006,0.011,9.31,,0,0,0,,-0.007,-0.006,,0
369,9785,Scan: 11431 Run:  P1_R.TGDTISGK.I P2_-.MNLTELK.N 3 5;Scan: 11446 Run:  P1_R.TGDTISGK.I P2_-.MNLTELK.N 3 5,sg,null,P25888|RHLE_ECOLI ATP-dependent RNA helicase RhlE OS=Escherichia coli (strain K12) GN=rhlE PE=1 SV=3,false,sg,null,P25888|RHLE_ECOLI ATP-dependent RNA helicase RhlE OS=Escherichia coli (strain K12) GN=rhlE PE=1 SV=3,false,95,5,ADH,16.541,false,true,false,false,2,1,Self,0,0.006,0.011,13.179,,0,0,0,,-0.007,-0.006,,0
259,9782;9414;9752,Scan: 5602 Run:  P1_K.VLDAAVAGK.I P2_-.MTEAMoxK.I 3 3;Scan: 6394 Run:  P1_K.VLDAAVAGK.I P2_-.MoxTEAMK.I 3 3;Scan: 6353 Run:  P1_K.VLDAAVAGK.I P2_-.MoxTEAMK.I 3 3;Scan: 4683 Run:  P1_K.VLDAAVAGK.I P2_-.MoxTEAMoxK.I 3 3,sg,null,P25888|RHLE_ECOLI ATP-dependent RNA helicase RhlE OS=Escherichia coli (strain K12) GN=rhlE PE=1 SV=3,false,sg,null,P25888|RHLE_ECOLI ATP-dependent RNA helicase RhlE OS=Escherichia coli (strain K12) GN=rhlE PE=1 SV=3,false,98,3,ADH,16.499,false,true,false,false,4,3,Self,0,0.006,0.011,9.982,,0,0,0,,-0.007,-0.006,,0
366,9749,Scan: 3566 Run:  P1_R.QNLAQQER.T P2_K.EAAPAK.A 7 1;Scan: 3691 Run:  P1_R.QNLAQQER.T P2_K.EAAPAK.A 7 1,sg,null,P25888|RHLE_ECOLI ATP-dependent RNA helicase RhlE OS=Escherichia coli (strain K12) GN=rhlE PE=1 SV=3,false,sg,null,P25888|RHLE_ECOLI ATP-dependent RNA helicase RhlE OS=Escherichia coli (strain K12) GN=rhlE PE=1 SV=3,false,527,877,ADH,16.433,false,true,false,false,2,1,Self,0,0.006,0.011,13.753,,0,0,0,,-0.007,-0.006,,0
1,9765;9482,Scan: 8299 Run:  P1_K.MVEVNACcmLK.Q P2_R.AGNDANR.Q 3 4;Scan: 8279 Run:  P1_K.MVEVNACcmLK.Q P2_R.AGNDANR.Q 3 4;Scan: 3431 Run:  P1_R.KEadhloopGAER.K P2_R.AGNDANR.Q 5 4,sg,null,P25888|RHLE_ECOLI ATP-dependent RNA helicase RhlE OS=Escherichia coli (strain K12) GN=rhlE PE=1 SV=3,false,sg,null,P25888|RHLE_ECOLI ATP-dependent RNA helicase RhlE OS=Escherichia coli (strain K12) GN=rhlE PE=1 SV=3,false,50,153,ADH,16.363,false,true,false,false,3,2,Self,0,0.006,0.011,11.487,,0,0,0,,-0.007,-0.006,,0
364,9796,Scan: 16598 Run:  P1_K.AELGIPK.S P2_K.AELGIPK.S 2 2;Scan: 16610 Run:  P1_K.AELGIPK.S P2_K.AELGIPK.S 2 2,sg,null,P25888|RHLE_ECOLI ATP-dependent RNA helicase RhlE OS=Escherichia coli (strain K12) GN=rhlE PE=1 SV=3,false,sg,null,P25888|RHLE_ECOLI ATP-dependent RNA helicase RhlE OS=Escherichia coli (strain K12) GN=rhlE PE=1 SV=3,false,808,808,ADH,16.328,false,true,false,false,2,1,Self,0,0.006,0.011,12.555,,0,0,0,,-0.007,-0.006,,0
360,9779,Scan: 15047 Run:  P1_K.SNVPALEACcmPQKR.G P2_K.ATDLFLK.D 7 3;Scan: 15093 Run:  P1_K.SNVPALEACcmPQKR.G P2_K.ATDLFLK.D 7 3,sg,null,P25888|RHLE_ECOLI ATP-dependent RNA helicase RhlE OS=Escherichia coli (strain K12) GN=rhlE PE=1 SV=3,false,sg,null,P25888|RHLE_ECOLI ATP-dependent RNA helicase RhlE OS=Escherichia coli (strain K12) GN=rhlE PE=1 SV=3,false,25,277,ADH,16.099,false,true,false,false,2,1,Self,0,0.006,0.011,12.752,,0,0,0,,-0.007,-0.006,,0
294,9838;9827,Scan: 12828 Run:  P1_R.ALSMDAVQK.A P2_K.AGNVAADGVIK.T 5 7;Scan: 8906 Run:  P1_R.ALSMoxDAVQK.A P2_K.AGNVAADGVIK.T 5 7,sg,null,P25888|RHLE_ECOLI ATP-dependent RNA helicase RhlE OS=Escherichia coli (strain K12) GN=rhlE PE=1 SV=3,false,sg,null,P25888|RHLE_ECOLI ATP-dependent RNA helicase RhlE OS=Escherichia coli (strain K12) GN=rhlE PE=1 SV=3,false,59,17,ADH,16.053,false,true,false,false,2,2,Self,0,0.006,0.011,11.478,,0,0,0,,-0.007,-0.006,,0
359,9813,Scan: 11578 Run:  P1_-.MAEITASLVK.E P2_K.EAAPAK.A 3 1;Scan: 11526 Run:  P1_-.MAEITASLVK.E P2_K.EAAPAK.A 3 1,sg,null,P25888|RHLE_ECOLI ATP-dependent RNA helicase RhlE OS=Escherichia coli (strain K12) GN=rhlE PE=1 SV=3,false,sg,null,P25888|RHLE_ECOLI ATP-dependent RNA helicase RhlE OS=Escherichia coli (strain K12) GN=rhlE PE=1 SV=3,false,3,877,ADH,15.981,false,true,false,false,2,1,Self,0,0.006,0.011,11.656,,0,0,0,,-0.007,-0.006,,0
357,9907,Scan: 5931 Run:  P1_K.SLTEIK.D P2_R.HWDQQK.Q 4 3,sg,null,P25888|RHLE_ECOLI ATP-dependent RNA helicase RhlE OS=Escherichia coli (strain K12) GN=rhlE PE=1 SV=3,false,sg,null,P25888|RHLE_ECOLI ATP-dependent RNA helicase RhlE OS=Escherichia coli (strain K12) GN=rhlE PE=1 SV=3,false,302,49,ADH,15.702,false,true,false,false,1,1,Self,0,0.006,0.011,15.702,,0,0,0,,-0.007,-0.006,,0
355,9906,Scan: 14759 Run:  P1_R.AVTDKPSLLMCcmK.T P2_R.ALSMDAVQK.A 4 5,sg,null,P25888|RHLE_ECOLI ATP-dependent RNA helicase RhlE OS=Escherichia coli (strain K12) GN=rhlE PE=1 SV=3,false,sg,null,P25888|RHLE_ECOLI ATP-dependent RNA helicase RhlE OS=Escherichia coli (strain K12) GN=rhlE PE=1 SV=3,false,236,17,ADH,15.636,false,true,false,false,1,1,Self,0,0.006,0.012,15.636,,0,0,0,,-0.007,-0.006,,0
353,9800,Scan: 2983 Run:  P1_R.TGDTISGK.I P2_K.EAAPAK.A 3 1;Scan: 2892 Run:  P1_R.TGDTISGK.I P2_K.EAAPAK.A 3 1,sg,null,P25888|RHLE_ECOLI ATP-dependent RNA helicase RhlE OS=Escherichia coli (strain K12) GN=rhlE PE=1 SV=3,false,sg,null,P25888|RHLE_ECOLI ATP-dependent RNA helicase RhlE OS=Escherichia coli (strain K12) GN=rhlE PE=1 SV=3,false,95,877,ADH,15.456,false,true,false,false,2,1,Self,0,0.006,0.012,11.316,,0,0,0,,-0.007,-0.006,,0
350,9902,Scan: 4362 Run:  P1_R.TGDTISGK.I P2_R.TGDTISGK.I 3 3,sg,null,P25888|RHLE_ECOLI ATP-dependent RNA helicase RhlE OS=Escherichia coli (strain K12) GN=rhlE PE=1 SV=3,false,sg,null,P25888|RHLE_ECOLI ATP-dependent RNA helicase RhlE OS=Escherichia coli (strain K12) GN=rhlE PE=1 SV=3,false,95,95,ADH,15.201,false,true,false,false,1,1,Self,0,0.006,0.013,15.201,,0,0,0,,-0.007,-0.006,,0
348,9793,Scan: 7399 Run:  P1_K.EAAPAK.A P2_K.AELGIPK.S 1 2;Scan: 7398 Run:  P1_K.EAAPAK.A P2_K.AELGIPK.S 1 2,sg,null,P25888|RHLE_ECOLI ATP-dependent RNA helicase RhlE OS=Escherichia coli (strain K12) GN=rhlE PE=1 SV=3,false,sg,null,P25888|RHLE_ECOLI ATP-dependent RNA helicase RhlE OS=Escherichia coli (strain K12) GN=rhlE PE=1 SV=3,false,877,808,ADH,14.947,false,true,false,false,2,1,Self,0,0.007,0.013,10.774,,0,0,0,,-0.007,-0.006,,0
265,9842;9759,Scan: 16207 Run:  P1_-.MoxNLTELK.N P2_-.MNLTELK.N 5 5;Scan: 19882 Run:  P1_-.MNLTELK.N P2_-.MNLTELK.N 5 5,sg,null,P25888|RHLE_ECOLI ATP-dependent RNA helicase RhlE OS=Escherichia coli (strain K12) GN=rhlE PE=1 SV=3,false,sg,null,P25888|RHLE_ECOLI ATP-dependent RNA helicase RhlE OS=Escherichia coli (strain K12) GN=rhlE PE=1 SV=3,false,5,5,ADH,14.869,false,true,false,false,2,2,Self,0,0.007,0.013,11.634,,0,0,0,,-0.007,-0.006,,0
344,9768,Scan: 6361 Run:  P1_K.EAAPAK.A P2_R.ALIVTDR.F 1 6;Scan: 6326 Run:  P1_K.EAAPAK.A P2_R.ALIVTDR.F 1 6,sg,null,P25888|RHLE_ECOLI ATP-dependent RNA helicase RhlE OS=Escherichia coli (strain K12) GN=rhlE PE=1 SV=3,false,sg,null,P25888|RHLE_ECOLI ATP-dependent RNA helicase RhlE OS=Escherichia coli (strain K12) GN=rhlE PE=1 SV=3,false,877,487,ADH,14.828,false,true,false,false,2,1,Self,0,0.007,0.013,11.384,,0,0,0,,-0.007,-0.006,,0
343,9901,Scan: 5561 Run:  P1_R.QNLAQQER.T P2_R.QNLAQQER.T 7 7,sg,null,P25888|RHLE_ECOLI ATP-dependent RNA helicase RhlE OS=Escherichia coli (strain K12) GN=rhlE PE=1 SV=3,false,sg,null,P25888|RHLE_ECOLI ATP-dependent RNA helicase RhlE OS=Escherichia coli (strain K12) GN=rhlE PE=1 SV=3,false,527,527,ADH,14.824,false,true,false,false,1,1,Self,0,0.007,0.013,14.824,,0,0,0,,-0.007,-0.006,,0
341,9899,Scan: 12448 Run:  P1_R.TGAGMMDCcmK.K P2_R.AVTDKPSLLMCcmK.T 7 4,sg,null,P25888|RHLE_ECOLI ATP-dependent RNA helicase RhlE OS=Escherichia coli (strain K12) GN=rhlE PE=1 SV=3,false,sg,null,P25888|RHLE_ECOLI ATP-dependent RNA helicase RhlE OS=Escherichia coli (strain K12) GN=rhlE PE=1 SV=3,false,22,236,ADH,14.708,false,true,false,false,1,1,Self,0,0.007,0.013,14.708,,0,0,0,,-0.007,-0.006,,0
339,9774,Scan: 11559 Run:  P1_K.QALELPR.E P2_-.MTEAMK.I 4 3;Scan: 11529 Run:  P1_K.QALELPR.E P2_-.MTEAMK.I 4 3,sg,null,P25888|RHLE_ECOLI ATP-dependent RNA helicase RhlE OS=Escherichia coli (strain K12) GN=rhlE PE=1 SV=3,false,sg,null,P25888|RHLE_ECOLI ATP-dependent RNA helicase RhlE OS=Escherichia coli (strain K12) GN=rhlE PE=1 SV=3,false,331,3,ADH,14.676,false,true,false,false,2,1,Self,0,0.007,0.013,11.038,,0,0,0,,-0.007,-0.006,,0
338,9897,Scan: 16704 Run:  P1_K.AVQDVILK.N P2_K.AELGIPK.S 4 2,sg,null,P25888|RHLE_ECOLI ATP-dependent RNA helicase RhlE OS=Escherichia coli (strain K12) GN=rhlE PE=1 SV=3,false,sg,null,P25888|RHLE_ECOLI ATP-dependent RNA helicase RhlE OS=Escherichia coli (strain K12) GN=rhlE PE=1 SV=3,false,808,284,ADH,14.629,false,true,false,false,1,1,Self,0,0.007,0.013,14.629,,0,0,0,,-0.007,-0.006,,0
244,9843;9728,Scan: 10593 Run:  P1_K.SNVPALEACcmPQKR.G P2_K.SNVPALEACcmPQKR.G 7 7;Scan: 12703 Run:  P1_K.SNVPALEACcmPQKR.G P2_K.SNVPALEACcmPQK.R 7 7,sg,null,P25888|RHLE_ECOLI ATP-dependent RNA helicase RhlE OS=Escherichia coli (strain K12) GN=rhlE PE=1 SV=3,false,sg,null,P25888|RHLE_ECOLI ATP-dependent RNA helicase RhlE OS=Escherichia coli (strain K12) GN=rhlE PE=1 SV=3,false,25,25,ADH,14.525,false,true,false,false,2,2,Self,0,0.007,0.013,11.65,,0,0,0,,-0.007,-0.006,,0
335,9757,Scan: 7748 Run:  P1_K.EAAPAK.A P2_K.AVQDVILK.N 1 4;Scan: 7514 Run:  P1_K.EAAPAK.A P2_K.AVQDVILK.N 1 4,sg,null,P25888|RHLE_ECOLI ATP-dependent RNA helicase RhlE OS=Escherichia coli (strain K12) GN=rhlE PE=1 SV=3,false,sg,null,P25888|RHLE_ECOLI ATP-dependent RNA helicase RhlE OS=Escherichia coli (strain K12) GN=rhlE PE=1 SV=3,false,284,877,ADH,14.456,false,true,false,false,2,1,Self,0,0.007,0.013,11.153,,0,0,0,,-0.007,-0.006,,0
334,9894,Scan: 16091 Run:  P1_K.AVQDVILK.N P2_R.ALIVTDR.F 4 6,sg,null,P25888|RHLE_ECOLI ATP-dependent RNA helicase RhlE OS=Escherichia coli (strain K12) GN=rhlE PE=1 SV=3,false,sg,null,P25888|RHLE_ECOLI ATP-dependent RNA helicase RhlE OS=Escherichia coli (strain K12) GN=rhlE PE=1 SV=3,false,284,487,ADH,14.288,false,true,false,false,1,1,Self,0,0.007,0.014,14.288,,0,0,0,,-0.007,-0.006,,0
247,9822;9733,Scan: 8903 Run:  P1_-.MoxTEAMK.I P2_K.AVQDVILK.N 3 4;Scan: 10529 Run:  P1_-.MTEAMK.I P2_K.AVQDVILK.N 3 4,sg,null,P25888|RHLE_ECOLI ATP-dependent RNA helicase RhlE OS=Escherichia coli (strain K12) GN=rhlE PE=1 SV=3,false,sg,null,P25888|RHLE_ECOLI ATP-dependent RNA helicase RhlE OS=Escherichia coli (strain K12) GN=rhlE PE=1 SV=3,false,284,3,ADH,14.158,false,true,false,false,2,2,Self,0,0.007,0.014,11.157,,0,0,0,,-0.007,-0.006,,0
332,9891,Scan: 16861 Run:  P1_K.AVQDVILK.N P2_K.AVQDVILK.N 4 4,sg,null,P25888|RHLE_ECOLI ATP-dependent RNA helicase RhlE OS=Escherichia coli (strain K12) GN=rhlE PE=1 SV=3,false,sg,null,P25888|RHLE_ECOLI ATP-dependent RNA helicase RhlE OS=Escherichia coli (strain K12) GN=rhlE PE=1 SV=3,false,284,284,ADH,13.806,false,true,false,false,1,1,Self,0,0.007,0.014,13.806,,0,0,0,,-0.007,-0.006,,0
329,9885,Scan: 14965 Run:  P1_R.ALIVTDR.F P2_R.ALIVTDR.F 6 6,sg,null,P25888|RHLE_ECOLI ATP-dependent RNA helicase RhlE OS=Escherichia coli (strain K12) GN=rhlE PE=1 SV=3,false,sg,null,P25888|RHLE_ECOLI ATP-dependent RNA helicase RhlE OS=Escherichia coli (strain K12) GN=rhlE PE=1 SV=3,false,487,487,ADH,13.528,false,true,false,false,1,1,Self,0,0.007,0.015,13.528,,0,0,0,,-0.007,-0.006,,0
328,9883,Scan: 19552 Run:  P1_-.MAEITASLVK.E P2_R.ALIVTDR.F 3 6,sg,null,P25888|RHLE_ECOLI ATP-dependent RNA helicase RhlE OS=Escherichia coli (strain K12) GN=rhlE PE=1 SV=3,false,sg,null,P25888|RHLE_ECOLI ATP-dependent RNA helicase RhlE OS=Escherichia coli (strain K12) GN=rhlE PE=1 SV=3,false,3,487,ADH,13.507,false,true,false,false,1,1,Self,0,0.007,0.015,13.507,,0,0,0,,-0.007,-0.006,,0
326,9881,Scan: 7504 Run:  P1_K.ITLSTQPADAR.W P2_K.EAAPAK.A 9 1,sg,null,P25888|RHLE_ECOLI ATP-dependent RNA helicase RhlE OS=Escherichia coli (strain K12) GN=rhlE PE=1 SV=3,false,sg,null,P25888|RHLE_ECOLI ATP-dependent RNA helicase RhlE OS=Escherichia coli (strain K12) GN=rhlE PE=1 SV=3,false,15,877,ADH,13.488,false,true,false,false,1,1,Self,0,0.007,0.015,13.488,,0,0,0,,-0.007,-0.006,,0
323,9878,Scan: 13861 Run:  P1_K.VLDAAVAGK.I P2_K.AVQDVILK.N 3 4,sg,null,P25888|RHLE_ECOLI ATP-dependent RNA helicase RhlE OS=Escherichia coli (strain K12) GN=rhlE PE=1 SV=3,false,sg,null,P25888|RHLE_ECOLI ATP-dependent RNA helicase RhlE OS=Escherichia coli (strain K12) GN=rhlE PE=1 SV=3,false,98,284,ADH,13.37,false,true,false,false,1,1,Self,0,0.007,0.016,13.37,,0,0,0,,-0.007,-0.006,,0
321,9875,Scan: 10696 Run:  P1_K.LTAEGVK.A P2_K.ITLSTQPADAR.W 4 9,sg,null,P25888|RHLE_ECOLI ATP-dependent RNA helicase RhlE OS=Escherichia coli (strain K12) GN=rhlE PE=1 SV=3,false,sg,null,P25888|RHLE_ECOLI ATP-dependent RNA helicase RhlE OS=Escherichia coli (strain K12) GN=rhlE PE=1 SV=3,false,15,574,ADH,13.285,false,true,false,false,1,1,Self,0,0.007,0.016,13.285,,0,0,0,,-0.007,-0.006,,0
245,9777;9730,Scan: 10018 Run:  P1_R.QNLAQQER.T P2_K.MoxVEVNACcmLK.Q 7 3;Scan: 11983 Run:  P1_R.QNLAQQER.T P2_K.MVEVNACcmLK.Q 7 3,sg,null,P25888|RHLE_ECOLI ATP-dependent RNA helicase RhlE OS=Escherichia coli (strain K12) GN=rhlE PE=1 SV=3,false,sg,null,P25888|RHLE_ECOLI ATP-dependent RNA helicase RhlE OS=Escherichia coli (strain K12) GN=rhlE PE=1 SV=3,false,153,527,ADH,13.062,false,true,false,false,2,2,Self,0,0.007,0.016,9.737,,0,0,0,,-0.007,-0.006,,0
317,9868,Scan: 14914 Run:  P1_R.AVTDKPSLLMCcmK.T P2_R.ALIVTDR.F 4 6,sg,null,P25888|RHLE_ECOLI ATP-dependent RNA helicase RhlE OS=Escherichia coli (strain K12) GN=rhlE PE=1 SV=3,false,sg,null,P25888|RHLE_ECOLI ATP-dependent RNA helicase RhlE OS=Escherichia coli (strain K12) GN=rhlE PE=1 SV=3,false,236,487,ADH,12.937,false,true,false,false,1,1,Self,0,0.007,0.016,12.937,,0,0,0,,-0.007,-0.006,,0
316,9864,Scan: 23164 Run:  P1_K.LPVEFVPVR.F P2_K.AELGIPK.S 4 2,sg,null,P25888|RHLE_ECOLI ATP-dependent RNA helicase RhlE OS=Escherichia coli (strain K12) GN=rhlE PE=1 SV=3,false,sg,null,P25888|RHLE_ECOLI ATP-dependent RNA helicase RhlE OS=Escherichia coli (strain K12) GN=rhlE PE=1 SV=3,false,239,808,ADH,12.774,false,true,false,false,1,1,Self,0,0.007,0.016,12.774,,0,0,0,,-0.007,-0.006,,0
314,9747,Scan: 2262 Run:  P1_R.TGDTISGK.I P2_R.AGNDANR.Q 3 4;Scan: 2269 Run:  P1_R.TGDTISGK.I P2_R.AGNDANR.Q 3 4,sg,null,P25888|RHLE_ECOLI ATP-dependent RNA helicase RhlE OS=Escherichia coli (strain K12) GN=rhlE PE=1 SV=3,false,sg,null,P25888|RHLE_ECOLI ATP-dependent RNA helicase RhlE OS=Escherichia coli (strain K12) GN=rhlE PE=1 SV=3,false,95,50,ADH,12.733,false,true,false,false,2,1,Self,0,0.007,0.016,9.13,,0,0,0,,-0.007,-0.006,,0
313,9862,Scan: 9667 Run:  P1_R.TGDTISGK.I P2_K.ITLSTQPADAR.W 3 9,sg,null,P25888|RHLE_ECOLI ATP-dependent RNA helicase RhlE OS=Escherichia coli (strain K12) GN=rhlE PE=1 SV=3,false,sg,null,P25888|RHLE_ECOLI ATP-dependent RNA helicase RhlE OS=Escherichia coli (strain K12) GN=rhlE PE=1 SV=3,false,15,95,ADH,12.64,false,true,false,false,1,1,Self,0,0.007,0.016,12.64,,0,0,0,,-0.007,-0.006,,0
311,9854,Scan: 22296 Run:  P1_K.ATDLFLK.D P2_K.ATDLFLK.D 3 3,sg,null,P25888|RHLE_ECOLI ATP-dependent RNA helicase RhlE OS=Escherichia coli (strain K12) GN=rhlE PE=1 SV=3,false,sg,null,P25888|RHLE_ECOLI ATP-dependent RNA helicase RhlE OS=Escherichia coli (strain K12) GN=rhlE PE=1 SV=3,false,277,277,ADH,12.429,false,true,false,false,1,1,Self,0,0.008,0.017,12.429,,0,0,0,,-0.007,-0.006,,0
310,9853,Scan: 10971 Run:  P1_K.AGNVAADGVIK.T P2_K.AGNVAADGVIK.T 7 7,sg,null,P25888|RHLE_ECOLI ATP-dependent RNA helicase RhlE OS=Escherichia coli (strain K12) GN=rhlE PE=1 SV=3,false,sg,null,P25888|RHLE_ECOLI ATP-dependent RNA helicase RhlE OS=Escherichia coli (strain K12) GN=rhlE PE=1 SV=3,false,59,59,ADH,12.416,false,true,false,false,1,1,Self,0,0.008,0.017,12.416,,0,0,0,,-0.007,-0.006,,0
307,9847,Scan: 18026 Run:  P1_-.MoxAEITASLVK.E P2_K.AELGIPK.S 3 2,sg,null,P25888|RHLE_ECOLI ATP-dependent RNA helicase RhlE OS=Escherichia coli (strain K12) GN=rhlE PE=1 SV=3,false,sg,null,P25888|RHLE_ECOLI ATP-dependent RNA helicase RhlE OS=Escherichia coli (strain K12) GN=rhlE PE=1 SV=3,false,3,808,ADH,11.803,false,true,false,false,1,1,Self,0,0.008,0.019,11.803,,0,0,0,,-0.007,-0.006,,0
306,9846,Scan: 6512 Run:  P1_K.VLGETIK.D P2_R.HWDQQK.Q 4 3,sg,null,P25888|RHLE_ECOLI ATP-dependent RNA helicase RhlE OS=Escherichia coli (strain K12) GN=rhlE PE=1 SV=3,false,sg,null,P25888|RHLE_ECOLI ATP-dependent RNA helicase RhlE OS=Escherichia coli (strain K12) GN=rhlE PE=1 SV=3,false,21,49,ADH,11.713,false,true,false,false,1,1,Self,0,0.008,0.019,11.713,,0,0,0,,-0.007,-0.006,,0
305,9845,Scan: 9465 Run:  P1_R.TGDTISGK.I P2_K.MoxVEVNACcmLK.Q 3 3,sg,null,P25888|RHLE_ECOLI ATP-dependent RNA helicase RhlE OS=Escherichia coli (strain K12) GN=rhlE PE=1 SV=3,false,sg,null,P25888|RHLE_ECOLI ATP-dependent RNA helicase RhlE OS=Escherichia coli (strain K12) GN=rhlE PE=1 SV=3,false,153,95,ADH,11.66,false,true,false,false,1,1,Self,0,0.008,0.019,11.66,,0,0,0,,-0.007,-0.006,,0
302,8833,Scan: 28364 Run:  P1_K.LPVEFVPVR.F P2_K.LPVEFVPVR.F 4 4;Scan: 28383 Run:  P1_K.LPVEFVPVR.F P2_K.LPVEFVPVR.F 4 4,sg,null,P25888|RHLE_ECOLI ATP-dependent RNA helicase RhlE OS=Escherichia coli (strain K12) GN=rhlE PE=1 SV=3,false,sg,null,P25888|RHLE_ECOLI ATP-dependent RNA helicase RhlE OS=Escherichia coli (strain K12) GN=rhlE PE=1 SV=3,false,239,239,ADH,11.58,false,true,false,false,2,1,Self,0,0.008,0.02,9.988,,0,0,0,,-0.007,-0.006,,0
188,9717;9670,Scan: 2156 Run:  P1_K.EAAPAK.A P2_K.EAAPAK.A 1 1;Scan: 17439 Run:  P1_K.KEAAPAK.A P2_K.KEAAPAK.A 2 2,sg,null,P25888|RHLE_ECOLI ATP-dependent RNA helicase RhlE OS=Escherichia coli (strain K12) GN=rhlE PE=1 SV=3,false,sg,null,P25888|RHLE_ECOLI ATP-dependent RNA helicase RhlE OS=Escherichia coli (strain K12) GN=rhlE PE=1 SV=3,false,877,877,ADH,11.316,false,true,false,false,2,2,Self,0,0.008,0.02,8.34,,0,0,0,,-0.006,0.005,,0
296,9831,Scan: 14878 Run:  P1_K.LPVEFVPVR.F P2_R.AGNDANR.Q 4 4,sg,null,P25888|RHLE_ECOLI ATP-dependent RNA helicase RhlE OS=Escherichia coli (strain K12) GN=rhlE PE=1 SV=3,false,sg,null,P25888|RHLE_ECOLI ATP-dependent RNA helicase RhlE OS=Escherichia coli (strain K12) GN=rhlE PE=1 SV=3,false,239,50,ADH,11.307,false,true,false,false,1,1,Self,0,0.008,0.02,11.307,,0,0,0,,-0.007,-0.006,,0
295,9830,Scan: 8708 Run:  P1_K.VLDAAVAGK.I P2_R.ALSMoxDAVQK.A 3 5,sg,null,P25888|RHLE_ECOLI ATP-dependent RNA helicase RhlE OS=Escherichia coli (strain K12) GN=rhlE PE=1 SV=3,false,sg,null,P25888|RHLE_ECOLI ATP-dependent RNA helicase RhlE OS=Escherichia coli (strain K12) GN=rhlE PE=1 SV=3,false,98,17,ADH,11.3,false,true,false,false,1,1,Self,0,0.008,0.02,11.3,,0,0,0,,-0.007,-0.006,,0
293,9826,Scan: 15694 Run:  P1_K.VLGETIK.D P2_-.MNLTELK.N 4 5,sg,null,P25888|RHLE_ECOLI ATP-dependent RNA helicase RhlE OS=Escherichia coli (strain K12) GN=rhlE PE=1 SV=3,false,sg,null,P25888|RHLE_ECOLI ATP-dependent RNA helicase RhlE OS=Escherichia coli (strain K12) GN=rhlE PE=1 SV=3,false,5,21,ADH,11.204,false,true,false,false,1,1,Self,0,0.008,0.02,11.204,,0,0,0,,-0.007,-0.006,,0
289,9820,Scan: 19697 Run:  P1_K.QTAFMDSMK.S P2_K.ATDLFLK.D 6 3,sg,null,P25888|RHLE_ECOLI ATP-dependent RNA helicase RhlE OS=Escherichia coli (strain K12) GN=rhlE PE=1 SV=3,false,sg,null,P25888|RHLE_ECOLI ATP-dependent RNA helicase RhlE OS=Escherichia coli (strain K12) GN=rhlE PE=1 SV=3,false,213,277,ADH,11.149,false,true,false,false,1,1,Self,0,0.008,0.02,11.149,,0,0,0,,-0.007,-0.006,,0
185,5633;8017,Scan: 11581 Run:  P1_K.DSMSMK.T P2_K.AAADVAR.N 1 4;Scan: 24293 Run:  P1_K.DSMSMK.T P2_K.AAADVAR.N 1 4;Scan: 28925 Run:  P1_K.DSMSMoxK.T P2_K.AAADVAR.N 1 4;Scan: 26531 Run:  P1_K.DSMSMoxK.T P2_K.AAADVAR.N 1 4,decoy:sg,decoydecoy:null,decoy:,true,sg,null,P25888|RHLE_ECOLI ATP-dependent RNA helicase RhlE OS=Escherichia coli (strain K12) GN=rhlE PE=1 SV=3,false,100,777,ADH,10.988,true,false,true,false,4,2,Self,0.008,0.008,0.02,6.58,,1,0,0,,0,0.317,,3
286,9814,Scan: 15315 Run:  P1_K.SELVNVAK.K P2_R.LPLAEFHR.S 2 5,sg,null,P25888|RHLE_ECOLI ATP-dependent RNA helicase RhlE OS=Escherichia coli (strain K12) GN=rhlE PE=1 SV=3,false,sg,null,P25888|RHLE_ECOLI ATP-dependent RNA helicase RhlE OS=Escherichia coli (strain K12) GN=rhlE PE=1 SV=3,false,349,31,ADH,10.969,false,true,false,false,1,1,Self,0.008,0.008,0.02,10.969,,0,0,0,,-0.007,-0.006,,0
285,9812,Scan: 11148 Run:  P1_R.YNANDNPTK.Q P2_-.MNLTELK.N 5 5,sg,null,P25888|RHLE_ECOLI ATP-dependent RNA helicase RhlE OS=Escherichia coli (strain K12) GN=rhlE PE=1 SV=3,false,sg,null,P25888|RHLE_ECOLI ATP-dependent RNA helicase RhlE OS=Escherichia coli (strain K12) GN=rhlE PE=1 SV=3,false,755,5,ADH,10.929,false,true,false,false,1,1,Self,0.008,0.008,0.02,10.929,,0,0,0,,-0.007,-0.006,,0
282,9807,Scan: 18900 Run:  P1_K.QALELPR.E P2_K.QALELPR.E 4 4,sg,null,P25888|RHLE_ECOLI ATP-dependent RNA helicase RhlE OS=Escherichia coli (strain K12) GN=rhlE PE=1 SV=3,false,sg,null,P25888|RHLE_ECOLI ATP-dependent RNA helicase RhlE OS=Escherichia coli (strain K12) GN=rhlE PE=1 SV=3,false,331,331,ADH,10.851,false,true,false,false,1,1,Self,0.008,0.008,0.02,10.851,,0,0,0,,-0.007,-0.006,,0
281,9806,Scan: 13276 Run:  P1_K.VLDAAVAGK.I P2_R.AVTDKPSLLMCcmK.T 3 4,sg,null,P25888|RHLE_ECOLI ATP-dependent RNA helicase RhlE OS=Escherichia coli (strain K12) GN=rhlE PE=1 SV=3,false,sg,null,P25888|RHLE_ECOLI ATP-dependent RNA helicase RhlE OS=Escherichia coli (strain K12) GN=rhlE PE=1 SV=3,false,236,98,ADH,10.84,false,true,false,false,1,1,Self,0.008,0.008,0.02,10.84,,0,0,0,,-0.007,-0.006,,0
280,9797,Scan: 27132 Run:  P1_R.QDGPTALILSR.Q P2_K.LPVEFVPVR.F 2 4,sg,null,P25888|RHLE_ECOLI ATP-dependent RNA helicase RhlE OS=Escherichia coli (strain K12) GN=rhlE PE=1 SV=3,false,sg,null,P25888|RHLE_ECOLI ATP-dependent RNA helicase RhlE OS=Escherichia coli (strain K12) GN=rhlE PE=1 SV=3,false,511,239,ADH,10.445,false,true,false,false,1,1,Self,0.008,0.008,0.022,10.445,,0,0,0,,-0.007,-0.006,,0
279,9795,Scan: 12620 Run:  P1_R.VFPAIDYNR.S P2_R.AGNDANR.Q 6 4,sg,null,P25888|RHLE_ECOLI ATP-dependent RNA helicase RhlE OS=Escherichia coli (strain K12) GN=rhlE PE=1 SV=3,false,sg,null,P25888|RHLE_ECOLI ATP-dependent RNA helicase RhlE OS=Escherichia coli (strain K12) GN=rhlE PE=1 SV=3,false,359,50,ADH,10.391,false,true,false,false,1,1,Self,0.008,0.008,0.022,10.391,,0,0,0,,-0.007,-0.006,,0
275,9781,Scan: 16115 Run:  P1_K.SQAIEGLVK.A P2_K.SQAIEGLVK.A 5 5,sg,null,P25888|RHLE_ECOLI ATP-dependent RNA helicase RhlE OS=Escherichia coli (strain K12) GN=rhlE PE=1 SV=3,false,sg,null,P25888|RHLE_ECOLI ATP-dependent RNA helicase RhlE OS=Escherichia coli (strain K12) GN=rhlE PE=1 SV=3,false,292,292,ADH,9.965,false,true,false,false,1,1,Self,0.008,0.008,0.025,9.965,,0,0,0,,-0.007,-0.006,,0
31,9520;9512,Scan: 13791 Run:  P1_K.VASQDDR.T P2_K.AAAEGEMK.G 6 6;Scan: 18212 Run:  P1_K.VASQDDR.T P2_K.AAAEGEMoxK.G 6 6,decoy:sg,decoydecoy:null,decoy:,true,sg,null,P25888|RHLE_ECOLI ATP-dependent RNA helicase RhlE OS=Escherichia coli (strain K12) GN=rhlE PE=1 SV=3,false,19,267,ADH,9.828,true,false,true,false,2,2,Self,0.008,0.008,0.028,6.964,,1,0,0,,0.206,0.165,,3
271,9770,Scan: 11318 Run:  P1_K.VLGETIK.D P2_K.AGNVAADGVIK.T 4 7,sg,null,P25888|RHLE_ECOLI ATP-dependent RNA helicase RhlE OS=Escherichia coli (strain K12) GN=rhlE PE=1 SV=3,false,sg,null,P25888|RHLE_ECOLI ATP-dependent RNA helicase RhlE OS=Escherichia coli (strain K12) GN=rhlE PE=1 SV=3,false,59,21,ADH,9.531,false,true,false,false,1,1,Self,0.008,0.008,0.028,9.531,,0,0,0,,-0.007,-0.006,,0
268,9767,Scan: 9938 Run:  P1_-.MTEAMK.I P2_K.GTGNMELHLSR.K 3 6,sg,null,P25888|RHLE_ECOLI ATP-dependent RNA helicase RhlE OS=Escherichia coli (strain K12) GN=rhlE PE=1 SV=3,false,sg,null,P25888|RHLE_ECOLI ATP-dependent RNA helicase RhlE OS=Escherichia coli (strain K12) GN=rhlE PE=1 SV=3,false,342,3,ADH,9.452,false,true,false,false,1,1,Self,0.008,0.008,0.028,9.452,,0,0,0,,-0.007,-0.006,,0
267,9764,Scan: 18067 Run:  P1_K.QEadhh2oEQGR.D P2_K.AAESVK.G 3 3,decoy:sg,decoydecoy:null,decoy:,true,decoy:sg,decoydecoy:null,decoy:,true,214,695,ADH,9.372,true,false,false,true,1,1,Self,0.008,0.008,0.029,9.372,,1,1,0,,-0.007,-0.006,,1
266,9761,Scan: 17008 Run:  P1_K.VTELLK.Q P2_R.APGDETPEadhh2oK.A 3 4,sg,null,P25888|RHLE_ECOLI ATP-dependent RNA helicase RhlE OS=Escherichia coli (strain K12) GN=rhlE PE=1 SV=3,false,sg,null,P25888|RHLE_ECOLI ATP-dependent RNA helicase RhlE OS=Escherichia coli (strain K12) GN=rhlE PE=1 SV=3,false,78,429,ADH,9.322,false,true,false,false,1,1,Self,0.008,0.008,0.029,9.322,,0,0,0,,-0.007,-0.006,,0
263,9139,Scan: 7752 Run:  P1_K.NSVPNDPK.S P2_R.NSDVAK.G 6 3;Scan: 11924 Run:  P1_K.NSVPNDPK.S P2_R.NSDVAK.G 6 3,sg,null,P25888|RHLE_ECOLI ATP-dependent RNA helicase RhlE OS=Escherichia coli (strain K12) GN=rhlE PE=1 SV=3,false,sg,null,P25888|RHLE_ECOLI ATP-dependent RNA helicase RhlE OS=Escherichia coli (strain K12) GN=rhlE PE=1 SV=3,false,352,336,ADH,9.229,false,true,false,false,2,1,Self,0.008,0.008,0.029,6.8,,0,0,0,,-0.007,0.214,,0
261,9756,Scan: 8210 Run:  P1_K.ATDLFLK.D P2_R.AGNDANR.Q 3 4,sg,null,P25888|RHLE_ECOLI ATP-dependent RNA helicase RhlE OS=Escherichia coli (strain K12) GN=rhlE PE=1 SV=3,false,sg,null,P25888|RHLE_ECOLI ATP-dependent RNA helicase RhlE OS=Escherichia coli (strain K12) GN=rhlE PE=1 SV=3,false,277,50,ADH,9.187,false,true,false,false,1,1,Self,0.008,0.008,0.029,9.187,,0,0,0,,-0.007,-0.006,,0
260,9753,Scan: 8404 Run:  P1_K.VLGETIK.D P2_R.TGDTISGK.I 4 3,sg,null,P25888|RHLE_ECOLI ATP-dependent RNA helicase RhlE OS=Escherichia coli (strain K12) GN=rhlE PE=1 SV=3,false,sg,null,P25888|RHLE_ECOLI ATP-dependent RNA helicase RhlE OS=Escherichia coli (strain K12) GN=rhlE PE=1 SV=3,false,95,21,ADH,9.11,false,true,false,false,1,1,Self,0.008,0.008,0.029,9.11,,0,0,0,,-0.007,-0.006,,0
258,8602,Scan: 13181 Run:  P1_K.SNDadhloopEMAK.Q P2_K.KGDVLK.A 4 3;Scan: 10936 Run:  P1_K.SNDadhloopEMAK.Q P2_K.KGDVLK.A 4 3,sg,null,P25888|RHLE_ECOLI ATP-dependent RNA helicase RhlE OS=Escherichia coli (strain K12) GN=rhlE PE=1 SV=3,false,decoy:sg,decoydecoy:null,decoy:,true,56,55,ADH,8.878,true,false,true,false,2,1,Self,0.008,0.008,0.03,6.823,,0,1,0,,-0.007,0.208,,3
256,9746,Scan: 48189 Run:  P1_R.DRDadhloopDRGPR.D P2_R.AASEAVK.D 4 4,sg,null,P25888|RHLE_ECOLI ATP-dependent RNA helicase RhlE OS=Escherichia coli (strain K12) GN=rhlE PE=1 SV=3,false,sg,null,P25888|RHLE_ECOLI ATP-dependent RNA helicase RhlE OS=Escherichia coli (strain K12) GN=rhlE PE=1 SV=3,false,457,78,ADH,8.856,false,true,false,false,1,1,Self,0.008,0.008,0.091,8.856,,0,0,0,,-0.007,-0.006,,0
257,9745,Scan: 48189 Run:  P1_R.DRDDadhloopRGPR.D P2_R.AASEAVK.D 3 4,sg,null,P25888|RHLE_ECOLI ATP-dependent RNA helicase RhlE OS=Escherichia coli (strain K12) GN=rhlE PE=1 SV=3,false,sg,null,P25888|RHLE_ECOLI ATP-dependent RNA helicase RhlE OS=Escherichia coli (strain K12) GN=rhlE PE=1 SV=3,false,456,78,ADH,8.856,false,true,false,false,1,1,Self,0.008,0.008,0.091,8.856,,0,0,0,,-0.007,-0.006,,0
255,9744,Scan: 27845 Run:  P1_R.SNPDYER.L P2_-.KQAAEAK.A 4 5,decoy:sg,decoydecoy:null,decoy:,true,decoy:sg,decoydecoy:null,decoy:,true,190,6,ADH,8.852,true,false,false,true,1,1,Self,0.008,0.008,0.091,8.852,,1,1,0,,-0.007,-0.006,,1
254,9743,Scan: 10196 Run:  P1_R.KDGVIK.D P2_K.DVAHDSR.S 2 1,decoy:sg,decoydecoy:null,decoy:,true,sg,null,P25888|RHLE_ECOLI ATP-dependent RNA helicase RhlE OS=Escherichia coli (strain K12) GN=rhlE PE=1 SV=3,false,440,455,ADH,8.846,true,false,true,false,1,1,Self,0.008,0.008,0.091,8.846,,1,0,0,,-0.006,-0.006,,3
253,9742,Scan: 42095 Run:  P1_K.NLDAGK.A P2_K.DAAAAVGK.A 3 1,sg,null,P25888|RHLE_ECOLI ATP-dependent RNA helicase RhlE OS=Escherichia coli (strain K12) GN=rhlE PE=1 SV=3,false,sg,null,P25888|RHLE_ECOLI ATP-dependent RNA helicase RhlE OS=Escherichia coli (strain K12) GN=rhlE PE=1 SV=3,false,69,281,ADH,8.807,false,true,false,false,1,1,Self,0.008,0.008,0.061,8.807,,0,0,0,,-0.006,-0.006,,0
252,9741,Scan: 11537 Run:  P1_K.NSVPNDPK.S P2_K.AEEadhnh3EAR.R 6 4,sg,null,P25888|RHLE_ECOLI ATP-dependent RNA helicase RhlE OS=Escherichia coli (strain K12) GN=rhlE PE=1 SV=3,false,sg,null,P25888|RHLE_ECOLI ATP-dependent RNA helicase RhlE OS=Escherichia coli (strain K12) GN=rhlE PE=1 SV=3,false,352,190,ADH,8.806,false,true,false,false,1,1,Self,0.008,0.008,0.061,8.806,,0,0,0,,-0.006,-0.006,,0
251,9740,Scan: 13653 Run:  P1_K.SELVNVAK.K P2_R.ALIVTDR.F 2 6,sg,null,P25888|RHLE_ECOLI ATP-dependent RNA helicase RhlE OS=Escherichia coli (strain K12) GN=rhlE PE=1 SV=3,false,sg,null,P25888|RHLE_ECOLI ATP-dependent RNA helicase RhlE OS=Escherichia coli (strain K12) GN=rhlE PE=1 SV=3,false,487,31,ADH,8.794,false,true,false,false,1,1,Self,0.008,0.008,0.059,8.794,,0,0,0,,-0.006,-0.006,,0
250,9739,Scan: 16447 Run:  P1_-.MAEITASLVK.E P2_R.AAALAAADAR.I 3 8,sg,null,P25888|RHLE_ECOLI ATP-dependent RNA helicase RhlE OS=Escherichia coli (strain K12) GN=rhlE PE=1 SV=3,false,sg,null,P25888|RHLE_ECOLI ATP-dependent RNA helicase RhlE OS=Escherichia coli (strain K12) GN=rhlE PE=1 SV=3,false,44,3,ADH,8.783,false,true,false,false,1,1,Self,0.008,0.008,0.059,8.783,,0,0,0,,-0.006,-0.006,,0
249,9738,Scan: 10052 Run:  P1_K.SELVNVAK.K P2_K.GMEGEadhh2oAAK.A 2 3,sg,null,P25888|RHLE_ECOLI ATP-dependent RNA helicase RhlE OS=Escherichia coli (strain K12) GN=rhlE PE=1 SV=3,false,decoy:sg,decoydecoy:null,decoy:,true,31,65,ADH,8.782,true,false,true,false,1,1,Self,0.008,0.008,0.059,8.782,,0,1,0,,-0.006,0,,3
248,9734,Scan: 17621 Run:  P1_K.SQAIEGLVK.A P2_K.QALELPR.E 5 4,sg,null,P25888|RHLE_ECOLI ATP-dependent RNA helicase RhlE OS=Escherichia coli (strain K12) GN=rhlE PE=1 SV=3,false,sg,null,P25888|RHLE_ECOLI ATP-dependent RNA helicase RhlE OS=Escherichia coli (strain K12) GN=rhlE PE=1 SV=3,false,292,331,ADH,8.722,false,true,false,false,1,1,Self,0.008,0.008,0.111,8.722,,0,0,0,,-0.006,0,,0
246,9732,Scan: 39603 Run:  P1_R.DPANLK.W P2_K.DAAAAVGK.A 1 1,sg,null,P25888|RHLE_ECOLI ATP-dependent RNA helicase RhlE OS=Escherichia coli (strain K12) GN=rhlE PE=1 SV=3,false,sg,null,P25888|RHLE_ECOLI ATP-dependent RNA helicase RhlE OS=Escherichia coli (strain K12) GN=rhlE PE=1 SV=3,false,69,79,ADH,8.715,false,true,false,false,1,1,Self,0.008,0.008,0.139,8.715,,0,0,0,,-0.006,0,,0
242,7715,Scan: 29764 Run:  P1_R.SNPDYER.L P2_-.KQAAEAK.A 6 5;Scan: 32865 Run:  P1_R.SNPDYER.L P2_-.KQAAEAK.A 6 5,decoy:sg,decoydecoy:null,decoy:,true,decoy:sg,decoydecoy:null,decoy:,true,6,192,ADH,8.6,true,false,false,true,2,1,Self,0.008,0.008,0.179,6.866,,1,1,0,,-0.006,0.181,,1
241,9725,Scan: 23170 Run:  P1_R.QPDLREMoxR.D P2_K.AAESVK.G 6 3,sg,null,P25888|RHLE_ECOLI ATP-dependent RNA helicase RhlE OS=Escherichia coli (strain K12) GN=rhlE PE=1 SV=3,false,decoy:sg,decoydecoy:null,decoy:,true,231,214,ADH,8.507,true,false,true,false,1,1,Self,0.008,0.008,0.275,8.507,,0,1,0,,-0.006,0.005,,3
240,9724,Scan: 27843 Run:  P1_K.EVADAR.Ccm P2_K.DAAAAVGK.A 1 1,sg,null,P25888|RHLE_ECOLI ATP-dependent RNA helicase RhlE OS=Escherichia coli (strain K12) GN=rhlE PE=1 SV=3,false,decoy:sg,decoydecoy:null,decoy:,true,69,55,ADH,8.484,true,false,true,false,1,1,Self,0.008,0.008,0.317,8.484,,0,1,0,,-0.006,0.005,,3
239,9723,Scan: 32036 Run:  P1_K.DAAAAVGK.A P2_R.APGDETPEadhnh3K.A 1 4,sg,null,P25888|RHLE_ECOLI ATP-dependent RNA helicase RhlE OS=Escherichia coli (strain K12) GN=rhlE PE=1 SV=3,false,sg,null,P25888|RHLE_ECOLI ATP-dependent RNA helicase RhlE OS=Escherichia coli (strain K12) GN=rhlE PE=1 SV=3,false,69,78,ADH,8.483,false,true,false,false,1,1,Self,0.008,0.008,0.317,8.483,,0,0,0,,-0.006,0.005,,0
238,9722,Scan: 23807 Run:  P1_R.SIVADNR.F P2_R.DPANLK.W 5 1,decoy:sg,decoydecoy:null,decoy:,true,sg,null,P25888|RHLE_ECOLI ATP-dependent RNA helicase RhlE OS=Escherichia coli (strain K12) GN=rhlE PE=1 SV=3,false,54,79,ADH,8.479,true,false,true,false,1,1,Self,0.008,0.008,0.293,8.479,,1,0,0,,-0.006,0.005,,3
237,9721,Scan: 15096 Run:  P1_K.ITLSTQPADAR.W P2_K.ITLSTQPADAR.W 9 9,sg,null,P25888|RHLE_ECOLI ATP-dependent RNA helicase RhlE OS=Escherichia coli (strain K12) GN=rhlE PE=1 SV=3,false,sg,null,P25888|RHLE_ECOLI ATP-dependent RNA helicase RhlE OS=Escherichia coli (strain K12) GN=rhlE PE=1 SV=3,false,15,15,ADH,8.45,false,true,false,false,1,1,Self,0.008,0.008,0.318,8.45,,0,0,0,,-0.006,0.005,,0
236,9720,Scan: 9710 Run:  P1_R.NSDVAK.G P2_K.LTGEPR.K 3 4,sg,null,P25888|RHLE_ECOLI ATP-dependent RNA helicase RhlE OS=Escherichia coli (strain K12) GN=rhlE PE=1 SV=3,false,decoy:sg,decoydecoy:null,decoy:,true,336,282,ADH,8.373,true,false,true,false,1,1,Self,0.008,0.008,0.32,8.373,,0,1,0,,-0.006,0.005,,3
235,9719,Scan: 11681 Run:  P1_R.YNANDNPTK.Q P2_K.ATDLFLK.D 5 3,sg,null,P25888|RHLE_ECOLI ATP-dependent RNA helicase RhlE OS=Escherichia coli (strain K12) GN=rhlE PE=1 SV=3,false,sg,null,P25888|RHLE_ECOLI ATP-dependent RNA helicase RhlE OS=Escherichia coli (strain K12) GN=rhlE PE=1 SV=3,false,755,277,ADH,8.371,false,true,false,false,1,1,Self,0.008,0.008,0.32,8.371,,0,0,0,,-0.006,0.005,,0
234,9718,Scan: 19493 Run:  P1_K.LAAEadhloopENQKR.Q P2_K.EAQQEadhh2oR.A 5 1,decoy:sg,decoydecoy:null,decoy:,true,decoy:sg,decoydecoy:null,decoy:,true,113,185,ADH,8.359,true,false,false,true,1,1,Self,0.008,0.008,0.34,8.359,,1,1,0,,-0.006,0.005,,1
232,9716,Scan: 16363 Run:  P1_K.DSMSMK.T P2_K.AAIADYK.S 1 5,sg,null,P25888|RHLE_ECOLI ATP-dependent RNA helicase RhlE OS=Escherichia coli (strain K12) GN=rhlE PE=1 SV=3,false,sg,null,P25888|RHLE_ECOLI ATP-dependent RNA helicase RhlE OS=Escherichia coli (strain K12) GN=rhlE PE=1 SV=3,false,120,777,ADH,8.317,false,true,false,false,1,1,Self,0.008,0.008,0.36,8.317,,0,0,0,,-0.006,0.005,,0
231,9715,Scan: 29076 Run:  P1_K.VASQDDR.T P2_R.QDVELK.V 6 4,decoy:sg,decoydecoy:null,decoy:,true,decoy:sg,decoydecoy:null,decoy:,true,19,34,ADH,8.256,true,false,false,true,1,1,Self,0.008,0.008,0.426,8.256,,1,1,0,,-0.006,0.005,,1
229,9713,Scan: 8867 Run:  P1_K.QTAFMDSMoxK.S P2_K.LTAEGVK.A 6 4,sg,null,P25888|RHLE_ECOLI ATP-dependent RNA helicase RhlE OS=Escherichia coli (strain K12) GN=rhlE PE=1 SV=3,false,sg,null,P25888|RHLE_ECOLI ATP-dependent RNA helicase RhlE OS=Escherichia coli (strain K12) GN=rhlE PE=1 SV=3,false,213,574,ADH,8.254,false,true,false,false,1,1,Self,0.008,0.008,0.444,8.254,,0,0,0,,-0.006,0.005,,0
228,9712,Scan: 15780 Run:  P1_R.ALIVTDR.F P2_K.AELGIPK.S 6 2,sg,null,P25888|RHLE_ECOLI ATP-dependent RNA helicase RhlE OS=Escherichia coli (strain K12) GN=rhlE PE=1 SV=3,false,sg,null,P25888|RHLE_ECOLI ATP-dependent RNA helicase RhlE OS=Escherichia coli (strain K12) GN=rhlE PE=1 SV=3,false,808,487,ADH,8.214,false,true,false,false,1,1,Self,0.008,0.008,0.482,8.214,,0,0,0,,-0.006,0.005,,0
227,8115,Scan: 7925 Run:  P1_R.KDTSGK.L P2_K.AAFEQK.I 2 4;Scan: 7964 Run:  P1_R.KDTSGK.L P2_K.AAFEQK.I 2 4,sg,null,P25888|RHLE_ECOLI ATP-dependent RNA helicase RhlE OS=Escherichia coli (strain K12) GN=rhlE PE=1 SV=3,false,sg,null,P25888|RHLE_ECOLI ATP-dependent RNA helicase RhlE OS=Escherichia coli (strain K12) GN=rhlE PE=1 SV=3,false,303,306,ADH,8.198,false,true,false,false,2,1,Self,0.008,0.008,0.525,6.191,,0,0,0,,-0.006,0.403,,0
226,9711,Scan: 9657 Run:  P1_R.IDAGAK.D P2_R.GLNEAR.L 2 4,decoy:sg,decoydecoy:null,decoy:,true,decoy:sg,decoydecoy:null,decoy:,true,169,640,ADH,8.188,true,false,false,true,1,1,Self,0.008,0.008,0.508,8.188,,1,1,0,,-0.006,0.005,,1
225,8393,Scan: 6038 Run:  P1_R.IDGHMoxK.K P2_R.GGTAGER.D 2 6;Scan: 6052 Run:  P1_R.IDGHMoxK.K P2_R.GGTAGER.D 2 6,decoy:sg,decoydecoy:null,decoy:,true,decoy:sg,decoydecoy:null,decoy:,true,977,587,ADH,8.168,true,false,false,true,2,1,Self,0.008,0.008,0.541,6.001,,1,1,0,,-0.006,0.455,,1
224,9710,Scan: 4383 Run:  P1_R.QNLAQQER.T P2_R.IADSTK.V 7 3,sg,null,P25888|RHLE_ECOLI ATP-dependent RNA helicase RhlE OS=Escherichia coli (strain K12) GN=rhlE PE=1 SV=3,false,decoy:sg,decoydecoy:null,decoy:,true,527,354,ADH,8.16,true,false,true,false,1,1,Self,0.008,0.008,0.574,8.16,,0,1,0,,-0.006,0.005,,3
223,9709,Scan: 9766 Run:  P1_K.SQAIEGLVK.A P2_R.KEGAER.K 5 5,sg,null,P25888|RHLE_ECOLI ATP-dependent RNA helicase RhlE OS=Escherichia coli (strain K12) GN=rhlE PE=1 SV=3,false,sg,null,P25888|RHLE_ECOLI ATP-dependent RNA helicase RhlE OS=Escherichia coli (strain K12) GN=rhlE PE=1 SV=3,false,292,153,ADH,8.138,false,true,false,false,1,1,Self,0.008,0.008,0.597,8.138,,0,0,0,,-0.006,0.005,,0
222,9708,Scan: 47159 Run:  P1_R.EDRGPRGDadhloopR.N P2_K.AAESVK.G 2 3,decoy:sg,decoydecoy:null,decoy:,true,decoy:sg,decoydecoy:null,decoy:,true,159,214,ADH,8.117,true,false,false,true,1,1,Self,0.008,0.008,0.591,8.117,,1,1,0,,-0.006,0.005,,1
221,9707,Scan: 28483 Run:  P1_K.IATEDR.E P2_K.DDQEETVR.K 4 1,sg,null,P25888|RHLE_ECOLI ATP-dependent RNA helicase RhlE OS=Escherichia coli (strain K12) GN=rhlE PE=1 SV=3,false,sg,null,P25888|RHLE_ECOLI ATP-dependent RNA helicase RhlE OS=Escherichia coli (strain K12) GN=rhlE PE=1 SV=3,false,158,54,ADH,8.117,false,true,false,false,1,1,Self,0.008,0.008,0.591,8.117,,0,0,0,,-0.006,0.005,,0
220,9703,Scan: 9640 Run:  P1_K.SVNDVK.A P2_K.EAQQEadhh2oR.A 4 1,decoy:sg,decoydecoy:null,decoy:,true,sg,null,P25888|RHLE_ECOLI ATP-dependent RNA helicase RhlE OS=Escherichia coli (strain K12) GN=rhlE PE=1 SV=3,false,113,276,ADH,8.096,true,false,true,false,1,1,Self,0.008,0.008,0.597,8.096,,1,0,0,,-0.006,0.005,,3
219,9702,Scan: 16367 Run:  P1_R.IDRLISR.I P2_R.DYVEGETAAK.K 2 6,sg,null,P25888|RHLE_ECOLI ATP-dependent RNA helicase RhlE OS=Escherichia coli (strain K12) GN=rhlE PE=1 SV=3,false,sg,null,P25888|RHLE_ECOLI ATP-dependent RNA helicase RhlE OS=Escherichia coli (strain K12) GN=rhlE PE=1 SV=3,false,871,444,ADH,8.09,false,true,false,false,1,1,Self,0.008,0.008,0.58,8.09,,0,0,0,,-0.006,0.005,,0
218,7099,Scan: 7390 Run:  P1_K.EGTNPK.N P2_K.EGTNPK.N 1 1;Scan: 9370 Run:  P1_K.EGTNPK.N P2_K.EGTNPK.N 1 1,decoy:sg,decoydecoy:null,decoy:,true,decoy:sg,decoydecoy:null,decoy:,true,144,144,ADH,8.082,true,false,false,true,2,1,Self,0.008,0.008,0.614,6.406,,1,1,0,,-0.006,0.36,,1
217,9701,Scan: 8626 Run:  P1_R.SNVREK.T P2_K.NGVEER.K 5 5,sg,null,P25888|RHLE_ECOLI ATP-dependent RNA helicase RhlE OS=Escherichia coli (strain K12) GN=rhlE PE=1 SV=3,false,sg,null,P25888|RHLE_ECOLI ATP-dependent RNA helicase RhlE OS=Escherichia coli (strain K12) GN=rhlE PE=1 SV=3,false,281,277,ADH,8.064,false,true,false,false,1,1,Self,0.008,0.008,0.603,8.064,,0,0,0,,-0.006,0.005,,0
216,9700,Scan: 13142 Run:  P1_K.QTAFMDSMoxK.S P2_R.ADASAR.K 6 2,sg,null,P25888|RHLE_ECOLI ATP-dependent RNA helicase RhlE OS=Escherichia coli (strain K12) GN=rhlE PE=1 SV=3,false,sg,null,P25888|RHLE_ECOLI ATP-dependent RNA helicase RhlE OS=Escherichia coli (strain K12) GN=rhlE PE=1 SV=3,false,213,751,ADH,8.027,false,true,false,false,1,1,Self,0.008,0.008,0.584,8.027,,0,0,0,,-0.006,0.005,,0
215,9699,Scan: 16632 Run:  P1_R.EadhloopVEGGR.G P2_R.ALSMDAVQK.A 3 5,sg,null,P25888|RHLE_ECOLI ATP-dependent RNA helicase RhlE OS=Escherichia coli (strain K12) GN=rhlE PE=1 SV=3,false,sg,null,P25888|RHLE_ECOLI ATP-dependent RNA helicase RhlE OS=Escherichia coli (strain K12) GN=rhlE PE=1 SV=3,false,17,248,ADH,8.026,false,true,false,false,1,1,Self,0.008,0.008,0.597,8.026,,0,0,0,,-0.006,0.005,,0
214,9698,Scan: 4121 Run:  P1_R.TGDTISGK.I P2_K.SGSELGK.Q 3 4,sg,null,P25888|RHLE_ECOLI ATP-dependent RNA helicase RhlE OS=Escherichia coli (strain K12) GN=rhlE PE=1 SV=3,false,sg,null,P25888|RHLE_ECOLI ATP-dependent RNA helicase RhlE OS=Escherichia coli (strain K12) GN=rhlE PE=1 SV=3,false,95,44,ADH,8.004,false,true,false,false,1,1,Self,0.008,0.008,0.59,8.004,,0,0,0,,-0.006,0.005,,0
213,9697,Scan: 9663 Run:  P1_K.DAAAAVGK.A P2_R.ADHVQK.G 1 2,sg,null,P25888|RHLE_ECOLI ATP-dependent RNA helicase RhlE OS=Escherichia coli (strain K12) GN=rhlE PE=1 SV=3,false,sg,null,P25888|RHLE_ECOLI ATP-dependent RNA helicase RhlE OS=Escherichia coli (strain K12) GN=rhlE PE=1 SV=3,false,69,423,ADH,8.001,false,true,false,false,1,1,Self,0.008,0.008,0.564,8.001,,0,0,0,,-0.006,0.005,,0
212,9696,Scan: 18736 Run:  P1_K.DAGADR.I P2_K.AGNVAADGVIK.T 5 7,sg,null,P25888|RHLE_ECOLI ATP-dependent RNA helicase RhlE OS=Escherichia coli (strain K12) GN=rhlE PE=1 SV=3,false,sg,null,P25888|RHLE_ECOLI ATP-dependent RNA helicase RhlE OS=Escherichia coli (strain K12) GN=rhlE PE=1 SV=3,false,59,434,ADH,7.976,false,true,false,false,1,1,Self,0.008,0.008,0.549,7.976,,0,0,0,,-0.006,0.005,,0
211,9695,Scan: 13706 Run:  P1_R.Eadhh2oLYEISR.K P2_K.EEadhloopLQEAR.A 4 1,decoy:sg,decoydecoy:null,decoy:,true,decoy:sg,decoydecoy:null,decoy:,true,170,348,ADH,7.969,true,false,false,true,1,1,Self,0.008,0.008,0.554,7.969,,1,1,0,,-0.006,0.005,,1
209,9693,Scan: 24879 Run:  P1_K.KGDAGK.K P2_K.Dadhh2oVSFDR.S 3 5,sg,null,P25888|RHLE_ECOLI ATP-dependent RNA helicase RhlE OS=Escherichia coli (strain K12) GN=rhlE PE=1 SV=3,false,sg,null,P25888|RHLE_ECOLI ATP-dependent RNA helicase RhlE OS=Escherichia coli (strain K12) GN=rhlE PE=1 SV=3,false,93,746,ADH,7.94,false,true,false,false,1,1,Self,0.008,0.008,0.548,7.94,,0,0,0,,0,0.005,,0
208,9692,Scan: 8033 Run:  P1_R.NAVDAAK.A P2_K.AAIAMoxGEK.G 4 7,decoy:sg,decoydecoy:null,decoy:,true,sg,null,P25888|RHLE_ECOLI ATP-dependent RNA helicase RhlE OS=Escherichia coli (strain K12) GN=rhlE PE=1 SV=3,false,306,140,ADH,7.926,true,false,true,false,1,1,Self,0.008,-0.732,0.529,7.926,,1,0,0,,0,0.005,,3
207,9691,Scan: 15612 Run:  P1_K.SQAIEGLVK.A P2_K.ITLSTQPADAR.W 5 9,sg,null,P25888|RHLE_ECOLI ATP-dependent RNA helicase RhlE OS=Escherichia coli (strain K12) GN=rhlE PE=1 SV=3,false,sg,null,P25888|RHLE_ECOLI ATP-dependent RNA helicase RhlE OS=Escherichia coli (strain K12) GN=rhlE PE=1 SV=3,false,15,292,ADH,7.896,false,true,false,false,1,1,Self,0.008,-0.475,0.539,7.896,,0,0,0,,0,0.005,,0
206,9690,Scan: 39380 Run:  P1_K.QENGGR.F P2_-.KESDDPNR.R 2 2,decoy:sg,decoydecoy:null,decoy:,true,decoy:sg,decoydecoy:null,decoy:,true,3,107,ADH,7.887,true,false,false,true,1,1,Self,0.008,-0.624,0.551,7.887,,1,1,0,,0,0.005,,1
205,9689,Scan: 35411 Run:  P1_K.NSGPDK.L P2_R.DVEadhh2oPIR.Q 5 1,sg,null,P25888|RHLE_ECOLI ATP-dependent RNA helicase RhlE OS=Escherichia coli (strain K12) GN=rhlE PE=1 SV=3,false,sg,null,P25888|RHLE_ECOLI ATP-dependent RNA helicase RhlE OS=Escherichia coli (strain K12) GN=rhlE PE=1 SV=3,false,93,57,ADH,7.873,false,true,false,false,1,1,Self,0.008,-0.847,0.543,7.873,,0,0,0,,0,0.005,,0
