PSMID,run,scan,PeakListFileName,ScanId,exp charge,exp m/z,exp mass,exp fractionalmass,match charge,match mass,match fractionalmass,Protein1,Name1,Description1,Decoy1,Protein2,Name2,Description2,Decoy2,PepSeq1,PepSeq2,PepPos1,PepPos2,PeptideLength1,PeptideLength2,LinkPos1,LinkPos2,ProteinLinkPos1,ProteinLinkPos2,Charge,Crosslinker,CrosslinkerModMass,MinFragments,P1Fragments,P2Fragments,PeptidesWithDoublets,PeptidesWithStubs,minPepCoverage,minPepCoverageAbsolute,Score,isDecoy,isTT,isTD,isDD,fdrGroup,fdr,ifdr,PEP,,PeptidePairFDR,Protein1FDR,Protein2FDR,LinkFDR,PPIFDR,peptide pair id,link id,ppi id,info
Scan: 15074 Run:  P1_R.VFQTHSPVVDSISVKR.R P2_ null null,,15074,20210531_QExHFX2_RSLC3_ADH_acidic-lib_sep_rep2.mgf,10600,3,600.332,1797.975,0.975,3,1797.974,0.974,sg,,P0ADZ4|RS15_ECOLI 30S ribosomal protein S15 OS=Escherichia coli (strain K12) GN=rpsO PE=1 SV=2,false,,,,false,VFQTHSPVVDSISVKR,,73,0,16,,-1,-1,,,3,,,25,25,NaN,0,0,0.833,25,18.432,false,true,false,false,linear ,0,0,0.018,,0,0,,,,5039,,,
Scan: 18528 Run:  P1_R.VFQTHSPVVDSISVK.R P2_ null null,,18528,20210531_QExHFX2_RSLC3_ADH_acidic-lib_sep_rep2.mgf,13376,3,548.298,1641.872,0.872,3,1641.873,0.873,sg,,P0ADZ4|RS15_ECOLI 30S ribosomal protein S15 OS=Escherichia coli (strain K12) GN=rpsO PE=1 SV=2,false,,,,false,VFQTHSPVVDSISVK,,73,0,15,,-1,-1,,,3,,,20,20,NaN,0,0,0.714,20,16.591,false,true,false,false,linear ,0,0.003,0.018,,0,0,,,,5040,,,
Scan: 14895 Run:  P1_R.VFQTHSPVVDSISVKR.R P2_ null null,,14895,20210531_QExHFX2_RSLC3_ADH_acidic-lib_sep_rep2.mgf,10443,4,450.501,1797.975,0.975,4,1797.974,0.974,sg,,P0ADZ4|RS15_ECOLI 30S ribosomal protein S15 OS=Escherichia coli (strain K12) GN=rpsO PE=1 SV=2,false,,,,false,VFQTHSPVVDSISVKR,,73,0,16,,-1,-1,,,4,,,17,17,NaN,0,0,0.567,17,15.228,false,true,false,false,linear ,0,0.005,0.019,,0,0,,,,5039,,,
Scan: 14422 Run:  P1_R.AVTDKPSLLMCcmK.T P2_ null null,,14422,20210531_QExHFX2_RSLC3_ADH_acidic-lib_sep_rep2.mgf,10026,3,454.909,1361.705,0.705,3,1361.705,0.705,sg,,P0ADZ4|RS15_ECOLI 30S ribosomal protein S15 OS=Escherichia coli (strain K12) GN=rpsO PE=1 SV=2,false,,,,false,AVTDKPSLLMCcmK,,233,0,12,,-1,-1,,,3,,,16,16,NaN,0,0,0.727,16,14.314,false,true,false,false,linear ,0,0.007,0.019,,0,0,,,,5038,,,
Scan: 10233 Run:  P1_K.SNVPALEACcmPQKR.G P2_ null null,,10233,20210531_QExHFX2_RSLC3_ADH_acidic-lib_sep_rep2.mgf,6497,3,490.59,1468.747,0.747,3,1468.746,0.746,sg,,P0ADZ4|RS15_ECOLI 30S ribosomal protein S15 OS=Escherichia coli (strain K12) GN=rpsO PE=1 SV=2,false,,,,false,SNVPALEACcmPQKR,,19,0,13,,-1,-1,,,3,,,13,13,NaN,0,0,0.542,13,13.427,false,true,false,false,linear ,0,0.008,0.019,,0,0,,,,5037,,,
Scan: 23923 Run:  P1_R.VFQTHSPVVDadhh2oSISVK.R P2_ null null,,23923,20210531_QExHFX2_RSLC3_ADH_acidic-lib_sep_rep2.mgf,18034,3,600.332,1797.975,0.975,3,1797.974,0.974,sg,,P0ADZ4|RS15_ECOLI 30S ribosomal protein S15 OS=Escherichia coli (strain K12) GN=rpsO PE=1 SV=2,false,,,,false,VFQTHSPVVDadhh2oSISVK,,73,0,15,,-1,-1,,,3,,,22,22,NaN,0,0,0.786,22,13.257,false,true,false,false,linear ,0,0.008,0.02,,0,0,,,,4999,,,
Scan: 8309 Run:  P1_K.GTGNMoxELHLSR.K P2_ null null,,8309,20210531_QExHFX2_RSLC3_ADH_acidic-lib_sep_rep2.mgf,4924,3,410.868,1229.582,0.582,3,1229.582,0.582,sg,,P0ADZ4|RS15_ECOLI 30S ribosomal protein S15 OS=Escherichia coli (strain K12) GN=rpsO PE=1 SV=2,false,,,,false,GTGNMoxELHLSR,,337,0,11,,-1,-1,,,3,,,10,10,NaN,0,0,0.5,10,12.683,false,true,false,false,linear ,0,0.009,0.02,,0,0,,,,5035,,,
Scan: 10770 Run:  P1_R.VFQTHSPVVDadhloopSISVKR.R P2_ null null,,10770,20210531_QExHFX2_RSLC3_ADH_acidic-lib_sep_rep2.mgf,6978,3,646.361,1936.062,0.062,3,1936.064,0.064,sg,,P0ADZ4|RS15_ECOLI 30S ribosomal protein S15 OS=Escherichia coli (strain K12) GN=rpsO PE=1 SV=2,false,,,,false,VFQTHSPVVDadhloopSISVKR,,73,0,16,,-1,-1,,,3,,,15,15,NaN,0,0,0.5,15,12.6,false,true,false,false,linear ,0,0.01,0.02,,0,0,,,,5012,,,
Scan: 11973 Run:  P1_K.GTGNMELHLSR.K P2_ null null,,11973,20210531_QExHFX2_RSLC3_ADH_acidic-lib_sep_rep2.mgf,8038,3,405.537,1213.588,0.588,3,1213.587,0.587,sg,,P0ADZ4|RS15_ECOLI 30S ribosomal protein S15 OS=Escherichia coli (strain K12) GN=rpsO PE=1 SV=2,false,,,,false,GTGNMELHLSR,,337,0,11,,-1,-1,,,3,,,11,11,NaN,0,0,0.55,11,12.45,false,true,false,false,linear ,0,0.01,0.021,,0,0,,,,5033,,,
Scan: 13514 Run:  P1_K.SNVPALEadhh2oACcmPQKR.G P2_ null null,,13514,20210531_QExHFX2_RSLC3_ADH_acidic-lib_sep_rep2.mgf,9309,3,542.623,1624.848,0.848,3,1624.847,0.847,sg,,P0ADZ4|RS15_ECOLI 30S ribosomal protein S15 OS=Escherichia coli (strain K12) GN=rpsO PE=1 SV=2,false,,,,false,SNVPALEadhh2oACcmPQKR,,19,0,13,,-1,-1,,,3,,,13,13,NaN,0,0,0.542,13,12.443,false,true,false,false,linear ,0,0.01,0.021,,0,0,,,,5025,,,
Scan: 11883 Run:  P1_R.AVTDKPSLLMoxCcmK.T P2_ null null,,11883,20210531_QExHFX2_RSLC3_ADH_acidic-lib_sep_rep2.mgf,7963,3,460.241,1377.7,0.7,3,1377.7,0.7,sg,,P0ADZ4|RS15_ECOLI 30S ribosomal protein S15 OS=Escherichia coli (strain K12) GN=rpsO PE=1 SV=2,false,,,,false,AVTDKPSLLMoxCcmK,,233,0,12,,-1,-1,,,3,,,10,10,NaN,0,0,0.455,10,12.268,false,true,false,false,linear ,0,0.01,0.022,,0,0,,,,5031,,,
Scan: 19477 Run:  P1_R.VFQTHSPVVDadhloopSISVK.R P2_ null null,,19477,20210531_QExHFX2_RSLC3_ADH_acidic-lib_sep_rep2.mgf,14141,3,594.328,1779.963,0.963,3,1779.963,0.963,sg,,P0ADZ4|RS15_ECOLI 30S ribosomal protein S15 OS=Escherichia coli (strain K12) GN=rpsO PE=1 SV=2,false,,,,false,VFQTHSPVVDadhloopSISVK,,73,0,15,,-1,-1,,,3,,,11,11,NaN,0,0,0.393,11,11.713,false,true,false,false,linear ,0,0.011,0.022,,0,0,,,,5030,,,
Scan: 14763 Run:  P1_R.AAALAAADadhh2oAR.I P2_ null null,,14763,20210531_QExHFX2_RSLC3_ADH_acidic-lib_sep_rep2.mgf,10326,3,352.868,1055.583,0.583,3,1055.584,0.584,sg,,P0ADZ4|RS15_ECOLI 30S ribosomal protein S15 OS=Escherichia coli (strain K12) GN=rpsO PE=1 SV=2,false,,,,false,AAALAAADadhh2oAR,,37,0,10,,-1,-1,,,3,,,12,12,NaN,0,0,0.667,12,11.604,false,true,false,false,linear ,0,0.011,0.023,,0,0,,,,5029,,,
Scan: 12805 Run:  P1_R.VFQTHSPVVDSISVKRR.G P2_ null null,,12805,20210531_QExHFX2_RSLC3_ADH_acidic-lib_sep_rep2.mgf,8711,4,489.526,1954.074,0.074,4,1954.075,0.075,sg,,P0ADZ4|RS15_ECOLI 30S ribosomal protein S15 OS=Escherichia coli (strain K12) GN=rpsO PE=1 SV=2,false,,,,false,VFQTHSPVVDSISVKRR,,73,0,17,,-1,-1,,,4,,,18,18,NaN,0,0,0.562,18,11.445,false,true,false,false,linear ,0,0.011,0.023,,0,0,,,,5019,,,
Scan: 22695 Run:  P1_R.AVTDadhh2oKPSLLMCcmK.T P2_ null null,,22695,20210531_QExHFX2_RSLC3_ADH_acidic-lib_sep_rep2.mgf,16974,3,506.942,1517.806,0.806,3,1517.806,0.806,sg,,P0ADZ4|RS15_ECOLI 30S ribosomal protein S15 OS=Escherichia coli (strain K12) GN=rpsO PE=1 SV=2,false,,,,false,AVTDadhh2oKPSLLMCcmK,,233,0,12,,-1,-1,,,3,,,13,13,NaN,0,0,0.591,13,11.408,false,true,false,false,linear ,0,0.011,0.023,,0,0,,,,4942,,,
Scan: 47375 Run:  P1_K.LPVEadhh2oFVPVR.F P2_ null null,,47375,20210531_QExHFX2_RSLC3_ADH_acidic-lib_sep_rep2.mgf,37826,3,404.58,1210.719,0.719,3,1210.719,0.719,sg,,P0ADZ4|RS15_ECOLI 30S ribosomal protein S15 OS=Escherichia coli (strain K12) GN=rpsO PE=1 SV=2,false,,,,false,LPVEadhh2oFVPVR,,236,0,9,,-1,-1,,,3,,,11,11,NaN,0,0,0.688,11,11.377,false,true,false,false,linear ,0,0.012,0.023,,0,0,,,,5026,,,
Scan: 15441 Run:  P1_K.SNVPALEadhh2oACcmPQKR.G P2_ null null,,15441,20210531_QExHFX2_RSLC3_ADH_acidic-lib_sep_rep2.mgf,10921,4,407.219,1624.848,0.848,4,1624.847,0.847,sg,,P0ADZ4|RS15_ECOLI 30S ribosomal protein S15 OS=Escherichia coli (strain K12) GN=rpsO PE=1 SV=2,false,,,,false,SNVPALEadhh2oACcmPQKR,,19,0,13,,-1,-1,,,4,,,14,14,NaN,0,0,0.583,14,11.206,false,true,false,false,linear ,0,0.012,0.025,,0,0,,,,5025,,,
Scan: 24139 Run:  P1_K.SNVPALEadhh2oACcmPQK.R P2_ null null,,24139,20210531_QExHFX2_RSLC3_ADH_acidic-lib_sep_rep2.mgf,18231,3,490.589,1468.746,0.746,3,1468.746,0.746,sg,,P0ADZ4|RS15_ECOLI 30S ribosomal protein S15 OS=Escherichia coli (strain K12) GN=rpsO PE=1 SV=2,false,,,,false,SNVPALEadhh2oACcmPQK,,19,0,12,,-1,-1,,,3,,,15,15,NaN,0,0,0.682,15,11.092,false,true,false,false,linear ,0,0.012,0.026,,0,0,,,,5024,,,
Scan: 19168 Run:  P1_K.ITLSTQPADadhh2oAR.W P2_ null null,,19168,20210531_QExHFX2_RSLC3_ADH_acidic-lib_sep_rep2.mgf,13877,3,443.581,1327.721,0.721,3,1327.721,0.721,sg,,P0ADZ4|RS15_ECOLI 30S ribosomal protein S15 OS=Escherichia coli (strain K12) GN=rpsO PE=1 SV=2,false,,,,false,ITLSTQPADadhh2oAR,,7,0,11,,-1,-1,,,3,,,13,13,NaN,0,0,0.65,13,10.634,false,true,false,false,linear ,0,0.013,0.026,,0,0,,,,5023,,,
Scan: 12726 Run:  P1_R.AVTDadhh2oKPSLLMoxCcmK.T P2_ null null,,12726,20210531_QExHFX2_RSLC3_ADH_acidic-lib_sep_rep2.mgf,8641,3,512.274,1533.802,0.802,3,1533.801,0.801,sg,,P0ADZ4|RS15_ECOLI 30S ribosomal protein S15 OS=Escherichia coli (strain K12) GN=rpsO PE=1 SV=2,false,,,,false,AVTDadhh2oKPSLLMoxCcmK,,233,0,12,,-1,-1,,,3,,,13,13,NaN,0,0,0.591,13,10.463,false,true,false,false,linear ,0,0.013,0.027,,0,0,,,,4847,,,
Scan: 16860 Run:  P1_K.AGNVAADadhh2oGVIK.T P2_ null null,,16860,20210531_QExHFX2_RSLC3_ADH_acidic-lib_sep_rep2.mgf,12005,3,390.891,1169.652,0.652,3,1169.652,0.652,sg,,P0ADZ4|RS15_ECOLI 30S ribosomal protein S15 OS=Escherichia coli (strain K12) GN=rpsO PE=1 SV=2,false,,,,false,AGNVAADadhh2oGVIK,,53,0,11,,-1,-1,,,3,,,14,14,NaN,0,0,0.7,14,10.328,false,true,false,false,linear ,0,0.013,0.028,,0,0,,,,5021,,,
Scan: 9222 Run:  P1_K.GTGNMEadhh2oLHLSR.K P2_ null null,,9222,20210531_QExHFX2_RSLC3_ADH_acidic-lib_sep_rep2.mgf,5676,3,457.569,1369.686,0.686,3,1369.688,0.688,sg,,P0ADZ4|RS15_ECOLI 30S ribosomal protein S15 OS=Escherichia coli (strain K12) GN=rpsO PE=1 SV=2,false,,,,false,GTGNMEadhh2oLHLSR,,337,0,11,,-1,-1,,,3,,,16,16,NaN,0,0,0.8,16,10.262,false,true,false,false,linear ,0,0.013,0.028,,0,0,,,,5020,,,
Scan: 9228 Run:  P1_R.VFQTHSPVVDSISVKRR.G P2_ null null,,9228,20210531_QExHFX2_RSLC3_ADH_acidic-lib_sep_rep2.mgf,5681,3,652.365,1954.072,0.072,3,1954.075,0.075,sg,,P0ADZ4|RS15_ECOLI 30S ribosomal protein S15 OS=Escherichia coli (strain K12) GN=rpsO PE=1 SV=2,false,,,,false,VFQTHSPVVDSISVKRR,,73,0,17,,-1,-1,,,3,,,15,15,NaN,0,0,0.469,15,10.042,false,true,false,false,linear ,0,0.014,0.029,,0,0,,,,5019,,,
Scan: 10452 Run:  P1_K.IGSTIKTDadhh2oR.E P2_ null null,,10452,20210531_QExHFX2_RSLC3_ADH_acidic-lib_sep_rep2.mgf,6688,3,382.891,1145.652,0.652,3,1145.652,0.652,sg,,P0ADZ4|RS15_ECOLI 30S ribosomal protein S15 OS=Escherichia coli (strain K12) GN=rpsO PE=1 SV=2,false,,,,false,IGSTIKTDadhh2oR,,25,0,9,,-1,-1,,,3,,,10,10,NaN,0,0,0.625,10,9.992,false,true,false,false,linear ,0,0.014,0.029,,0,0,,,,5018,,,
Scan: 7911 Run:  P1_K.SNVPALEadhloopACcmPQKR.G P2_ null null,,7911,20210531_QExHFX2_RSLC3_ADH_acidic-lib_sep_rep2.mgf,4617,3,536.62,1606.837,0.837,3,1606.836,0.836,sg,,P0ADZ4|RS15_ECOLI 30S ribosomal protein S15 OS=Escherichia coli (strain K12) GN=rpsO PE=1 SV=2,false,,,,false,SNVPALEadhloopACcmPQKR,,19,0,13,,-1,-1,,,3,,,8,8,NaN,0,0,0.333,8,9.95,false,true,false,false,linear ,0,0.014,0.029,,0,0,,,,5017,,,
Scan: 16534 Run:  P1_K.SNVPALEadhloopACcmPQK.R P2_ null null,,16534,20210531_QExHFX2_RSLC3_ADH_acidic-lib_sep_rep2.mgf,11746,3,484.586,1450.736,0.736,3,1450.735,0.735,sg,,P0ADZ4|RS15_ECOLI 30S ribosomal protein S15 OS=Escherichia coli (strain K12) GN=rpsO PE=1 SV=2,false,,,,false,SNVPALEadhloopACcmPQK,,19,0,12,,-1,-1,,,3,,,12,12,NaN,0,0,0.545,12,9.878,false,true,false,false,linear ,0,0.014,0.031,,0,0,,,,5016,,,
Scan: 25522 Run:  P1_R.LPLAEadhh2oFHR.S P2_ null null,,25522,20210531_QExHFX2_RSLC3_ADH_acidic-lib_sep_rep2.mgf,19456,3,380.221,1137.641,0.641,3,1137.641,0.641,sg,,P0ADZ4|RS15_ECOLI 30S ribosomal protein S15 OS=Escherichia coli (strain K12) GN=rpsO PE=1 SV=2,false,,,,false,LPLAEadhh2oFHR,,345,0,8,,-1,-1,,,3,,,10,10,NaN,0,0,0.714,10,9.798,false,true,false,false,linear ,0,0.014,0.032,,0,0,,,,5015,,,
Scan: 3886 Run:  P1_R.TGAGMMDCcmKK.A P2_ null null,,3886,20210531_QExHFX2_RSLC3_ADH_acidic-lib_sep_rep2.mgf,1218,3,366.83,1097.467,0.467,3,1097.467,0.467,sg,,P0ADZ4|RS15_ECOLI 30S ribosomal protein S15 OS=Escherichia coli (strain K12) GN=rpsO PE=1 SV=2,false,,,,false,TGAGMMDCcmKK,,16,0,10,,-1,-1,,,3,,,7,7,NaN,0,0,0.389,7,9.792,false,true,false,false,linear ,0,0.014,0.032,,0,0,,,,5014,,,
Scan: 4711 Run:  P1_R.TGAGMMDadhh2oCcmK.K P2_ null null,,4711,20210531_QExHFX2_RSLC3_ADH_acidic-lib_sep_rep2.mgf,1891,3,376.165,1125.472,0.472,3,1125.473,0.473,sg,,P0ADZ4|RS15_ECOLI 30S ribosomal protein S15 OS=Escherichia coli (strain K12) GN=rpsO PE=1 SV=2,false,,,,false,TGAGMMDadhh2oCcmK,,16,0,9,,-1,-1,,,3,,,10,10,NaN,0,0,0.625,10,9.664,false,true,false,false,linear ,0,0.014,0.036,,0,0,,,,5013,,,
Scan: 10769 Run:  P1_R.VFQTHSPVVDadhloopSISVKR.R P2_ null null,,10769,20210531_QExHFX2_RSLC3_ADH_acidic-lib_sep_rep2.mgf,6977,4,485.023,1936.063,0.063,4,1936.064,0.064,sg,,P0ADZ4|RS15_ECOLI 30S ribosomal protein S15 OS=Escherichia coli (strain K12) GN=rpsO PE=1 SV=2,false,,,,false,VFQTHSPVVDadhloopSISVKR,,73,0,16,,-1,-1,,,4,,,11,11,NaN,0,0,0.367,11,9.526,false,true,false,false,linear ,0,0.015,0.037,,0,0,,,,5012,,,
Scan: 19304 Run:  P1_R.ALSMDadhh2oAVQK.A P2_ null null,,19304,20210531_QExHFX2_RSLC3_ADH_acidic-lib_sep_rep2.mgf,13994,3,373.538,1117.591,0.591,3,1117.591,0.591,sg,,P0ADZ4|RS15_ECOLI 30S ribosomal protein S15 OS=Escherichia coli (strain K12) GN=rpsO PE=1 SV=2,false,,,,false,ALSMDadhh2oAVQK,,13,0,9,,-1,-1,,,3,,,11,11,NaN,0,0,0.688,11,9.464,false,true,false,false,linear ,0,0.015,0.037,,0,0,,,,5011,,,
Scan: 31818 Run:  P1_R.VFPAIDadhh2oYNR.S P2_ null null,,31818,20210531_QExHFX2_RSLC3_ADH_acidic-lib_sep_rep2.mgf,24712,3,417.559,1249.655,0.655,3,1249.657,0.657,sg,,P0ADZ4|RS15_ECOLI 30S ribosomal protein S15 OS=Escherichia coli (strain K12) GN=rpsO PE=1 SV=2,false,,,,false,VFPAIDadhh2oYNR,,354,0,9,,-1,-1,,,3,,,11,11,NaN,0,0,0.688,11,9.422,false,true,false,false,linear ,0,0.015,0.037,,0,0,,,,5010,,,
Scan: 5403 Run:  P1_K.GTGNMoxEadhh2oLHLSR.K P2_ null null,,5403,20210531_QExHFX2_RSLC3_ADH_acidic-lib_sep_rep2.mgf,2469,3,462.902,1385.684,0.684,3,1385.683,0.683,sg,,P0ADZ4|RS15_ECOLI 30S ribosomal protein S15 OS=Escherichia coli (strain K12) GN=rpsO PE=1 SV=2,false,,,,false,GTGNMoxEadhh2oLHLSR,,337,0,11,,-1,-1,,,3,,,8,8,NaN,0,0,0.4,8,9.122,false,true,false,false,linear ,0,0.015,0.042,,0,0,,,,5009,,,
Scan: 28351 Run:  P1_-.MAEadhh2oITASLVK.E P2_ null null,,28351,20210531_QExHFX2_RSLC3_ADH_acidic-lib_sep_rep2.mgf,21713,3,406.901,1217.68,0.68,3,1217.68,0.68,sg,,P0ADZ4|RS15_ECOLI 30S ribosomal protein S15 OS=Escherichia coli (strain K12) GN=rpsO PE=1 SV=2,false,,,,false,MAEadhh2oITASLVK,,1,0,10,,-1,-1,,,3,,,11,11,NaN,0,0,0.611,11,9.019,false,true,false,false,linear ,0,0.015,0.042,,0,0,,,,5008,,,
Scan: 17224 Run:  P1_K.SQAIEadhh2oGLVK.A P2_ null null,,17224,20210531_QExHFX2_RSLC3_ADH_acidic-lib_sep_rep2.mgf,12267,3,367.552,1099.635,0.635,3,1099.635,0.635,sg,,P0ADZ4|RS15_ECOLI 30S ribosomal protein S15 OS=Escherichia coli (strain K12) GN=rpsO PE=1 SV=2,false,,,,false,SQAIEadhh2oGLVK,,288,0,9,,-1,-1,,,3,,,10,10,NaN,0,0,0.625,10,8.903,false,true,false,false,linear ,0,0.016,0.045,,0,0,,,,5007,,,
Scan: 3473 Run:  P1_-.MAVQQNKPTR.S P2_ null null,,3473,20210531_QExHFX2_RSLC3_ADH_acidic-lib_sep_rep2.mgf,922,3,391.545,1171.612,0.612,3,1171.613,0.613,sg,,P0ADZ4|RS15_ECOLI 30S ribosomal protein S15 OS=Escherichia coli (strain K12) GN=rpsO PE=1 SV=2,false,,,,false,MAVQQNKPTR,,1,0,10,,-1,-1,,,3,,,8,8,NaN,0,0,0.444,8,8.687,false,true,false,false,linear ,0,0.016,0.048,,0,0,,,,5006,,,
Scan: 22161 Run:  P1_K.NSGKEadhloopQKITIK.A P2_ null null,,22161,20210531_QExHFX2_RSLC3_ADH_acidic-lib_sep_rep2.mgf,16496,3,461.941,1382.801,0.801,3,1382.799,0.799,sg,,P0ADZ4|RS15_ECOLI 30S ribosomal protein S15 OS=Escherichia coli (strain K12) GN=rpsO PE=1 SV=2,false,,,,false,NSGKEadhloopQKITIK,,492,0,11,,-1,-1,,,3,,,9,9,NaN,0,0,0.45,9,8.592,false,true,false,false,linear ,0,0.016,0.048,,0,0,,,,5005,,,
Scan: 22471 Run:  P1_K.QTAFMDadhh2oSMK.S P2_ null null,,22471,20210531_QExHFX2_RSLC3_ADH_acidic-lib_sep_rep2.mgf,16773,3,405.526,1213.558,0.558,3,1213.558,0.558,sg,,P0ADZ4|RS15_ECOLI 30S ribosomal protein S15 OS=Escherichia coli (strain K12) GN=rpsO PE=1 SV=2,false,,,,false,QTAFMDadhh2oSMK,,208,0,9,,-1,-1,,,3,,,11,11,NaN,0,0,0.688,11,8.592,false,true,false,false,linear ,0,0.016,0.048,,0,0,,,,5004,,,
Scan: 16203 Run:  P1_R.VFQTHSPVVDadhh2oSISVKR.R P2_ null null,,16203,20210531_QExHFX2_RSLC3_ADH_acidic-lib_sep_rep2.mgf,11532,4,489.526,1954.075,0.075,4,1954.075,0.075,sg,,P0ADZ4|RS15_ECOLI 30S ribosomal protein S15 OS=Escherichia coli (strain K12) GN=rpsO PE=1 SV=2,false,,,,false,VFQTHSPVVDadhh2oSISVKR,,73,0,16,,-1,-1,,,4,,,15,15,NaN,0,0,0.5,15,8.575,false,true,false,false,linear ,0,0.016,0.05,,0,0,,,,5003,,,
Scan: 29751 Run:  P1_R.AVTDadhloopKPSLLMCcmK.T P2_ null null,,29751,20210531_QExHFX2_RSLC3_ADH_acidic-lib_sep_rep2.mgf,22915,3,500.939,1499.796,0.796,3,1499.795,0.795,sg,,P0ADZ4|RS15_ECOLI 30S ribosomal protein S15 OS=Escherichia coli (strain K12) GN=rpsO PE=1 SV=2,false,,,,false,AVTDadhloopKPSLLMCcmK,,233,0,12,,-1,-1,,,3,,,11,11,NaN,0,0,0.5,11,8.554,false,true,false,false,linear ,0,0.016,0.05,,0,0,,,,5002,,,
Scan: 8613 Run:  P1_K.SNVPALEadhnh3ACcmPQK.R P2_ null null,,8613,20210531_QExHFX2_RSLC3_ADH_acidic-lib_sep_rep2.mgf,5169,3,490.262,1467.763,0.763,3,1467.762,0.762,sg,,P0ADZ4|RS15_ECOLI 30S ribosomal protein S15 OS=Escherichia coli (strain K12) GN=rpsO PE=1 SV=2,false,,,,false,SNVPALEadhnh3ACcmPQK,,19,0,12,,-1,-1,,,3,,,9,9,NaN,0,0,0.409,9,8.167,false,true,false,false,linear ,0,0.017,0.188,,0,0,,,,5001,,,
Scan: 21527 Run:  P1_-.MoxAEadhh2oITASLVK.E P2_ null null,,21527,20210531_QExHFX2_RSLC3_ADH_acidic-lib_sep_rep2.mgf,15908,3,412.232,1233.675,0.675,3,1233.675,0.675,sg,,P0ADZ4|RS15_ECOLI 30S ribosomal protein S15 OS=Escherichia coli (strain K12) GN=rpsO PE=1 SV=2,false,,,,false,MoxAEadhh2oITASLVK,,1,0,10,,-1,-1,,,3,,,11,11,NaN,0,0,0.611,11,8.027,false,true,false,false,linear ,0,0.017,0.188,,0,0,,,,5000,,,
Scan: 20842 Run:  P1_R.VFQTHSPVVDadhh2oSISVK.R P2_ null null,,20842,20210531_QExHFX2_RSLC3_ADH_acidic-lib_sep_rep2.mgf,15297,4,450.501,1797.975,0.975,4,1797.974,0.974,sg,,P0ADZ4|RS15_ECOLI 30S ribosomal protein S15 OS=Escherichia coli (strain K12) GN=rpsO PE=1 SV=2,false,,,,false,VFQTHSPVVDadhh2oSISVK,,73,0,15,,-1,-1,,,4,,,14,14,NaN,0,0,0.5,14,7.986,false,true,false,false,linear ,0,0.017,0.188,,0,0,,,,4999,,,
Scan: 9403 Run:  P1_K.GTGNMEadhloopLHLSR.K P2_ null null,,9403,20210531_QExHFX2_RSLC3_ADH_acidic-lib_sep_rep2.mgf,5815,3,451.566,1351.677,0.677,3,1351.678,0.678,sg,,P0ADZ4|RS15_ECOLI 30S ribosomal protein S15 OS=Escherichia coli (strain K12) GN=rpsO PE=1 SV=2,false,,,,false,GTGNMEadhloopLHLSR,,337,0,11,,-1,-1,,,3,,,10,10,NaN,0,0,0.5,10,7.93,false,true,false,false,linear ,0,0.017,0.188,,0,0,,,,4998,,,
Scan: 18878 Run:  P1_K.QTAFMoxDadhh2oSMK.S P2_ null null,,18878,20210531_QExHFX2_RSLC3_ADH_acidic-lib_sep_rep2.mgf,13628,3,410.858,1229.553,0.553,3,1229.553,0.553,sg,,P0ADZ4|RS15_ECOLI 30S ribosomal protein S15 OS=Escherichia coli (strain K12) GN=rpsO PE=1 SV=2,false,,,,false,QTAFMoxDadhh2oSMK,,208,0,9,,-1,-1,,,3,,,10,10,NaN,0,0,0.625,10,7.871,false,true,false,false,linear ,0,0.017,0.188,,0,0,,,,4997,,,
Scan: 24564 Run:  P1_K.MVEadhh2oVNACcmLK.Q P2_ null null,,24564,20210531_QExHFX2_RSLC3_ADH_acidic-lib_sep_rep2.mgf,18620,3,407.214,1218.621,0.621,3,1218.621,0.621,sg,,P0ADZ4|RS15_ECOLI 30S ribosomal protein S15 OS=Escherichia coli (strain K12) GN=rpsO PE=1 SV=2,false,,,,false,MVEadhh2oVNACcmLK,,151,0,9,,-1,-1,,,3,,,9,9,NaN,0,0,0.562,9,7.795,false,true,false,false,linear ,0,0.017,0.188,,0,0,,,,4996,,,
Scan: 11171 Run:  P1_R.QNLAQQEadhh2oR.T P2_ null null,,11171,20210531_QExHFX2_RSLC3_ADH_acidic-lib_sep_rep2.mgf,7325,3,381.539,1141.596,0.596,3,1141.595,0.595,sg,,P0ADZ4|RS15_ECOLI 30S ribosomal protein S15 OS=Escherichia coli (strain K12) GN=rpsO PE=1 SV=2,false,,,,false,QNLAQQEadhh2oR,,521,0,8,,-1,-1,,,3,,,10,10,NaN,0,0,0.714,10,7.673,false,true,false,false,linear ,0,0.018,0.267,,0,0,,,,4995,,,
Scan: 26335 Run:  P1_R.AVTDadhloopKPSLLMoxCcmK.T P2_ null null,,26335,20210531_QExHFX2_RSLC3_ADH_acidic-lib_sep_rep2.mgf,20182,3,506.271,1515.791,0.791,3,1515.79,0.79,sg,,P0ADZ4|RS15_ECOLI 30S ribosomal protein S15 OS=Escherichia coli (strain K12) GN=rpsO PE=1 SV=2,false,,,,false,AVTDadhloopKPSLLMoxCcmK,,233,0,12,,-1,-1,,,3,,,10,10,NaN,0,0,0.455,10,7.634,false,true,false,false,linear ,0,0.018,0.267,,0,0,,,,4994,,,
Scan: 17782 Run:  P1_K.QTAFMDadhh2oSMoxK.S P2_ null null,,17782,20210531_QExHFX2_RSLC3_ADH_acidic-lib_sep_rep2.mgf,12765,3,410.859,1229.554,0.554,3,1229.553,0.553,sg,,P0ADZ4|RS15_ECOLI 30S ribosomal protein S15 OS=Escherichia coli (strain K12) GN=rpsO PE=1 SV=2,false,,,,false,QTAFMDadhh2oSMoxK,,208,0,9,,-1,-1,,,3,,,11,11,NaN,0,0,0.688,11,7.616,false,true,false,false,linear ,0,0.018,0.267,,0,0,,,,4993,,,
Scan: 19454 Run:  P1_K.MoxVEadhh2oVNACcmLK.Q P2_ null null,,19454,20210531_QExHFX2_RSLC3_ADH_acidic-lib_sep_rep2.mgf,14121,3,412.546,1234.616,0.616,3,1234.616,0.616,sg,,P0ADZ4|RS15_ECOLI 30S ribosomal protein S15 OS=Escherichia coli (strain K12) GN=rpsO PE=1 SV=2,false,,,,false,MoxVEadhh2oVNACcmLK,,151,0,9,,-1,-1,,,3,,,9,9,NaN,0,0,0.562,9,7.607,false,true,false,false,linear ,0,0.018,0.267,,0,0,,,,4992,,,
Scan: 12830 Run:  P1_K.SNVPALEadhnh3ACcmPQKR.G P2_ null null,,12830,20210531_QExHFX2_RSLC3_ADH_acidic-lib_sep_rep2.mgf,8732,3,542.296,1623.867,0.867,3,1623.863,0.863,sg,,P0ADZ4|RS15_ECOLI 30S ribosomal protein S15 OS=Escherichia coli (strain K12) GN=rpsO PE=1 SV=2,false,,,,false,SNVPALEadhnh3ACcmPQKR,,19,0,13,,-1,-1,,,3,,,9,9,NaN,0,0,0.375,9,7.577,false,true,false,false,linear ,0,0.018,0.267,,0,0,,,,4970,,,
Scan: 20998 Run:  P1_K.EAEadhloopIKEadhloopLLK.L P2_ null null,,20998,20210531_QExHFX2_RSLC3_ADH_acidic-lib_sep_rep2.mgf,15439,3,450.275,1347.802,0.802,3,1347.799,0.799,sg,,P0ADZ4|RS15_ECOLI 30S ribosomal protein S15 OS=Escherichia coli (strain K12) GN=rpsO PE=1 SV=2,false,,,,false,EAEadhloopIKEadhloopLLK,,1192,0,9,,-1,-1,,,3,,,6,6,NaN,0,0,0.375,6,7.566,false,true,false,false,linear ,0,0.018,0.267,,0,0,,,,4990,,,
Scan: 8860 Run:  P1_K.AIVGGDVFPVGK.I P2_ null null,,8860,20210531_QExHFX2_RSLC3_ADH_acidic-lib_sep_rep2.mgf,5383,3,386.889,1157.644,0.644,3,1157.644,0.644,decoy:sg,decoy:,decoy,true,,,,false,AIVGGDVFPVGK,,44,0,12,,-1,-1,,,3,,,7,7,NaN,0,0,0.318,7,7.517,true,false,true,false,linear ,0.018,0.034,0.462,,0.02,1,,,,4989,,,
Scan: 41413 Run:  P1_R.QDadhh2oGPTALILSR.Q P2_ null null,,41413,20210531_QExHFX2_RSLC3_ADH_acidic-lib_sep_rep2.mgf,32565,3,442.92,1325.739,0.739,3,1325.742,0.742,sg,,P0ADZ4|RS15_ECOLI 30S ribosomal protein S15 OS=Escherichia coli (strain K12) GN=rpsO PE=1 SV=2,false,,,,false,QDadhh2oGPTALILSR,,510,0,11,,-1,-1,,,3,,,12,12,NaN,0,0,0.6,12,7.397,false,true,false,false,linear ,0.018,0.023,0.462,,0.02,0,,,,4988,,,
Scan: 13343 Run:  P1_K.ITLSTQPADAR.W P2_ null null,,13343,20210531_QExHFX2_RSLC3_ADH_acidic-lib_sep_rep2.mgf,9153,3,391.547,1171.62,0.62,3,1171.62,0.62,sg,,P0ADZ4|RS15_ECOLI 30S ribosomal protein S15 OS=Escherichia coli (strain K12) GN=rpsO PE=1 SV=2,false,,,,false,ITLSTQPADAR,,7,0,11,,-1,-1,,,3,,,7,7,NaN,0,0,0.35,7,7.241,false,true,false,false,linear ,0.018,0.03,0.462,,0.02,0,,,,4987,,,
Scan: 23043 Run:  P1_R.SLIGPDGEQYK.L P2_ null null,,23043,20210531_QExHFX2_RSLC3_ADH_acidic-lib_sep_rep2.mgf,17279,3,402.871,1205.59,0.59,3,1205.593,0.593,sg,,P0ADZ4|RS15_ECOLI 30S ribosomal protein S15 OS=Escherichia coli (strain K12) GN=rpsO PE=1 SV=2,false,,,,false,SLIGPDGEQYK,,150,0,11,,-1,-1,,,3,,,5,5,NaN,0,0,0.25,5,7.224,false,true,false,false,linear ,0.018,0.031,0.462,,0.02,0,,,,4986,,,
Scan: 22768 Run:  P1_K.KAGNVAADadhloopGVIK.T P2_ null null,,22768,20210531_QExHFX2_RSLC3_ADH_acidic-lib_sep_rep2.mgf,17038,3,427.586,1279.736,0.736,3,1279.736,0.736,sg,,P0ADZ4|RS15_ECOLI 30S ribosomal protein S15 OS=Escherichia coli (strain K12) GN=rpsO PE=1 SV=2,false,,,,false,KAGNVAADadhloopGVIK,,52,0,12,,-1,-1,,,3,,,9,9,NaN,0,0,0.409,9,7.216,false,true,false,false,linear ,0.018,0.032,0.462,,0.02,0,,,,4985,,,
Scan: 8146 Run:  P1_R.GTRNLGNDAEK.N P2_ null null,,8146,20210531_QExHFX2_RSLC3_ADH_acidic-lib_sep_rep2.mgf,4779,3,392.199,1173.574,0.574,3,1173.574,0.574,decoy:sg,decoy:,decoy,true,,,,false,GTRNLGNDAEK,,82,0,11,,-1,-1,,,3,,,7,7,NaN,0,0,0.35,7,7.125,true,false,true,false,linear ,0.036,0.047,0.462,,0.039,1,,,,4984,,,
Scan: 23662 Run:  P1_R.GVMoxAMVAQLDR.D P2_ null null,,23662,20210531_QExHFX2_RSLC3_ADH_acidic-lib_sep_rep2.mgf,17810,3,402.87,1205.589,0.589,3,1205.59,0.59,decoy:sg,decoy:,decoy,true,,,,false,GVMoxAMVAQLDR,,16,0,11,,-1,-1,,,3,,,3,3,NaN,0,0,0.15,3,7.09,true,false,true,false,linear ,0.049,0.041,0.462,,0.054,1,,,,4983,,,
Scan: 11586 Run:  P1_R.LPLAEadhloopFHR.S P2_ null null,,11586,20210531_QExHFX2_RSLC3_ADH_acidic-lib_sep_rep2.mgf,7691,3,374.217,1119.628,0.628,3,1119.63,0.63,sg,,P0ADZ4|RS15_ECOLI 30S ribosomal protein S15 OS=Escherichia coli (strain K12) GN=rpsO PE=1 SV=2,false,,,,false,LPLAEadhloopFHR,,345,0,8,,-1,-1,,,3,,,6,6,NaN,0,0,0.429,6,7.034,false,true,false,false,linear ,0.049,0.054,0.462,,0.054,0,,,,4982,,,
Scan: 18338 Run:  P1_-.MIREERLLK.V P2_ null null,,18338,20210531_QExHFX2_RSLC3_ADH_acidic-lib_sep_rep2.mgf,13225,3,396.569,1186.685,0.685,3,1186.686,0.686,sg,,P0ADZ4|RS15_ECOLI 30S ribosomal protein S15 OS=Escherichia coli (strain K12) GN=rpsO PE=1 SV=2,false,,,,false,MIREERLLK,,1,0,9,,-1,-1,,,3,,,5,5,NaN,0,0,0.312,5,7.016,false,true,false,false,linear ,0.049,0.056,0.462,,0.054,0,,,,4981,,,
Scan: 14842 Run:  P1_K.AGNVAADadhloopGVIK.T P2_ null null,,14842,20210531_QExHFX2_RSLC3_ADH_acidic-lib_sep_rep2.mgf,10398,3,384.886,1151.636,0.636,3,1151.641,0.641,sg,,P0ADZ4|RS15_ECOLI 30S ribosomal protein S15 OS=Escherichia coli (strain K12) GN=rpsO PE=1 SV=2,false,,,,false,AGNVAADadhloopGVIK,,53,0,11,,-1,-1,,,3,,,10,10,NaN,0,0,0.5,10,6.998,false,true,false,false,linear ,0.049,0.058,0.462,,0.054,0,,,,4980,,,
Scan: 21647 Run:  P1_K.NGLLLAREadhloopLR.E P2_ null null,,21647,20210531_QExHFX2_RSLC3_ADH_acidic-lib_sep_rep2.mgf,16019,3,431.602,1291.785,0.785,3,1291.784,0.784,sg,,P0ADZ4|RS15_ECOLI 30S ribosomal protein S15 OS=Escherichia coli (strain K12) GN=rpsO PE=1 SV=2,false,,,,false,NGLLLAREadhloopLR,,61,0,10,,-1,-1,,,3,,,8,8,NaN,0,0,0.444,8,6.991,false,true,false,false,linear ,0.049,0.058,0.462,,0.054,0,,,,4979,,,
Scan: 35136 Run:  P1_R.QATKDAGRIAGLEadhh2oVK.R P2_ null null,,35136,20210531_QExHFX2_RSLC3_ADH_acidic-lib_sep_rep2.mgf,27533,3,571.663,1711.968,0.968,3,1711.969,0.969,sg,,P0ADZ4|RS15_ECOLI 30S ribosomal protein S15 OS=Escherichia coli (strain K12) GN=rpsO PE=1 SV=2,false,,,,false,QATKDAGRIAGLEadhh2oVK,,152,0,15,,-1,-1,,,3,,,7,7,NaN,0,0,0.25,7,6.931,false,true,false,false,linear ,0.049,0.064,0.462,,0.054,0,,,,4978,,,
Scan: 17189 Run:  P1_K.NVAFQVNMLR.G P2_ null null,,17189,20210531_QExHFX2_RSLC3_ADH_acidic-lib_sep_rep2.mgf,12240,3,397.882,1190.624,0.624,3,1190.623,0.623,decoy:sg,decoy:,decoy,true,,,,false,NVAFQVNMLR,,241,0,10,,-1,-1,,,3,,,4,4,NaN,0,0,0.222,4,6.912,true,false,true,false,linear ,0.066,0.072,0.462,,0.071,1,,,,4977,,,
Scan: 9999 Run:  P1_K.SNVPALEadhnh3ACcmPQKR.G P2_ null null,,9999,20210531_QExHFX2_RSLC3_ADH_acidic-lib_sep_rep2.mgf,6300,4,406.972,1623.859,0.859,4,1623.863,0.863,sg,,P0ADZ4|RS15_ECOLI 30S ribosomal protein S15 OS=Escherichia coli (strain K12) GN=rpsO PE=1 SV=2,false,,,,false,SNVPALEadhnh3ACcmPQKR,,19,0,13,,-1,-1,,,4,,,9,9,NaN,0,0,0.375,9,6.703,false,true,false,false,linear ,0.101,0.106,0.727,,0,0,,,,4970,,,
Scan: 17401 Run:  P1_R.AVTDadhh2oKPSLLMCcmK.T P2_ null null,,17401,20210531_QExHFX2_RSLC3_ADH_acidic-lib_sep_rep2.mgf,12421,4,380.459,1517.806,0.806,4,1517.806,0.806,sg,,P0ADZ4|RS15_ECOLI 30S ribosomal protein S15 OS=Escherichia coli (strain K12) GN=rpsO PE=1 SV=2,false,,,,false,AVTDadhh2oKPSLLMCcmK,,233,0,12,,-1,-1,,,4,,,7,7,NaN,0,0,0.318,7,6.247,false,true,false,false,linear ,0.221,0.223,0.733,,0,0,,,,4942,,,
Scan: 14058 Run:  P1_R.AVTDadhh2oKPSLLMoxCcmK.T P2_ null null,,14058,20210531_QExHFX2_RSLC3_ADH_acidic-lib_sep_rep2.mgf,9749,4,384.458,1533.801,0.801,4,1533.801,0.801,sg,,P0ADZ4|RS15_ECOLI 30S ribosomal protein S15 OS=Escherichia coli (strain K12) GN=rpsO PE=1 SV=2,false,,,,false,AVTDadhh2oKPSLLMoxCcmK,,233,0,12,,-1,-1,,,4,,,6,6,NaN,0,0,0.273,6,5.684,false,true,false,false,linear ,0.418,0.418,0.878,,0,0,,,,4847,,,
