LinkID,PeptidePairIDs,PSMIDs,Protein1,Name1,Description1,Decoy1,Protein2,Name2,Description2,Decoy2,fromSite,ToSite,Croslinkers,Score,isDecoy,isTT,isTD,isDD,count PSMs,count peptide pairs,fdrGroup,fdr,ifdr,PEP,20230612_E3_RSLC6_Mueller_MS_TechHub_IMP_THIDVJSSG004_Celegans_Nulcei_S1_DSG_SEC6_0ng_FAIMS_001.raw,20230612_E3_RSLC6_Mueller_MS_TechHub_IMP_THIDVJSSG004_Celegans_Nulcei_S1_DSG_SEC7_0ng_FAIMS_001.raw,20230612_E3_RSLC6_Mueller_MS_TechHub_IMP_THIDVJSSG004_Celegans_Nulcei_S1_DSG_SEC8_500ng_FAIMS_001.raw,20230612_E3_RSLC6_Mueller_MS_TechHub_IMP_THIDVJSSG004_Celegans_Nulcei_S1_DSG_SEC9_1ug_FAIMS_001.raw,20230612_E3_RSLC6_Mueller_MS_TechHub_IMP_THIDVJSSG004_Celegans_Nulcei_S1_DSG_SEC10_1ug_FAIMS_001.raw,20230612_E3_RSLC6_Mueller_MS_TechHub_IMP_THIDVJSSG004_Celegans_Nulcei_S1_DSG_SEC11_500ng_FAIMS_001.raw,20230612_E3_RSLC6_Mueller_MS_TechHub_IMP_THIDVJSSG004_Celegans_Nulcei_S1_DSG_SEC12_500ng_FAIMS_001.raw,20230612_E3_RSLC6_Mueller_MS_TechHub_IMP_THIDVJSSG004_Celegans_Nulcei_S1_DSG_SEC75_0ng_FAIMS_001.raw,20230612_E3_RSLC6_Mueller_MS_TechHub_IMP_THIDVJSSG004_Celegans_Nulcei_S1_DSG_SEC85_500ng_FAIMS_001.raw,20230612_E3_RSLC6_Mueller_MS_TechHub_IMP_THIDVJSSG004_Celegans_Nulcei_S1_DSG_SEC95_1ug_FAIMS_001.raw,20230612_E3_RSLC6_Mueller_MS_TechHub_IMP_THIDVJSSG004_Celegans_Nulcei_S1_DSG_SEC105_1ug_FAIMS_001.raw,20230612_E3_RSLC6_Mueller_MS_TechHub_IMP_THIDVJSSG004_Celegans_Nulcei_S1_DSG_SEC115_500ng_FAIMS_001.raw,,Protein1FDR,Protein2FDR,PPIFDR,,top pep fdr,top psm fdr,,PPI id
276,297,Scan: 27573 Run: 20230612_E3_RSLC6_Mueller_MS_TechHub_IMP_THIDVJSSG004_Celegans_Nulcei_S1_DSG_SEC85_500ng_FAIMS_001.raw P1_SSNRFLKDAGSGVENASK P2_SSNRFLKDAGSGVENASK 7 7;Scan: 27538 Run: 20230612_E3_RSLC6_Mueller_MS_TechHub_IMP_THIDVJSSG004_Celegans_Nulcei_S1_DSG_SEC85_500ng_FAIMS_001.raw P1_SSNRFLKDAGSGVENASK P2_SSNRFLKDAGSGVENASK 7 7,Q19057,,,false,Q19057,,,false,577,577,DSG,839.574,false,true,false,false,2,1,Self,0,0,0.006,,,,,,,,,665.51,,,,,0,0,0,,0,0,,354
275,299,Scan: 30379 Run: 20230612_E3_RSLC6_Mueller_MS_TechHub_IMP_THIDVJSSG004_Celegans_Nulcei_S1_DSG_SEC85_500ng_FAIMS_001.raw P1_KPVPEWCDEAVKPSEK P2_KPVPEWCDEAVKPSEK 1 1,O76840,,,false,O76840,,,false,678,678,DSG,702.51,false,true,false,false,1,1,Self,0,0.001,0.006,,,,,,,,,702.51,,,,,0,0,0,,0,0,,320
380,106558;106556;106500,Scan: 53331 Run: 20230612_E3_RSLC6_Mueller_MS_TechHub_IMP_THIDVJSSG004_Celegans_Nulcei_S1_DSG_SEC85_500ng_FAIMS_001.raw P1_TIAECLADELINAAKGSSNSYAIK P2_EVITYKLITPSVVSERLK 15 6;Scan: 52628 Run: 20230612_E3_RSLC6_Mueller_MS_TechHub_IMP_THIDVJSSG004_Celegans_Nulcei_S1_DSG_SEC85_500ng_FAIMS_001.raw P1_TIAECLADELINAAKGSSNSYAIK P2_LYKEVITYKLITPSVVSERLK 15 9;Scan: 56267 Run: 20230612_E3_RSLC6_Mueller_MS_TechHub_IMP_THIDVJSSG004_Celegans_Nulcei_S1_DSG_SEC9_1ug_FAIMS_001.raw P1_TIAECLADELINAAKGSSNSYAIK P2_EVITYKLITPSVVSER 15 6,P52821,,,false,P49041,,,false,62,188,DSG,623.637,false,true,false,false,3,3,Between,0,0,0.037,,,,214.35,,,,,453.37,,,,,0,0,0,,0,0,,123
62,249;281;266;64,Scan: 34309 Run: 20230612_E3_RSLC6_Mueller_MS_TechHub_IMP_THIDVJSSG004_Celegans_Nulcei_S1_DSG_SEC9_1ug_FAIMS_001.raw P1_NLRAYEGVPAKYQK P2_LLQGDKVVVLR 11 6;Scan: 34269 Run: 20230612_E3_RSLC6_Mueller_MS_TechHub_IMP_THIDVJSSG004_Celegans_Nulcei_S1_DSG_SEC9_1ug_FAIMS_001.raw P1_NLRAYEGVPAKYQK P2_LLQGDKVVVLR 11 6;Scan: 37013 Run: 20230612_E3_RSLC6_Mueller_MS_TechHub_IMP_THIDVJSSG004_Celegans_Nulcei_S1_DSG_SEC8_500ng_FAIMS_001.raw P1_NLRAYEGVPAKYQK P2_LLQGDKVVVLRAEEIVISGNFHRSK 11 6;Scan: 42326 Run: 20230612_E3_RSLC6_Mueller_MS_TechHub_IMP_THIDVJSSG004_Celegans_Nulcei_S1_DSG_SEC85_500ng_FAIMS_001.raw P1_NLRAYEGVPAKYQK P2_LLQGDKVVVLRAEEIVISGNFHR 11 6;Scan: 43501 Run: 20230612_E3_RSLC6_Mueller_MS_TechHub_IMP_THIDVJSSG004_Celegans_Nulcei_S1_DSG_SEC85_500ng_FAIMS_001.raw P1_LLQGDKVVVLRAEEIVISGNFHR P2_AYEGVPAKYQK 6 8,Q27389,,,false,Q27389,,,false,33,112,DSG,545.97,false,true,false,false,5,4,Self,0,0.003,0.006,,,309.44,280.6,,,,,257.73,,,,,0,0,0,,0,0,,222
423,106551,Scan: 39414 Run: 20230612_E3_RSLC6_Mueller_MS_TechHub_IMP_THIDVJSSG004_Celegans_Nulcei_S1_DSG_SEC85_500ng_FAIMS_001.raw P1_RYVNVASGPGKK P2_ERLDQELKLIGTFGLK 11 8;Scan: 39445 Run: 20230612_E3_RSLC6_Mueller_MS_TechHub_IMP_THIDVJSSG004_Celegans_Nulcei_S1_DSG_SEC85_500ng_FAIMS_001.raw P1_RYVNVASGPGKK P2_ERLDQELKLIGTFGLK 11 8,Q18231,,,false,Q20228,,,false,122,29,DSG,511.156,false,true,false,false,2,1,Between,0,0.01,0.038,,,,120.05,,,,,417.63,,,,,0,0,0,,0,0,,122
405,106559;106541,Scan: 32801 Run: 20230612_E3_RSLC6_Mueller_MS_TechHub_IMP_THIDVJSSG004_Celegans_Nulcei_S1_DSG_SEC8_500ng_FAIMS_001.raw P1_VREWYGWHFPELGKTIQDHQAYAK P2_NLPHHSLSKAQLSLGHSYSR 14 9;Scan: 34254 Run: 20230612_E3_RSLC6_Mueller_MS_TechHub_IMP_THIDVJSSG004_Celegans_Nulcei_S1_DSG_SEC8_500ng_FAIMS_001.raw P1_NLPHHSLSKAQLSLGHSYSR P2_EWYGWHFPELGKTIQDHQAYAK 9 12,O45012,,,false,Q21276,,,false,194,146,DSG,510.021,false,true,false,false,2,2,Between,0,0.01,0.038,,,458.54,,,,,,,,,,,0,0,0,,0,0,,121
134,263;216;175;146,Scan: 30121 Run: 20230612_E3_RSLC6_Mueller_MS_TechHub_IMP_THIDVJSSG004_Celegans_Nulcei_S1_DSG_SEC85_500ng_FAIMS_001.raw P1_VLEQLTGQTPVFSKAR P2_NEKIAVHCTVRGPK 14 3;Scan: 30126 Run: 20230612_E3_RSLC6_Mueller_MS_TechHub_IMP_THIDVJSSG004_Celegans_Nulcei_S1_DSG_SEC85_500ng_FAIMS_001.raw P1_VLEQLTGQTPVFSKAR P2_NEKIAVHCTVRGPK 14 3;Scan: 26060 Run: 20230612_E3_RSLC6_Mueller_MS_TechHub_IMP_THIDVJSSG004_Celegans_Nulcei_S1_DSG_SEC8_500ng_FAIMS_001.raw P1_VLEQLTGQTPVFSKAR P2_RNEKIAVHCTVRGPK 14 4;Scan: 28820 Run: 20230612_E3_RSLC6_Mueller_MS_TechHub_IMP_THIDVJSSG004_Celegans_Nulcei_S1_DSG_SEC8_500ng_FAIMS_001.raw P1_VLEQLTGQTPVFSKARYTVR P2_NEKIAVHCTVRGPK 14 3;Scan: 28819 Run: 20230612_E3_RSLC6_Mueller_MS_TechHub_IMP_THIDVJSSG004_Celegans_Nulcei_S1_DSG_SEC8_500ng_FAIMS_001.raw P1_VLEQLTGQTPVFSKARYTVRTFGIR P2_RNEKIAVHCTVRGPK 14 4,Q19162;Q94300,;,;,false,Q19162;Q94300,;,;,false,74;74,59;59,DSG,493.607,false,true,false,false,5,4,Self,0,0.003,0.006,,,190.46,214.17,,,,,321.12,,,,,0,0,0,,0,0,,351
365,106552;106539;105323;106265;106449;106436,Scan: 33945 Run: 20230612_E3_RSLC6_Mueller_MS_TechHub_IMP_THIDVJSSG004_Celegans_Nulcei_S1_DSG_SEC85_500ng_FAIMS_001.raw P1_TRLGRGFSLQELKAAGISQAQAR P2_GHAATQLPVKQR 13 10;Scan: 26585 Run: 20230612_E3_RSLC6_Mueller_MS_TechHub_IMP_THIDVJSSG004_Celegans_Nulcei_S1_DSG_SEC8_500ng_FAIMS_001.raw P1_TRLGRGFSLQELKAAGISQAQAR P2_GHAATQLPVKQRQNRHK 13 10;Scan: 34704 Run: 20230612_E3_RSLC6_Mueller_MS_TechHub_IMP_THIDVJSSG004_Celegans_Nulcei_S1_DSG_SEC85_500ng_FAIMS_001.raw P1_GHAATQLPVKQRQNR P2_GFSLQELKAAGISQAQAR 10 8;Scan: 34738 Run: 20230612_E3_RSLC6_Mueller_MS_TechHub_IMP_THIDVJSSG004_Celegans_Nulcei_S1_DSG_SEC85_500ng_FAIMS_001.raw P1_GHAATQLPVKQRQNR P2_GFSLQELKAAGISQAQAR 10 8;Scan: 28286 Run: 20230612_E3_RSLC6_Mueller_MS_TechHub_IMP_THIDVJSSG004_Celegans_Nulcei_S1_DSG_SEC8_500ng_FAIMS_001.raw P1_GHAATQLPVKQRQNRHK P2_GFSLQELKAAGISQAQAR 10 8;Scan: 28291 Run: 20230612_E3_RSLC6_Mueller_MS_TechHub_IMP_THIDVJSSG004_Celegans_Nulcei_S1_DSG_SEC8_500ng_FAIMS_001.raw P1_GHAATQLPVKQRQNRHK P2_GFSLQELKAAGISQAQAR 10 8;Scan: 27537 Run: 20230612_E3_RSLC6_Mueller_MS_TechHub_IMP_THIDVJSSG004_Celegans_Nulcei_S1_DSG_SEC8_500ng_FAIMS_001.raw P1_LGRGFSLQELKAAGISQAQAR P2_GHAATQLPVKQRQNRHK 11 10;Scan: 29554 Run: 20230612_E3_RSLC6_Mueller_MS_TechHub_IMP_THIDVJSSG004_Celegans_Nulcei_S1_DSG_SEC8_500ng_FAIMS_001.raw P1_TRLGRGFSLQELKAAGISQAQAR P2_GHAATQLPVKQRQNR 13 10,P91128,,,false,P49181,,,false,82,25,DSG,492.36,false,true,false,false,8,6,Between,0,0.011,0.042,,,222.53,,,,,,311.96,,,,,0,0,0,,0,0,,120
258,288;285,Scan: 36502 Run: 20230612_E3_RSLC6_Mueller_MS_TechHub_IMP_THIDVJSSG004_Celegans_Nulcei_S1_DSG_SEC9_1ug_FAIMS_001.raw P1_YKIPQYGITLTEK P2_IDSTTRAGDNKEVEFK 2 11;Scan: 38247 Run: 20230612_E3_RSLC6_Mueller_MS_TechHub_IMP_THIDVJSSG004_Celegans_Nulcei_S1_DSG_SEC9_1ug_FAIMS_001.raw P1_YKIPQYGITLTEK P2_AGDNKEVEFK 2 5,Q21752,,,false,Q21752,,,false,38,64,DSG,465.632,false,true,false,false,2,2,Self,0,0.004,0.006,,,,336.93,,,,,,,,,,0,0,0,,0,0,,181
274,282,Scan: 36547 Run: 20230612_E3_RSLC6_Mueller_MS_TechHub_IMP_THIDVJSSG004_Celegans_Nulcei_S1_DSG_SEC85_500ng_FAIMS_001.raw P1_GYNFGFLKIDSTTRAGDNK P2_EVEFKSAASHNIGSGK 8 5;Scan: 36529 Run: 20230612_E3_RSLC6_Mueller_MS_TechHub_IMP_THIDVJSSG004_Celegans_Nulcei_S1_DSG_SEC85_500ng_FAIMS_001.raw P1_GYNFGFLKIDSTTRAGDNK P2_EVEFKSAASHNIGSGK 8 5,Q21752,,,false,Q21752,,,false,43,27,DSG,459.111,false,true,false,false,2,1,Self,0,0.004,0.006,,,,,,,,,331.56,,,,,0,0,0,,0,0,,181
273,296,Scan: 25206 Run: 20230612_E3_RSLC6_Mueller_MS_TechHub_IMP_THIDVJSSG004_Celegans_Nulcei_S1_DSG_SEC85_500ng_FAIMS_001.raw P1_AARDLEKFPNAK P2_AARDLEKFPNAK 7 7,Q20748,,,false,Q20748,,,false,64,64,DSG,438.15,false,true,false,false,1,1,Self,0,0.004,0.007,,,,,,,,,438.15,,,,,0,0,0,,0,0,,292
272,295,Scan: 51115 Run: 20230612_E3_RSLC6_Mueller_MS_TechHub_IMP_THIDVJSSG004_Celegans_Nulcei_S1_DSG_SEC85_500ng_FAIMS_001.raw P1_TRFVLPNGYKK P2_DLDMLLMQSYKYIGEIGHGVSAK 10 11,B7WN95;Q22716,;,;,false,B7WN95;Q22716,;,;,false,40;93,21;74,DSG,431.96,false,true,false,false,1,1,Self,0,0.004,0.007,,,,,,,,,431.96,,,,,0,0,0,,0,0,,347
304,105861;106530;106527;106311;105851;81813,Scan: 48845 Run: 20230612_E3_RSLC6_Mueller_MS_TechHub_IMP_THIDVJSSG004_Celegans_Nulcei_S1_DSG_SEC9_1ug_FAIMS_001.raw P1_TVTAMDVVYALKR P2_KESYSVYIYR 12 1;Scan: 48798 Run: 20230612_E3_RSLC6_Mueller_MS_TechHub_IMP_THIDVJSSG004_Celegans_Nulcei_S1_DSG_SEC9_1ug_FAIMS_001.raw P1_TVTAMDVVYALKR P2_KESYSVYIYR 12 1;Scan: 50668 Run: 20230612_E3_RSLC6_Mueller_MS_TechHub_IMP_THIDVJSSG004_Celegans_Nulcei_S1_DSG_SEC9_1ug_FAIMS_001.raw P1_TVTAMDVVYALKR P2_KESYSVYIYRVLK 12 1;Scan: 54269 Run: 20230612_E3_RSLC6_Mueller_MS_TechHub_IMP_THIDVJSSG004_Celegans_Nulcei_S1_DSG_SEC9_1ug_FAIMS_001.raw P1_TVTAMDVVYALKRQGRTLYGFGG P2_KESYSVYIYR 12 1;Scan: 52625 Run: 20230612_E3_RSLC6_Mueller_MS_TechHub_IMP_THIDVJSSG004_Celegans_Nulcei_S1_DSG_SEC85_500ng_FAIMS_001.raw P1_TVTAMDVVYALKRQGRTLYGFGG P2_KESYSVYIYRVLK 12 1;Scan: 46773 Run: 20230612_E3_RSLC6_Mueller_MS_TechHub_IMP_THIDVJSSG004_Celegans_Nulcei_S1_DSG_SEC85_500ng_FAIMS_001.raw P1_TVTAMDVVYALKRQGR P2_KESYSVYIYRVLK 12 1;Scan: 46889 Run: 20230612_E3_RSLC6_Mueller_MS_TechHub_IMP_THIDVJSSG004_Celegans_Nulcei_S1_DSG_SEC9_1ug_FAIMS_001.raw P1_TVTAMDVVYALKRQGR P2_KESYSVYIYR 12 1;Scan: 46854 Run: 20230612_E3_RSLC6_Mueller_MS_TechHub_IMP_THIDVJSSG004_Celegans_Nulcei_S1_DSG_SEC9_1ug_FAIMS_001.raw P1_TVTAMDVVYALKRQGR P2_KESYSVYIYR 12 1,Q27484;Q27876;P04255;Q27894,;;;,;;;,false,P62784,,,false,32;32;31;32,92,DSG,430.232,false,true,false,false,8,6,Between,0,0.017,0.043,,,,262.44,,,,,118.15,,,,,0,0,0,,0,0,,71
271,294,Scan: 39786 Run: 20230612_E3_RSLC6_Mueller_MS_TechHub_IMP_THIDVJSSG004_Celegans_Nulcei_S1_DSG_SEC8_500ng_FAIMS_001.raw P1_VNVSGVKIPEHINDEYFK P2_RVVFLKQLPQSGLLLVTGPHK 7 6,P47991,,,false,P47991,,,false,93,135,DSG,416.21,false,true,false,false,1,1,Self,0,0.004,0.007,,,416.21,,,,,,249.04,,,,,0,0,0,,0,0,,156
84,293;89,Scan: 47861 Run: 20230612_E3_RSLC6_Mueller_MS_TechHub_IMP_THIDVJSSG004_Celegans_Nulcei_S1_DSG_SEC85_500ng_FAIMS_001.raw P1_KANGEILSIKQVFEK P2_EPVTPIWKMQIFATNHVIAK 10 8;Scan: 53210 Run: 20230612_E3_RSLC6_Mueller_MS_TechHub_IMP_THIDVJSSG004_Celegans_Nulcei_S1_DSG_SEC9_1ug_FAIMS_001.raw P1_EPVTPIWKMQIFATNHVIAK P2_ANGEILSIKQVFEK 8 9,O44480,,,false,O44480,,,false,32,68,DSG,413.768,false,true,false,false,2,2,Self,0,0.004,0.007,,,,85.87,,,,,404.76,,,,,0,0,0,,0,0,,322
145,262;49;176;158,Scan: 33619 Run: 20230612_E3_RSLC6_Mueller_MS_TechHub_IMP_THIDVJSSG004_Celegans_Nulcei_S1_DSG_SEC85_500ng_FAIMS_001.raw P1_YIREVGLGFKAPR P2_TVRFNVLKVNK 10 8;Scan: 36789 Run: 20230612_E3_RSLC6_Mueller_MS_TechHub_IMP_THIDVJSSG004_Celegans_Nulcei_S1_DSG_SEC85_500ng_FAIMS_001.raw P1_TVRFNVLKVNK P2_EVGLGFKAPRDAVEGTYIDK 8 7;Scan: 36795 Run: 20230612_E3_RSLC6_Mueller_MS_TechHub_IMP_THIDVJSSG004_Celegans_Nulcei_S1_DSG_SEC85_500ng_FAIMS_001.raw P1_TVRFNVLKVNK P2_EVGLGFKAPRDAVEGTYIDK 8 7;Scan: 36788 Run: 20230612_E3_RSLC6_Mueller_MS_TechHub_IMP_THIDVJSSG004_Celegans_Nulcei_S1_DSG_SEC85_500ng_FAIMS_001.raw P1_YIREVGLGFKAPRDAVEGTYIDK P2_FNVLKVNK 10 5;Scan: 35905 Run: 20230612_E3_RSLC6_Mueller_MS_TechHub_IMP_THIDVJSSG004_Celegans_Nulcei_S1_DSG_SEC85_500ng_FAIMS_001.raw P1_YIREVGLGFKAPRDAVEGTYIDK P2_TVRFNVLKVNK 10 8,Q20206,,,false,Q20206,,,false,42,141,DSG,405.41,false,true,false,false,5,4,Self,0,0.004,0.007,,,100.25,,,,,,254.8,,,,,0,0,0,,0,0,,344
123,283;235;134,Scan: 23182 Run: 20230612_E3_RSLC6_Mueller_MS_TechHub_IMP_THIDVJSSG004_Celegans_Nulcei_S1_DSG_SEC8_500ng_FAIMS_001.raw P1_LFHATFATKDRK P2_LFHATFATKDRK 9 9;Scan: 21161 Run: 20230612_E3_RSLC6_Mueller_MS_TechHub_IMP_THIDVJSSG004_Celegans_Nulcei_S1_DSG_SEC8_500ng_FAIMS_001.raw P1_RLFHATFATKDRK P2_RLFHATFATKDRK 10 10;Scan: 22102 Run: 20230612_E3_RSLC6_Mueller_MS_TechHub_IMP_THIDVJSSG004_Celegans_Nulcei_S1_DSG_SEC8_500ng_FAIMS_001.raw P1_RLFHATFATKDRK P2_LFHATFATKDRK 10 9,P34559,,,false,P34559,,,false,268,268,DSG,401.837,false,true,false,false,3,3,Self,0,0.004,0.007,,,319.02,,,,,,,,,,,0,0,0,,0,0,,141
194,232;214,Scan: 17721 Run: 20230612_E3_RSLC6_Mueller_MS_TechHub_IMP_THIDVJSSG004_Celegans_Nulcei_S1_DSG_SEC8_500ng_FAIMS_001.raw P1_HIFLSMKGVDAK P2_AHRNGITKPKK 7 10;Scan: 17710 Run: 20230612_E3_RSLC6_Mueller_MS_TechHub_IMP_THIDVJSSG004_Celegans_Nulcei_S1_DSG_SEC8_500ng_FAIMS_001.raw P1_HIFLSMKGVDAK P2_AHRNGITKPKK 7 10;Scan: 16120 Run: 20230612_E3_RSLC6_Mueller_MS_TechHub_IMP_THIDVJSSG004_Celegans_Nulcei_S1_DSG_SEC8_500ng_FAIMS_001.raw P1_KAHRNGITKPKK P2_HIFLSMKGVDAK 11 7,O45226,,,false,O45226,,,false,33,25,DSG,401.322,false,true,false,false,3,2,Self,0,0.004,0.007,,,284.86,,,,,,270.13,,,,,0,0,0,,0,0,,342
268,292,Scan: 41534 Run: 20230612_E3_RSLC6_Mueller_MS_TechHub_IMP_THIDVJSSG004_Celegans_Nulcei_S1_DSG_SEC8_500ng_FAIMS_001.raw P1_RSILNLFSLRKSAPVDEMSQDQK P2_DMESDKDSLFFNVHEK 11 6,P18947;Q9N4J2,;,;,false,P18947;Q9N4J2;P06125,;;,;;,false,148;148,166;166;166,DSG,398.99,false,true,false,false,1,1,Self,0,0.004,0.007,,,398.99,,,,,,,,,,,0,0,0,,0,0,,341
314,97091;102288;106428;105883,Scan: 13239 Run: 20230612_E3_RSLC6_Mueller_MS_TechHub_IMP_THIDVJSSG004_Celegans_Nulcei_S1_DSG_SEC85_500ng_FAIMS_001.raw P1_HTNHKVTQYKK P2_DKRFSGSIR 5 2;Scan: 11934 Run: 20230612_E3_RSLC6_Mueller_MS_TechHub_IMP_THIDVJSSG004_Celegans_Nulcei_S1_DSG_SEC8_500ng_FAIMS_001.raw P1_HTNHKVTQYKK P2_DKRFSGSIR 5 2;Scan: 16447 Run: 20230612_E3_RSLC6_Mueller_MS_TechHub_IMP_THIDVJSSG004_Celegans_Nulcei_S1_DSG_SEC8_500ng_FAIMS_001.raw P1_HTNHKVTQYK P2_DKRFSGSIRLK 5 2;Scan: 16476 Run: 20230612_E3_RSLC6_Mueller_MS_TechHub_IMP_THIDVJSSG004_Celegans_Nulcei_S1_DSG_SEC8_500ng_FAIMS_001.raw P1_HTNHKVTQYK P2_DKRFSGSIRLK 5 2;Scan: 14398 Run: 20230612_E3_RSLC6_Mueller_MS_TechHub_IMP_THIDVJSSG004_Celegans_Nulcei_S1_DSG_SEC8_500ng_FAIMS_001.raw P1_HTNHKVTQYKK P2_DKRFSGSIRLK 5 2;Scan: 15422 Run: 20230612_E3_RSLC6_Mueller_MS_TechHub_IMP_THIDVJSSG004_Celegans_Nulcei_S1_DSG_SEC85_500ng_FAIMS_001.raw P1_HTNHKVTQYK P2_DKRFSGSIR 5 2,P48166,,,false,Q9N4I4,,,false,23,46,DSG,381.732,false,true,false,false,6,4,Between,0,0.021,0.045,,,236.35,,,,,,224.02,,,,,0,0,0,,0,0,,118
378,106532;106535;106493,Scan: 19537 Run: 20230612_E3_RSLC6_Mueller_MS_TechHub_IMP_THIDVJSSG004_Celegans_Nulcei_S1_DSG_SEC85_500ng_FAIMS_001.raw P1_MFIPKSHTK P2_AAHHADGLAKGLHETCK 5 10;Scan: 17729 Run: 20230612_E3_RSLC6_Mueller_MS_TechHub_IMP_THIDVJSSG004_Celegans_Nulcei_S1_DSG_SEC8_500ng_FAIMS_001.raw P1_MFIPKSHTK P2_AAHHADGLAKGLHETCK 5 10;Scan: 19558 Run: 20230612_E3_RSLC6_Mueller_MS_TechHub_IMP_THIDVJSSG004_Celegans_Nulcei_S1_DSG_SEC8_500ng_FAIMS_001.raw P1_MFIPKSHTK P2_AVLRAAHHADGLAKGLHETCK 5 14;Scan: 29262 Run: 20230612_E3_RSLC6_Mueller_MS_TechHub_IMP_THIDVJSSG004_Celegans_Nulcei_S1_DSG_SEC8_500ng_FAIMS_001.raw P1_MFIPKSHTK P2_EGALRAVLRAAHHADGLAKGLHETCK 5 19,O01869,,,false,P49196,,,false,5,41,DSG,378.068,false,true,false,false,4,3,Between,0,0.021,0.045,,,206.32,,,,,,203.77,,,,,0,0.032,0,,0,0,,117
267,291,Scan: 44841 Run: 20230612_E3_RSLC6_Mueller_MS_TechHub_IMP_THIDVJSSG004_Celegans_Nulcei_S1_DSG_SEC85_500ng_FAIMS_001.raw P1_RVHELEIEFEGKFK P2_NLQMKTIQIESDFYK 12 5,Q19007,,,false,Q19007,,,false,61,39,DSG,375.23,false,true,false,false,1,1,Self,0,0.005,0.007,,,,,,,,,375.23,,,,,0,0,0,,0,0,,340
419,106545,Scan: 46457 Run: 20230612_E3_RSLC6_Mueller_MS_TechHub_IMP_THIDVJSSG004_Celegans_Nulcei_S1_DSG_SEC8_500ng_FAIMS_001.raw P1_LVRTKTHSQNSVSSAK P2_AIKDEIVAALEKLTSIDESVAQAK 5 12;Scan: 49657 Run: 20230612_E3_RSLC6_Mueller_MS_TechHub_IMP_THIDVJSSG004_Celegans_Nulcei_S1_DSG_SEC85_500ng_FAIMS_001.raw P1_LVRTKTHSQNSVSSAK P2_AIKDEIVAALEKLTSIDESVAQAK 5 12,Q18823,,,false,A0A061AJI9;A0A061AD21;C1P640;Q21313;C1P641;G5EEV6,;;;;;,;;;;;,false,1127,2230;2210;2230;2219;2210;2219,DSG,374.347,false,true,false,false,2,1,Between,0,0.022,0.045,,,268.59,,,,,,283.78,,,,,0,0.088,0,,0,0,,116
266,290,Scan: 40212 Run: 20230612_E3_RSLC6_Mueller_MS_TechHub_IMP_THIDVJSSG004_Celegans_Nulcei_S1_DSG_SEC8_500ng_FAIMS_001.raw P1_RSILNLFSLRKSAPVDEMNQDQK P2_DMESDKDSLFFNVHEK 11 6,P06125,,,false,P18947;Q9N4J2;P06125,;;,;;,false,148,166;166;166,DSG,371.11,false,true,false,false,1,1,Self,0,0.005,0.007,,,371.11,,,,,,24.02,,,,,0,0,0,,0,0,,339
362,106555;106409,Scan: 25342 Run: 20230612_E3_RSLC6_Mueller_MS_TechHub_IMP_THIDVJSSG004_Celegans_Nulcei_S1_DSG_SEC85_500ng_FAIMS_001.raw P1_ANQAKSFATEADTRLDEK P2_ADKSNNIAK 5 3;Scan: 23035 Run: 20230612_E3_RSLC6_Mueller_MS_TechHub_IMP_THIDVJSSG004_Celegans_Nulcei_S1_DSG_SEC85_500ng_FAIMS_001.raw P1_SKADKSNNIAK P2_ANQAKSFATEADTRLDEK 5 5,O44565,,,false,A0A061AJI9;A0A061AD21;C1P640;Q21313;C1P641;G5EEV6,;;;;;,;;;;;,false,1448,2369;2349;2369;2358;2349;2358,DSG,369.376,false,true,false,false,2,2,Between,0,0.022,0.045,,,,204.3,,,,,347.21,,,,,0,0.088,0,,0,0,,102
264,247,Scan: 23525 Run: 20230612_E3_RSLC6_Mueller_MS_TechHub_IMP_THIDVJSSG004_Celegans_Nulcei_S1_DSG_SEC85_500ng_FAIMS_001.raw P1_ATGEVMKDHLDK P2_ATGEVMKDHLDK 7 7;Scan: 23520 Run: 20230612_E3_RSLC6_Mueller_MS_TechHub_IMP_THIDVJSSG004_Celegans_Nulcei_S1_DSG_SEC85_500ng_FAIMS_001.raw P1_ATGEVMKDHLDK P2_ATGEVMKDHLDK 7 7,Q18026,,,false,Q18026,,,false,101,101,DSG,354.531,false,true,false,false,2,1,Self,0,0.005,0.007,,,,,,,,,273.16,,,,,0,0,0,,0,0,,338
262,255,Scan: 17876 Run: 20230612_E3_RSLC6_Mueller_MS_TechHub_IMP_THIDVJSSG004_Celegans_Nulcei_S1_DSG_SEC85_500ng_FAIMS_001.raw P1_VHYSRAPENSTKSCK P2_EDVVSKPTDDAAPK 12 6;Scan: 17842 Run: 20230612_E3_RSLC6_Mueller_MS_TechHub_IMP_THIDVJSSG004_Celegans_Nulcei_S1_DSG_SEC85_500ng_FAIMS_001.raw P1_VHYSRAPENSTKSCK P2_EDVVSKPTDDAAPK 12 6,Q9BL19,,,false,Q9BL19,,,false,161,15,DSG,353.517,false,true,false,false,2,1,Self,0,0.005,0.007,,,,,,,,,264.81,,,,,0,0,0,,0,0,,124
261,289,Scan: 52274 Run: 20230612_E3_RSLC6_Mueller_MS_TechHub_IMP_THIDVJSSG004_Celegans_Nulcei_S1_DSG_SEC85_500ng_FAIMS_001.raw P1_KLLHMAGIEDCYTAAK P2_EFEIIDALCSNLKDEVLK 1 13,P51403,,,false,P51403,,,false,208,99,DSG,352.56,false,true,false,false,1,1,Self,0,0.005,0.007,,,,279.58,,,,,352.56,,,,,0,0,0,,0,0,,231
29,109;122;136;76;29,Scan: 11666 Run: 20230612_E3_RSLC6_Mueller_MS_TechHub_IMP_THIDVJSSG004_Celegans_Nulcei_S1_DSG_SEC85_500ng_FAIMS_001.raw P1_VNVPKAR P2_HTNHKVTQYKK 5 5;Scan: 11631 Run: 20230612_E3_RSLC6_Mueller_MS_TechHub_IMP_THIDVJSSG004_Celegans_Nulcei_S1_DSG_SEC85_500ng_FAIMS_001.raw P1_VNVPKAR P2_HTNHKVTQYKK 5 5;Scan: 11615 Run: 20230612_E3_RSLC6_Mueller_MS_TechHub_IMP_THIDVJSSG004_Celegans_Nulcei_S1_DSG_SEC85_500ng_FAIMS_001.raw P1_VNVPKAR P2_HTNHKVTQYKK 5 5;Scan: 13494 Run: 20230612_E3_RSLC6_Mueller_MS_TechHub_IMP_THIDVJSSG004_Celegans_Nulcei_S1_DSG_SEC85_500ng_FAIMS_001.raw P1_VNVPKAR P2_HTNHKVTQYK 5 5;Scan: 13466 Run: 20230612_E3_RSLC6_Mueller_MS_TechHub_IMP_THIDVJSSG004_Celegans_Nulcei_S1_DSG_SEC85_500ng_FAIMS_001.raw P1_VNVPKAR P2_HTNHKVTQYK 5 5;Scan: 11863 Run: 20230612_E3_RSLC6_Mueller_MS_TechHub_IMP_THIDVJSSG004_Celegans_Nulcei_S1_DSG_SEC85_500ng_FAIMS_001.raw P1_VNVPKAR P2_KHTNHKVTQYK 5 6;Scan: 10675 Run: 20230612_E3_RSLC6_Mueller_MS_TechHub_IMP_THIDVJSSG004_Celegans_Nulcei_S1_DSG_SEC85_500ng_FAIMS_001.raw P1_VNVPKARR P2_HTNHKVTQYKK 5 5;Scan: 15585 Run: 20230612_E3_RSLC6_Mueller_MS_TechHub_IMP_THIDVJSSG004_Celegans_Nulcei_S1_DSG_SEC85_500ng_FAIMS_001.raw P1_VNVPKARRTFCDGK P2_HTNHKVTQYK 5 5,P48166,,,false,P48166,,,false,23,6,DSG,348.117,false,true,false,false,8,5,Self,0,0.005,0.007,,,38.65,154.08,,,,,160.88,,,,,0,0,0,,0,0.005,,226
417,106554,Scan: 35156 Run: 20230612_E3_RSLC6_Mueller_MS_TechHub_IMP_THIDVJSSG004_Celegans_Nulcei_S1_DSG_SEC8_500ng_FAIMS_001.raw P1_VREWYGWHFPELGKTIQDHQAYAK P2_SGRDLLGVAKK 14 10,O45012,,,false,Q22053,,,false,194,236,DSG,336.03,false,true,false,false,1,1,Between,0,0.025,0.056,,,336.03,,,,,,,,,,,0,0,0,,0,0,,109
133,225;145,Scan: 43935 Run: 20230612_E3_RSLC6_Mueller_MS_TechHub_IMP_THIDVJSSG004_Celegans_Nulcei_S1_DSG_SEC85_500ng_FAIMS_001.raw P1_VGGNGADYALATKYAPSRDLTVRAK P2_DLFNKGYNFGFLK 13 5;Scan: 43896 Run: 20230612_E3_RSLC6_Mueller_MS_TechHub_IMP_THIDVJSSG004_Celegans_Nulcei_S1_DSG_SEC85_500ng_FAIMS_001.raw P1_VGGNGADYALATKYAPSRDLTVRAK P2_DLFNKGYNFGFLK 13 5;Scan: 46713 Run: 20230612_E3_RSLC6_Mueller_MS_TechHub_IMP_THIDVJSSG004_Celegans_Nulcei_S1_DSG_SEC85_500ng_FAIMS_001.raw P1_VGGNGADYALATKYAPSRDLTVR P2_DLFNKGYNFGFLK 13 5,Q21752,,,false,Q21752,,,false,19,224,DSG,332.461,false,true,false,false,3,2,Self,0,0.005,0.007,,,,,,,,,232.09,,,,,0,0,0,,0,0,,181
214,265;233,Scan: 18757 Run: 20230612_E3_RSLC6_Mueller_MS_TechHub_IMP_THIDVJSSG004_Celegans_Nulcei_S1_DSG_SEC85_500ng_FAIMS_001.raw P1_MQEVTRQKEVENETK P2_MQEVTRQKEVENETK 8 8;Scan: 16565 Run: 20230612_E3_RSLC6_Mueller_MS_TechHub_IMP_THIDVJSSG004_Celegans_Nulcei_S1_DSG_SEC85_500ng_FAIMS_001.raw P1_QKEVENETK P2_MQEVTRQKEVENETK 2 8,Q20748,,,false,Q20748,,,false,84,84,DSG,332.325,false,true,false,false,2,2,Self,0,0.005,0.007,,,,,,,,,257.68,,,,,0,0,0,,0,0,,292
416,106553,Scan: 47839 Run: 20230612_E3_RSLC6_Mueller_MS_TechHub_IMP_THIDVJSSG004_Celegans_Nulcei_S1_DSG_SEC85_500ng_FAIMS_001.raw P1_LSHEVGWQFQDVVAKLEAK P2_DDKSKPIHLTAFLGYK 15 3,Q27389,,,false,P50880;G5ECE5,;,;,false,155,37;37,DSG,332.25,false,true,false,false,1,1,Between,0,0.025,0.056,,,,,,,,,332.25,,,,,0,0.032,0,,0,0,,113
204,267;221,Scan: 48806 Run: 20230612_E3_RSLC6_Mueller_MS_TechHub_IMP_THIDVJSSG004_Celegans_Nulcei_S1_DSG_SEC8_500ng_FAIMS_001.raw P1_LIEQFYKQGDKAEVNPFK P2_KVQLVIETTLAVAGTKNTIQHLIHHFEK 11 16;Scan: 46409 Run: 20230612_E3_RSLC6_Mueller_MS_TechHub_IMP_THIDVJSSG004_Celegans_Nulcei_S1_DSG_SEC8_500ng_FAIMS_001.raw P1_QGDKAEVNPFK P2_KVQLVIETTLAVAGTKNTIQHLIHHFEK 4 16,P18947;Q9N4J2;P06125,;;,;;,false,P18947,,,false,398;398;398,315,DSG,325.123,false,true,false,false,2,2,Self,0,0.005,0.007,,,258,,,,,,,,,,,0,0,0,,0,0,,332
259,286,Scan: 47041 Run: 20230612_E3_RSLC6_Mueller_MS_TechHub_IMP_THIDVJSSG004_Celegans_Nulcei_S1_DSG_SEC85_500ng_FAIMS_001.raw P1_LYENKPVYSLDTIVK P2_DINFLAHEPIINKFRDYK 5 13,Q95Y89,,,false,Q95Y89,,,false,81,111,DSG,324.83,false,true,false,false,1,1,Self,0,0.005,0.007,,,,,,,,,324.83,,,,,0,0,0,,0,0,,331
166,275;177,Scan: 41086 Run: 20230612_E3_RSLC6_Mueller_MS_TechHub_IMP_THIDVJSSG004_Celegans_Nulcei_S1_DSG_SEC85_500ng_FAIMS_001.raw P1_LILPGELAKHAVSEGTK P2_LILPGELAKHAVSEGTK 9 9;Scan: 41889 Run: 20230612_E3_RSLC6_Mueller_MS_TechHub_IMP_THIDVJSSG004_Celegans_Nulcei_S1_DSG_SEC8_500ng_FAIMS_001.raw P1_STISSREIQTAVRLILPGELAKHAVSEGTK P2_LILPGELAKHAVSEGTK 22 9,Q27484;Q27876;P04255;Q27894,;;;,;;;,false,Q27484;Q27876;P04255;Q27894,;;;,;;;,false,106;106;105;106,106;106;105;106,DSG,320.658,false,true,false,false,2,2,Self,0,0.005,0.007,,,153.61,,,,,,281.47,,,,,0,0,0,,0,0,,192
224,248;245,Scan: 43221 Run: 20230612_E3_RSLC6_Mueller_MS_TechHub_IMP_THIDVJSSG004_Celegans_Nulcei_S1_DSG_SEC8_500ng_FAIMS_001.raw P1_KMHLIKTITEQIQEVENNMPETSHFLAR P2_EIHETLYVKADK 6 9;Scan: 45207 Run: 20230612_E3_RSLC6_Mueller_MS_TechHub_IMP_THIDVJSSG004_Celegans_Nulcei_S1_DSG_SEC8_500ng_FAIMS_001.raw P1_MHLIKTITEQIQEVENNMPETSHFLAR P2_EIHETLYVKADK 5 9,P05690,,,false,P05690;P55155,;,;,false,337,382;382,DSG,318.85,false,true,false,false,2,2,Self,0,0.005,0.007,,,226.14,,,,,,101.5,,,,,0,0,0,,0,0,,165
256,203,Scan: 19982 Run: 20230612_E3_RSLC6_Mueller_MS_TechHub_IMP_THIDVJSSG004_Celegans_Nulcei_S1_DSG_SEC85_500ng_FAIMS_001.raw P1_YSKEEHDAK P2_MRDDAAAYHKLLAK 3 10;Scan: 21300 Run: 20230612_E3_RSLC6_Mueller_MS_TechHub_IMP_THIDVJSSG004_Celegans_Nulcei_S1_DSG_SEC85_500ng_FAIMS_001.raw P1_YSKEEHDAK P2_MRDDAAAYHKLLAK 3 10,I2HAF9;Q9NEN6,;,;,false,I2HAF9;Q9NEN6,;,;,false,156;218,149;211,DSG,318.822,false,true,false,false,2,1,Self,0,0.005,0.007,,,,,,,,,267.07,,,,,0,0,0,,0,0,,328
253,280,Scan: 41901 Run: 20230612_E3_RSLC6_Mueller_MS_TechHub_IMP_THIDVJSSG004_Celegans_Nulcei_S1_DSG_SEC8_500ng_FAIMS_001.raw P1_SALHDIEHLAKELHFQK P2_SALHDIEHLAKELHFQK 11 11,Q9NES7,,,false,Q9NES7,,,false,48,48,DSG,304.91,false,true,false,false,1,1,Self,0,0.005,0.007,,,304.91,,,,,,,,,,,0,0,0,,0,0,,327
67,278;71,Scan: 37155 Run: 20230612_E3_RSLC6_Mueller_MS_TechHub_IMP_THIDVJSSG004_Celegans_Nulcei_S1_DSG_SEC85_500ng_FAIMS_001.raw P1_FRVPEKAAAAK P2_APVAHPPYINMIKEAIK 6 13;Scan: 34045 Run: 20230612_E3_RSLC6_Mueller_MS_TechHub_IMP_THIDVJSSG004_Celegans_Nulcei_S1_DSG_SEC8_500ng_FAIMS_001.raw P1_APVAHPPYINMIKEAIK P2_ALVQAAGSGANGRFRVPEKAAAAK 13 19,P10771,,,false,P10771,,,false,46,114,DSG,300.138,false,true,false,false,2,2,Self,0,0.005,0.008,,,74.4,,,,,,290.77,,,,,0,0,0,,0,0,,210
252,279,Scan: 34022 Run: 20230612_E3_RSLC6_Mueller_MS_TechHub_IMP_THIDVJSSG004_Celegans_Nulcei_S1_DSG_SEC9_1ug_FAIMS_001.raw P1_KQQWPIGDNPSAR P2_AGNKEASFQFSSR 1 4,Q21443,,,false,Q21443,,,false,522,483,DSG,291.43,false,true,false,false,1,1,Self,0,0.006,0.008,,,,291.43,,,,,,,,,,0,0,0,,0,0,,169
167,259;178,Scan: 46817 Run: 20230612_E3_RSLC6_Mueller_MS_TechHub_IMP_THIDVJSSG004_Celegans_Nulcei_S1_DSG_SEC85_500ng_FAIMS_001.raw P1_LYTVPKISVAALHVTEGAR P2_ARILAAGGEIITLDQLALKSPK 6 19;Scan: 46688 Run: 20230612_E3_RSLC6_Mueller_MS_TechHub_IMP_THIDVJSSG004_Celegans_Nulcei_S1_DSG_SEC85_500ng_FAIMS_001.raw P1_LYTVPKISVAALHVTEGARAR P2_ILAAGGEIITLDQLALKSPK 6 17,O45946,,,false,O45946,,,false,129,97,DSG,287.621,false,true,false,false,2,2,Self,0,0.006,0.008,,,,,,,,,242.64,,,,,0,0,0,,0,0,,324
250,277,Scan: 35619 Run: 20230612_E3_RSLC6_Mueller_MS_TechHub_IMP_THIDVJSSG004_Celegans_Nulcei_S1_DSG_SEC8_500ng_FAIMS_001.raw P1_VFFKAGVLAHLEDIRDEK P2_KGFPNRTLHPDFVQR 4 1,P02566,,,false,P02566;P12845,;,;,false,775,714;720,DSG,287.22,false,true,false,false,1,1,Self,0,0.006,0.008,,,287.22,,,,,,,,,,,0,0.024,0,,0,0,,323
414,106550,Scan: 45320 Run: 20230612_E3_RSLC6_Mueller_MS_TechHub_IMP_THIDVJSSG004_Celegans_Nulcei_S1_DSG_SEC85_500ng_FAIMS_001.raw P1_SIMNSFVNDVFER P2_QVHPDTGVSSKAMSIMNSFVNDVFER 1 11,Q22979,,,false,Q27484;Q27876;P04255;Q27894,;;;,;;;,false,2,55;55;54;55,DSG,286.92,false,true,false,false,1,1,Between,0,0.029,0.118,,,,,,,,,286.92,,,,,0,0,0,,0,0,,112
147,113;65;160,Scan: 22420 Run: 20230612_E3_RSLC6_Mueller_MS_TechHub_IMP_THIDVJSSG004_Celegans_Nulcei_S1_DSG_SEC85_500ng_FAIMS_001.raw P1_AQADRIHILKVQTVK P2_AEDTKRAGIK 10 5;Scan: 22434 Run: 20230612_E3_RSLC6_Mueller_MS_TechHub_IMP_THIDVJSSG004_Celegans_Nulcei_S1_DSG_SEC85_500ng_FAIMS_001.raw P1_AQADRIHILKVQTVK P2_AEDTKRAGIK 10 5;Scan: 17391 Run: 20230612_E3_RSLC6_Mueller_MS_TechHub_IMP_THIDVJSSG004_Celegans_Nulcei_S1_DSG_SEC8_500ng_FAIMS_001.raw P1_HRAQADRIHILKVQTVK P2_AEDTKRAGIK 12 5;Scan: 17283 Run: 20230612_E3_RSLC6_Mueller_MS_TechHub_IMP_THIDVJSSG004_Celegans_Nulcei_S1_DSG_SEC8_500ng_FAIMS_001.raw P1_HRAQADRIHILKVQTVK P2_AEDTKRAGIK 12 5;Scan: 21964 Run: 20230612_E3_RSLC6_Mueller_MS_TechHub_IMP_THIDVJSSG004_Celegans_Nulcei_S1_DSG_SEC85_500ng_FAIMS_001.raw P1_IHILKVQTVK P2_AEDTKRAGIK 5 5,O44480,,,false,O44480,,,false,141,131,DSG,283.961,false,true,false,false,5,3,Self,0,0.006,0.008,,,141.95,,,,,,161.51,,,,,0,0,0,,0.005,0.005,,322
248,196,Scan: 14241 Run: 20230612_E3_RSLC6_Mueller_MS_TechHub_IMP_THIDVJSSG004_Celegans_Nulcei_S1_DSG_SEC8_500ng_FAIMS_001.raw P1_NSRYEQKPVMEK P2_IAHHASKQANCVVK 7 7;Scan: 15743 Run: 20230612_E3_RSLC6_Mueller_MS_TechHub_IMP_THIDVJSSG004_Celegans_Nulcei_S1_DSG_SEC85_500ng_FAIMS_001.raw P1_NSRYEQKPVMEK P2_IAHHASKQANCVVK 7 7,P18948,,,false,P18948,,,false,1338,1326,DSG,279.704,false,true,false,false,2,1,Self,0,0.006,0.008,,,167.68,,,,,,223.87,,,,,0,0,0,,0,0,,212
411,106196,Scan: 49032 Run: 20230612_E3_RSLC6_Mueller_MS_TechHub_IMP_THIDVJSSG004_Celegans_Nulcei_S1_DSG_SEC9_1ug_FAIMS_001.raw P1_VLVQNVKDLDMLLMQSYK P2_RFSTEKFNLK 7 6;Scan: 47412 Run: 20230612_E3_RSLC6_Mueller_MS_TechHub_IMP_THIDVJSSG004_Celegans_Nulcei_S1_DSG_SEC9_1ug_FAIMS_001.raw P1_VLVQNVKDLDMLLMQSYK P2_RFSTEKFNLK 7 6,B7WN95;Q22716,;,;,false,Q21930,,,false,29;82,31,DSG,278.444,false,true,false,false,2,1,Between,0,0.03,0.118,,,,254.97,,,,,89.4,,,,,0,0,0,,0,0,,111
247,199,Scan: 22173 Run: 20230612_E3_RSLC6_Mueller_MS_TechHub_IMP_THIDVJSSG004_Celegans_Nulcei_S1_DSG_SEC85_500ng_FAIMS_001.raw P1_IQEARKSTNNLALK P2_IQEARKSTNNLALK 6 6;Scan: 22094 Run: 20230612_E3_RSLC6_Mueller_MS_TechHub_IMP_THIDVJSSG004_Celegans_Nulcei_S1_DSG_SEC85_500ng_FAIMS_001.raw P1_IQEARKSTNNLALK P2_IQEARKSTNNLALK 6 6,O76840,,,false,O76840,,,false,259,259,DSG,275.03,false,true,false,false,2,1,Self,0,0.006,0.008,,,,,,,,,216.77,,,,,0,0,0,,0,0,,320
410,106548,Scan: 18622 Run: 20230612_E3_RSLC6_Mueller_MS_TechHub_IMP_THIDVJSSG004_Celegans_Nulcei_S1_DSG_SEC85_500ng_FAIMS_001.raw P1_HDDVTKYVITHDK P2_AVRAAKAAANK 6 6,O01868,,,false,I2HAF9;Q9NEN6,;,;,false,126,93;155,DSG,274.57,false,true,false,false,1,1,Between,0,0.03,0.118,,,,,,,,,274.57,,,,,0,0,0,,0,0,,88
246,273,Scan: 42568 Run: 20230612_E3_RSLC6_Mueller_MS_TechHub_IMP_THIDVJSSG004_Celegans_Nulcei_S1_DSG_SEC9_1ug_FAIMS_001.raw P1_SPFEKGWLYK P2_NVKLEEEAGLINK 5 3,Q20634,,,false,Q20634,,,false,97,112,DSG,273.47,false,true,false,false,1,1,Self,0,0.006,0.008,,,,273.47,,,,,,,,,,0,0,0,,0,0,,319
245,271,Scan: 36617 Run: 20230612_E3_RSLC6_Mueller_MS_TechHub_IMP_THIDVJSSG004_Celegans_Nulcei_S1_DSG_SEC85_500ng_FAIMS_001.raw P1_SAASHNIGSGKLGGNLDVK P2_GYNFGFLKIDSTTRAGDNK 11 8,Q21752,,,false,Q21752,,,false,54,27,DSG,272.51,false,true,false,false,1,1,Self,0,0.006,0.008,,,,,,,,,272.51,,,,,0,0,0,,0,0,,181
244,270,Scan: 49511 Run: 20230612_E3_RSLC6_Mueller_MS_TechHub_IMP_THIDVJSSG004_Celegans_Nulcei_S1_DSG_SEC85_500ng_FAIMS_001.raw P1_YITTKYTLGDQANK P2_ADAAHPPFINMVTEAISSIKDRK 5 20,O17536,,,false,O17536,,,false,84,67,DSG,271.56,false,true,false,false,1,1,Self,0,0.006,0.008,,,,,,,,,271.56,,,,,0,0,0,,0,0,,317
357,106515;106367,Scan: 29066 Run: 20230612_E3_RSLC6_Mueller_MS_TechHub_IMP_THIDVJSSG004_Celegans_Nulcei_S1_DSG_SEC8_500ng_FAIMS_001.raw P1_RPNVVPIVEDARHPHKYR P2_LAVGDAKLGNLIK 16 7;Scan: 28956 Run: 20230612_E3_RSLC6_Mueller_MS_TechHub_IMP_THIDVJSSG004_Celegans_Nulcei_S1_DSG_SEC8_500ng_FAIMS_001.raw P1_RPNVVPIVEDARHPHKYR P2_LAVGDAKLGNLIK 16 7;Scan: 27032 Run: 20230612_E3_RSLC6_Mueller_MS_TechHub_IMP_THIDVJSSG004_Celegans_Nulcei_S1_DSG_SEC8_500ng_FAIMS_001.raw P1_LAVGDAKLGNLIK P2_KRPNVVPIVEDARHPHKYR 7 17,O45012,,,false,Q22053,,,false,92,253,DSG,264.413,false,true,false,false,3,2,Between,0,0.031,0.118,,,170,,,,,,123.86,,,,,0,0,0,,0,0.051,,109
240,264,Scan: 42481 Run: 20230612_E3_RSLC6_Mueller_MS_TechHub_IMP_THIDVJSSG004_Celegans_Nulcei_S1_DSG_SEC9_1ug_FAIMS_001.raw P1_WDICSDKVTTTYQK P2_IVDGQKDFPINLK 7 6,P52717,,,false,P52717,,,false,360,180,DSG,256.27,false,true,false,false,1,1,Self,0,0.006,0.008,,,,256.27,,,,,,,,,,0,0,0,,0,0,,316
238,261,Scan: 31518 Run: 20230612_E3_RSLC6_Mueller_MS_TechHub_IMP_THIDVJSSG004_Celegans_Nulcei_S1_DSG_SEC8_500ng_FAIMS_001.raw P1_LHVYDSATAAPEVKLRDYK P2_AEAAKVLNELPADYHLRK 14 5,Q9BL03,,,false,Q9BL03,,,false,145,155,DSG,246.99,false,true,false,false,1,1,Self,0,0.006,0.008,,,246.99,,,,,,,,,,,0,0,0,,0,0,,315
27,260;27,Scan: 32252 Run: 20230612_E3_RSLC6_Mueller_MS_TechHub_IMP_THIDVJSSG004_Celegans_Nulcei_S1_DSG_SEC9_1ug_FAIMS_001.raw P1_KVLQGVVIR P2_GEMKGSAITGPVAK 1 4;Scan: 24457 Run: 20230612_E3_RSLC6_Mueller_MS_TechHub_IMP_THIDVJSSG004_Celegans_Nulcei_S1_DSG_SEC85_500ng_FAIMS_001.raw P1_KVLQGVVIRQRK P2_GEMKGSAITGPVAK 1 4,P48158,,,false,P48158,,,false,113,75,DSG,246.638,false,true,false,false,2,2,Self,0,0.006,0.008,,,,243.49,,,,,39.28,,,,,0,0,0,,0,0,,240
408,105249,Scan: 25137 Run: 20230612_E3_RSLC6_Mueller_MS_TechHub_IMP_THIDVJSSG004_Celegans_Nulcei_S1_DSG_SEC85_500ng_FAIMS_001.raw P1_IRAAQKIAR P2_ARYLVEKAEQMK 6 7;Scan: 25114 Run: 20230612_E3_RSLC6_Mueller_MS_TechHub_IMP_THIDVJSSG004_Celegans_Nulcei_S1_DSG_SEC85_500ng_FAIMS_001.raw P1_IRAAQKIAR P2_ARYLVEKAEQMK 6 7,Q9BKU4,,,false,P50093,,,false,205,258,DSG,243.066,false,true,false,false,2,1,Between,0,0.033,0.118,,,,,,,,,224.38,,,,,0,0,0,,0,0,,104
234,258,Scan: 27240 Run: 20230612_E3_RSLC6_Mueller_MS_TechHub_IMP_THIDVJSSG004_Celegans_Nulcei_S1_DSG_SEC85_500ng_FAIMS_001.raw P1_TLINRTQGTKIASEGLK P2_KAVDPFSRK 10 1,P48154,,,false,P48154,,,false,18,54,DSG,241.58,false,true,false,false,1,1,Self,0,0.006,0.008,,,,,,,,,241.58,,,,,0,0,0,,0,0,,236
232,257,Scan: 32419 Run: 20230612_E3_RSLC6_Mueller_MS_TechHub_IMP_THIDVJSSG004_Celegans_Nulcei_S1_DSG_SEC9_1ug_FAIMS_001.raw P1_VSIELEKLGAR P2_KNTLEITHK 7 1,P18947;Q9N4J2;P06125,;;,;;,false,P18947;Q9N4J2;P06125,;;,;;,false,861;861;861,915;915;915,DSG,239.66,false,true,false,false,1,1,Self,0,0.006,0.008,,,,239.66,,,,,,,,,,0,0,0,,0,0,,185
231,256,Scan: 51836 Run: 20230612_E3_RSLC6_Mueller_MS_TechHub_IMP_THIDVJSSG004_Celegans_Nulcei_S1_DSG_SEC9_1ug_FAIMS_001.raw P1_GLVALVTGGASGLGKGAAEVLAK P2_AGAQVAILDLPQSKGADVAK 15 14,Q19102,,,false,Q19102,,,false,23,45,DSG,236.13,false,true,false,false,1,1,Self,0,0.006,0.008,,,,236.13,,,,,,,,,,0,0,0,,0,0,,311
87,240;93,Scan: 35243 Run: 20230612_E3_RSLC6_Mueller_MS_TechHub_IMP_THIDVJSSG004_Celegans_Nulcei_S1_DSG_SEC8_500ng_FAIMS_001.raw P1_RVVFLKQLPQSGLLLVTGPHK P2_NGTKFALGHSK 6 4;Scan: 33282 Run: 20230612_E3_RSLC6_Mueller_MS_TechHub_IMP_THIDVJSSG004_Celegans_Nulcei_S1_DSG_SEC8_500ng_FAIMS_001.raw P1_RVVFLKQLPQSGLLLVTGPHK P2_LQRNGTKFALGHSK 6 7,P47991,,,false,P47991,,,false,93,56,DSG,233.752,false,true,false,false,2,2,Self,0,0.006,0.008,,,216.51,,,,,,85.47,,,,,0,0,0,,0,0,,156
230,253,Scan: 43536 Run: 20230612_E3_RSLC6_Mueller_MS_TechHub_IMP_THIDVJSSG004_Celegans_Nulcei_S1_DSG_SEC8_500ng_FAIMS_001.raw P1_RGLANVWTCNLRPGELVEGIWKK P2_DFKNLFIHPLASHK 22 3,P91341,,,false,P91341,,,false,179,232,DSG,232.27,false,true,false,false,1,1,Self,0,0.006,0.008,,,232.27,,,,,,,,,,,0,0,0,,0,0,,309
229,252,Scan: 29209 Run: 20230612_E3_RSLC6_Mueller_MS_TechHub_IMP_THIDVJSSG004_Celegans_Nulcei_S1_DSG_SEC85_500ng_FAIMS_001.raw P1_RGTGLYKAYRFK P2_LQRAVKLLLK 7 6,H2KZD5;Q27GU1,;,;,false,H2KZD5;Q27GU1,;,;,false,425;262,996;833,DSG,232.17,false,true,false,false,1,1,Self,0,0.006,0.008,,,,,,,,,232.17,,,,,0,0,0,,0,0,,308
228,250,Scan: 37519 Run: 20230612_E3_RSLC6_Mueller_MS_TechHub_IMP_THIDVJSSG004_Celegans_Nulcei_S1_DSG_SEC85_500ng_FAIMS_001.raw P1_YNRKVTALVVCDRDEK P2_KIEITQLTCLGLDK 4 1,Q18947,,,false,Q18947,,,false,161,92,DSG,229.32,false,true,false,false,1,1,Self,0,0.006,0.008,,,,,,,,,229.32,,,,,0,0,0,,0,0,,307
227,182,Scan: 38948 Run: 20230612_E3_RSLC6_Mueller_MS_TechHub_IMP_THIDVJSSG004_Celegans_Nulcei_S1_DSG_SEC85_500ng_FAIMS_001.raw P1_LRQINNGVFVKLNK P2_GDFYVPAEHKVAFVVR 11 10;Scan: 38919 Run: 20230612_E3_RSLC6_Mueller_MS_TechHub_IMP_THIDVJSSG004_Celegans_Nulcei_S1_DSG_SEC85_500ng_FAIMS_001.raw P1_LRQINNGVFVKLNK P2_GDFYVPAEHKVAFVVR 11 10,O01802,,,false,O01802,,,false,120,84,DSG,227.548,false,true,false,false,2,1,Self,0,0.006,0.009,,,,,,,,,164,,,,,0,0,0,,0,0.005,,146
98,194;130;105,Scan: 23930 Run: 20230612_E3_RSLC6_Mueller_MS_TechHub_IMP_THIDVJSSG004_Celegans_Nulcei_S1_DSG_SEC85_500ng_FAIMS_001.raw P1_VYKVHLDK P2_IRVKLDGK 3 4;Scan: 21422 Run: 20230612_E3_RSLC6_Mueller_MS_TechHub_IMP_THIDVJSSG004_Celegans_Nulcei_S1_DSG_SEC85_500ng_FAIMS_001.raw P1_KVYKVHLDK P2_IRVKLDGK 4 4;Scan: 20703 Run: 20230612_E3_RSLC6_Mueller_MS_TechHub_IMP_THIDVJSSG004_Celegans_Nulcei_S1_DSG_SEC85_500ng_FAIMS_001.raw P1_VYKVHLDK P2_IRVKLDGKK 3 4,Q23312,,,false,Q23312,,,false,147,155,DSG,226.829,false,true,false,false,3,3,Self,0,0.006,0.009,,,,,,,,,166.31,,,,,0,0,0,,0.005,0.005,,151
225,246,Scan: 37916 Run: 20230612_E3_RSLC6_Mueller_MS_TechHub_IMP_THIDVJSSG004_Celegans_Nulcei_S1_DSG_SEC85_500ng_FAIMS_001.raw P1_SVNFDKCITRPETAYGLR P2_ECEKEGQFVKPQTVYTYTFK 6 4,Q9N4J2;P06125,;,;,false,P18947;Q9N4J2;P06125,;;,;;,false,227;227,205;205;205,DSG,225.44,false,true,false,false,1,1,Self,0,0.006,0.009,,,,,,,,,225.44,,,,,0,0,0,,0,0,,304
223,243,Scan: 19787 Run: 20230612_E3_RSLC6_Mueller_MS_TechHub_IMP_THIDVJSSG004_Celegans_Nulcei_S1_DSG_SEC9_1ug_FAIMS_001.raw P1_NGVKMCPR P2_DAKQRIVDK 4 3,P18948,,,false,P18948,,,false,509,516,DSG,223.71,false,true,false,false,1,1,Self,0,0.006,0.009,,,,223.71,,,,,,,,,,0,0,0,,0,0,,212
222,242,Scan: 9985 Run: 20230612_E3_RSLC6_Mueller_MS_TechHub_IMP_THIDVJSSG004_Celegans_Nulcei_S1_DSG_SEC9_1ug_FAIMS_001.raw P1_VTKSAQK P2_SVEKSDGSSGK 3 4,P53013,,,false,P53013,,,false,443,453,DSG,219.16,false,true,false,false,1,1,Self,0,0.006,0.009,,,,219.16,,,,,,,,,,0,0,0,,0,0,,191
144,195;157,Scan: 41856 Run: 20230612_E3_RSLC6_Mueller_MS_TechHub_IMP_THIDVJSSG004_Celegans_Nulcei_S1_DSG_SEC9_1ug_FAIMS_001.raw P1_VTIGNLEKTDLSEIK P2_TVCDKWIR 8 5;Scan: 39764 Run: 20230612_E3_RSLC6_Mueller_MS_TechHub_IMP_THIDVJSSG004_Celegans_Nulcei_S1_DSG_SEC85_500ng_FAIMS_001.raw P1_TVCDKWIR P2_NRPVEFTARVTIGNLEKTDLSEIK 5 17,P18947;Q9N4J2;P06125,;;,;;,false,P18947;Q9N4J2;P06125,;;,;;,false,1100;1100;1100,1031;1031;1031,DSG,215.858,false,true,false,false,2,2,Self,0,0.006,0.009,,,,166.81,,,,,137,,,,,0,0,0,,0.005,0.005,,185
220,239,Scan: 3747 Run: 20230612_E3_RSLC6_Mueller_MS_TechHub_IMP_THIDVJSSG004_Celegans_Nulcei_S1_DSG_SEC8_500ng_FAIMS_001.raw P1_ARTKQTARK P2_ARTKQTARK 4 4,Q10453;K7ZUH9;Q27532;Q9U281;P08898,;;;;,;;;;,false,Q10453;K7ZUH9;Q27532;Q9U281;P08898,;;;;,;;;;,false,5;5;5;5;5,5;5;5;5;5,DSG,214.69,false,true,false,false,1,1,Self,0,0.006,0.009,,,214.69,,,,,,,,,,,0,0,0,,0,0,,280
219,238,Scan: 49523 Run: 20230612_E3_RSLC6_Mueller_MS_TechHub_IMP_THIDVJSSG004_Celegans_Nulcei_S1_DSG_SEC9_1ug_FAIMS_001.raw P1_LIYEYLFNEGVTVAKK P2_DFNAKTHPNIEGVSNLEVIK 15 5,O01869,,,false,O01869,,,false,30,24,DSG,214.49,false,true,false,false,1,1,Self,0,0.006,0.009,,,,214.49,,,,,,,,,,0,0,0,,0,0,,299
218,237,Scan: 21341 Run: 20230612_E3_RSLC6_Mueller_MS_TechHub_IMP_THIDVJSSG004_Celegans_Nulcei_S1_DSG_SEC9_1ug_FAIMS_001.raw P1_VKVGTEWVSK P2_AKEGGGGGK 2 2,P02566,,,false,P02566;P02567,;,;,false,636,403;403,DSG,213.82,false,true,false,false,1,1,Self,0,0.006,0.009,,,,213.82,,,,,,,,,,0,0.045,0,,0,0,,298
217,236,Scan: 43566 Run: 20230612_E3_RSLC6_Mueller_MS_TechHub_IMP_THIDVJSSG004_Celegans_Nulcei_S1_DSG_SEC85_500ng_FAIMS_001.raw P1_SYDAFIASESLIKQIPR P2_ILGPGLNKAGKFPSVVTHGESLQSK 13 8,Q9N4I4;Q95Y46,;,;,false,Q9N4I4;Q95Y46,;,;,false,129;68,117;56,DSG,213.69,false,true,false,false,1,1,Self,0,0.006,0.009,,,,,,,,,213.69,,,,,0,0,0,,0,0,,297
215,234,Scan: 40684 Run: 20230612_E3_RSLC6_Mueller_MS_TechHub_IMP_THIDVJSSG004_Celegans_Nulcei_S1_DSG_SEC85_500ng_FAIMS_001.raw P1_QITEKLERVEEELRDTQK P2_DNALDRADAAEEKVR 5 13,A0A0K3AUC2;K8FDX2;Q22866;A0A0K3AWP0;A0A0K3ATS1;A0A0K3AQT4;A0A0K3ARC0,;;;;;;,;;;;;;,false,A0A0K3AUC2;K8FDX2;Q22866;A0A0K3AWP0;A0A0K3ATS1;A0A0K3AQT4;A0A0K3ARC0,;;;;;;,;;;;;;,false,28;28;28;28;28;28;28,35;35;35;35;35;35;35,DSG,210.96,false,true,false,false,1,1,Self,0,0.006,0.009,,,119.17,,,,,,210.96,,,,,0.045,0.045,0,,0,0,,296
77,219;82,Scan: 42719 Run: 20230612_E3_RSLC6_Mueller_MS_TechHub_IMP_THIDVJSSG004_Celegans_Nulcei_S1_DSG_SEC85_500ng_FAIMS_001.raw P1_SALNKLVETVNNNFSERHEEIR P2_QAFKLLDK 5 4;Scan: 49788 Run: 20230612_E3_RSLC6_Mueller_MS_TechHub_IMP_THIDVJSSG004_Celegans_Nulcei_S1_DSG_SEC85_500ng_FAIMS_001.raw P1_VPPTINQFRTALDSQSARQAFKLLDK P2_SALNKLVETVNNNFSER 22 5,Q966C6,,,false,Q966C6,,,false,218,98,DSG,210.72,false,true,false,false,2,2,Self,0,0.006,0.009,,,,,,,,,194.25,,,,,0,0,0,,0.005,0.005,,164
213,231,Scan: 30622 Run: 20230612_E3_RSLC6_Mueller_MS_TechHub_IMP_THIDVJSSG004_Celegans_Nulcei_S1_DSG_SEC85_500ng_FAIMS_001.raw P1_QAQRRKADELEDAK P2_ARFEGEGLLKADELEDAK 6 10,P02566,,,false,decoy:P02566,decoy:,decoy:,true,1391,565,DSG,209.11,true,false,true,false,1,1,Self,0.006,0.01,0.009,,,,,,,,,209.11,,,,,0,0.009,0.009,,0.005,0.005,,294
212,230,Scan: 23699 Run: 20230612_E3_RSLC6_Mueller_MS_TechHub_IMP_THIDVJSSG004_Celegans_Nulcei_S1_DSG_SEC8_500ng_FAIMS_001.raw P1_LFRDCTKYMNGHHVK P2_DLSKLNRDLSK 7 4,Q22647;A0A486WU22,;,;,false,Q22647;A0A486WU22,;,;,false,325;324,337;336,DSG,208.39,false,true,false,false,1,1,Self,0.006,0.006,0.009,,,208.39,,,,,,,,,,,0,0,0.009,,0.005,0.005,,293
403,106538,Scan: 37835 Run: 20230612_E3_RSLC6_Mueller_MS_TechHub_IMP_THIDVJSSG004_Celegans_Nulcei_S1_DSG_SEC8_500ng_FAIMS_001.raw P1_SVQVVNRAVAGLSLDAILAKR P2_HDDVTKYVITHDK 20 6,I2HAF9;Q9NEN6,;,;,false,O01868,,,false,93;155,96,DSG,207.95,false,true,false,false,1,1,Between,0,0.036,0.118,,,207.95,,,,,,,,,,,0,0,0,,0,0,,88
211,229,Scan: 22376 Run: 20230612_E3_RSLC6_Mueller_MS_TechHub_IMP_THIDVJSSG004_Celegans_Nulcei_S1_DSG_SEC85_500ng_FAIMS_001.raw P1_RAEEELAMKAR P2_RAEEELAMKAR 9 9,Q20748,,,false,Q20748,,,false,145,145,DSG,206.94,false,true,false,false,1,1,Self,0.006,0.006,0.009,,,,,,,,,206.94,,,,,0,0,0,,0.005,0.005,,292
210,228,Scan: 44115 Run: 20230612_E3_RSLC6_Mueller_MS_TechHub_IMP_THIDVJSSG004_Celegans_Nulcei_S1_DSG_SEC8_500ng_FAIMS_001.raw P1_MHLIKTITEQIQEVENNIPETSHFLAR P2_EIHETLYVKADK 5 9,P05690;P55155,;,;,false,P55155,,,false,382;382,337,DSG,206.53,false,true,false,false,1,1,Self,0.006,0.006,0.009,,,206.53,,,,,,,,,,,0,0,0.009,,0.005,0.005,,291
152,170;166,Scan: 5595 Run: 20230612_E3_RSLC6_Mueller_MS_TechHub_IMP_THIDVJSSG004_Celegans_Nulcei_S1_DSG_SEC9_1ug_FAIMS_001.raw P1_KSTGGK P2_ARTKQTAR 1 4;Scan: 5346 Run: 20230612_E3_RSLC6_Mueller_MS_TechHub_IMP_THIDVJSSG004_Celegans_Nulcei_S1_DSG_SEC85_500ng_FAIMS_001.raw P1_KSTGGKAPR P2_ARTKQTARK 1 4,Q10453;K7ZUH9;Q27532;Q9U281;P08898,;;;;,;;;;,false,Q10453;K7ZUH9;Q27532;Q9U281;P08898,;;;;,;;;;,false,10;10;10;10;10,5;5;5;5;5,DSG,206.095,false,true,false,false,2,2,Self,0.006,0.006,0.009,,,,147.05,,,,,144.4,,,,,0,0,0,,0.005,0.005,,280
111,201;120,Scan: 19671 Run: 20230612_E3_RSLC6_Mueller_MS_TechHub_IMP_THIDVJSSG004_Celegans_Nulcei_S1_DSG_SEC8_500ng_FAIMS_001.raw P1_RVVYLYKAHNK P2_FHHNIPPSALGKR 7 12;Scan: 20344 Run: 20230612_E3_RSLC6_Mueller_MS_TechHub_IMP_THIDVJSSG004_Celegans_Nulcei_S1_DSG_SEC8_500ng_FAIMS_001.raw P1_RVVYLYKAHNK P2_FHHNIPPSALGKRIR 7 12,P49180,,,false,P49180,,,false,113,65,DSG,205.324,false,true,false,false,2,2,Self,0.006,0.006,0.009,,,171.34,,,,,,,,,,,0,0,0.009,,0.005,0.005,,289
128,188;140,Scan: 36801 Run: 20230612_E3_RSLC6_Mueller_MS_TechHub_IMP_THIDVJSSG004_Celegans_Nulcei_S1_DSG_SEC85_500ng_FAIMS_001.raw P1_KHGLVREHLPTTSLNSK P2_ALNLVEAYLKLK 1 10;Scan: 35373 Run: 20230612_E3_RSLC6_Mueller_MS_TechHub_IMP_THIDVJSSG004_Celegans_Nulcei_S1_DSG_SEC8_500ng_FAIMS_001.raw P1_KHGLVREHLPTTSLNSK P2_EEQSRALNLVEAYLKLK 1 15,Q27274,,,false,Q27274,,,false,355,339,DSG,205.249,false,true,false,false,2,2,Self,0.006,0.006,0.009,,,127,,,,,,161.24,,,,,0,0,0.009,,0.005,0.005,,288
402,106536,Scan: 39803 Run: 20230612_E3_RSLC6_Mueller_MS_TechHub_IMP_THIDVJSSG004_Celegans_Nulcei_S1_DSG_SEC85_500ng_FAIMS_001.raw P1_RHVSLLFDRKEANK P2_DLQELLEKSVVGPK 10 8,Q9N4U1,,,false,Q23495,,,false,89,34,DSG,204.71,false,true,false,false,1,1,Between,0,0.036,0.118,,,,,,,,,204.71,,,,,0.198,0.105,0,,0,0,,106
209,227,Scan: 30438 Run: 20230612_E3_RSLC6_Mueller_MS_TechHub_IMP_THIDVJSSG004_Celegans_Nulcei_S1_DSG_SEC85_500ng_FAIMS_001.raw P1_NVQIGSKFEGEGLDNTK P2_DGHLFEHHKPLEEGESK 7 9,Q20224,,,false,Q20224,,,false,94,121,DSG,203.82,false,true,false,false,1,1,Self,0.006,0.007,0.009,,,,,,,,,203.82,,,,,0,0,0.009,,0.005,0.005,,287
400,106534,Scan: 34325 Run: 20230612_E3_RSLC6_Mueller_MS_TechHub_IMP_THIDVJSSG004_Celegans_Nulcei_S1_DSG_SEC9_1ug_FAIMS_001.raw P1_NQYPHKMQF P2_AKLTDFERYK 6 2,Q9XVE9,,,false,P47991,,,false,103,214,DSG,202.01,false,true,false,false,1,1,Between,0,0.037,0.118,,,,202.01,,,,,,,,,,0,0,0,,0,0,,105
288,106211;105582,Scan: 34842 Run: 20230612_E3_RSLC6_Mueller_MS_TechHub_IMP_THIDVJSSG004_Celegans_Nulcei_S1_DSG_SEC85_500ng_FAIMS_001.raw P1_QVAQQEAEKARYLVEK P2_IRAAQKIARIVSESGNK 9 6;Scan: 34913 Run: 20230612_E3_RSLC6_Mueller_MS_TechHub_IMP_THIDVJSSG004_Celegans_Nulcei_S1_DSG_SEC85_500ng_FAIMS_001.raw P1_QVAQQEAEKARYLVEK P2_IRAAQKIARIVSESGNK 9 6;Scan: 16770 Run: 20230612_E3_RSLC6_Mueller_MS_TechHub_IMP_THIDVJSSG004_Celegans_Nulcei_S1_DSG_SEC85_500ng_FAIMS_001.raw P1_QVAQQEAEKAR P2_IRAAQKIAR 9 6,Q9BKU4,,,false,P50093,,,false,198,258,DSG,201.966,false,true,false,false,3,2,Between,0,0.037,0.118,,,28.57,,,,,,135.99,,,,,0,0,0,,0.026,0.229,,104
208,226,Scan: 50437 Run: 20230612_E3_RSLC6_Mueller_MS_TechHub_IMP_THIDVJSSG004_Celegans_Nulcei_S1_DSG_SEC8_500ng_FAIMS_001.raw P1_SPVHSLEYIEKLIASCK P2_KQGTRDVVDIIPILEDVFINHCLPENRK 11 1,Q19753,,,false,Q19753,,,false,189,196,DSG,200.42,false,true,false,false,1,1,Self,0.006,0.007,0.01,,,200.42,,,,,,,,,,,0,0,0.009,,0.005,0.005,,286
207,224,Scan: 44282 Run: 20230612_E3_RSLC6_Mueller_MS_TechHub_IMP_THIDVJSSG004_Celegans_Nulcei_S1_DSG_SEC9_1ug_FAIMS_001.raw P1_VTENFQKTQWAK P2_DLQLTKFVLK 7 6,Q9XVE9,,,false,Q9XVE9,,,false,59,88,DSG,198.94,false,true,false,false,1,1,Self,0.006,0.007,0.01,,,,198.94,,,,,,,,,,0,0,0,,0.005,0.005,,250
206,223,Scan: 42434 Run: 20230612_E3_RSLC6_Mueller_MS_TechHub_IMP_THIDVJSSG004_Celegans_Nulcei_S1_DSG_SEC9_1ug_FAIMS_001.raw P1_SDGKVVSEIEK P2_ELYIVGVKEVELGNK 4 8,Q23312,,,false,Q23312,,,false,14,49,DSG,198.43,false,true,false,false,1,1,Self,0.006,0.007,0.01,,,,198.43,,,,,,,,,,0,0,0,,0.005,0.005,,151
205,222,Scan: 6330 Run: 20230612_E3_RSLC6_Mueller_MS_TechHub_IMP_THIDVJSSG004_Celegans_Nulcei_S1_DSG_SEC85_500ng_FAIMS_001.raw P1_STGGKAPRK P2_STGGKAPRK 5 5,Q10453;K7ZUH9;Q27532;Q9U281;P08898,;;;;,;;;;,false,Q10453;K7ZUH9;Q27532;Q9U281;P08898,;;;;,;;;;,false,15;15;15;15;15,15;15;15;15;15,DSG,197.95,false,true,false,false,1,1,Self,0.006,0.007,0.01,,,,,,,,,197.95,,,,,0,0,0,,0.005,0.005,,280
203,220,Scan: 22029 Run: 20230612_E3_RSLC6_Mueller_MS_TechHub_IMP_THIDVJSSG004_Celegans_Nulcei_S1_DSG_SEC85_500ng_FAIMS_001.raw P1_RAEDDAKDARDELEK P2_DARDELEKEK 7 8,Q65XX4,,,false,Q65XX4,,,false,160,152,DSG,195.12,false,true,false,false,1,1,Self,0.006,0.007,0.01,,,,,,,,,195.12,,,,,0,0,0,,0.005,0.005,,215
398,106531,Scan: 41450 Run: 20230612_E3_RSLC6_Mueller_MS_TechHub_IMP_THIDVJSSG004_Celegans_Nulcei_S1_DSG_SEC9_1ug_FAIMS_001.raw P1_VQEVEKLK P2_NKQIQTDLERATELLEK 6 2,A0A061AJI9;A0A061AD21;C1P640;Q21313;C1P641;G5EEV6,;;;;;,;;;;;,false,O44565,,,false,2605;2585;2605;2594;2585;2594,1698,DSG,193.74,false,true,false,false,1,1,Between,0.037,0.039,0.118,,,,193.74,,,,,,,,,,0.088,0,0,,0.026,0.028,,102
201,218,Scan: 24433 Run: 20230612_E3_RSLC6_Mueller_MS_TechHub_IMP_THIDVJSSG004_Celegans_Nulcei_S1_DSG_SEC8_500ng_FAIMS_001.raw P1_YGLIYHAQLITQAPPKVK P2_NKSFGSHRHDK 16 2,O45012,,,false,O45012,,,false,406,351,DSG,193.26,false,true,false,false,1,1,Self,0.006,0.007,0.01,,,193.26,,,,,,,,,,,0,0,0,,0.005,0.005,,227
199,108,Scan: 5386 Run: 20230612_E3_RSLC6_Mueller_MS_TechHub_IMP_THIDVJSSG004_Celegans_Nulcei_S1_DSG_SEC85_500ng_FAIMS_001.raw P1_STGGKAPRK P2_ARTKQTARK 5 4;Scan: 5334 Run: 20230612_E3_RSLC6_Mueller_MS_TechHub_IMP_THIDVJSSG004_Celegans_Nulcei_S1_DSG_SEC85_500ng_FAIMS_001.raw P1_STGGKAPRK P2_ARTKQTARK 5 4,Q10453;K7ZUH9;Q27532;Q9U281;P08898,;;;;,;;;;,false,Q10453;K7ZUH9;Q27532;Q9U281;P08898,;;;;,;;;;,false,5;5;5;5;5,15;15;15;15;15,DSG,192.553,false,true,false,false,2,1,Self,0.006,0.007,0.01,,,,,,,,,165.44,,,,,0,0,0,,0.005,0.005,,280
198,217,Scan: 49575 Run: 20230612_E3_RSLC6_Mueller_MS_TechHub_IMP_THIDVJSSG004_Celegans_Nulcei_S1_DSG_SEC85_500ng_FAIMS_001.raw P1_QLDTFVETVFTKNHLLLTR P2_AVDAIRVVAHKF 12 11,A0A0K3ARH7;P91079,;,;,false,A0A0K3ARH7;P91079,;,;,false,124;408,173;457,DSG,191.4,false,true,false,false,1,1,Self,0.006,0.007,0.01,,,,,,,,,191.4,,,,,0.009,0.009,0.009,,0.005,0.005,,279
195,215,Scan: 48924 Run: 20230612_E3_RSLC6_Mueller_MS_TechHub_IMP_THIDVJSSG004_Celegans_Nulcei_S1_DSG_SEC85_500ng_FAIMS_001.raw P1_DWLSKWMREK P2_DTRFVTFKDFVNR 5 8,Q23670,,,false,Q23670,,,false,731,702,DSG,190.03,false,true,false,false,1,1,Self,0.006,0.007,0.009,,,,,,,,,190.03,,,,,0,0,0.009,,0.005,0.005,,278
193,213,Scan: 12126 Run: 20230612_E3_RSLC6_Mueller_MS_TechHub_IMP_THIDVJSSG004_Celegans_Nulcei_S1_DSG_SEC9_1ug_FAIMS_001.raw P1_SDGSSGKVTK P2_RGSVCSDSKQDPAK 7 9,P53013,,,false,P53013,,,false,450,330,DSG,188.99,false,true,false,false,1,1,Self,0.006,0.007,0.009,,,,188.99,,,,,,,,,,0,0,0,,0.005,0.005,,191
192,212,Scan: 24005 Run: 20230612_E3_RSLC6_Mueller_MS_TechHub_IMP_THIDVJSSG004_Celegans_Nulcei_S1_DSG_SEC85_500ng_FAIMS_001.raw P1_TFEPKIDYHYK P2_SHIEKVNGEK 5 5,P55155,,,false,P55155,,,false,291,27,DSG,187.91,false,true,false,false,1,1,Self,0.006,0.007,0.009,,,,,,,,,187.91,,,,,0,0,0.009,,0.005,0.005,,153
191,211,Scan: 42581 Run: 20230612_E3_RSLC6_Mueller_MS_TechHub_IMP_THIDVJSSG004_Celegans_Nulcei_S1_DSG_SEC85_500ng_FAIMS_001.raw P1_THIEAYKGLSQDAK P2_EFPILTGFFKNEK 7 10,P34382,,,false,P34382,,,false,147,169,DSG,186.55,false,true,false,false,1,1,Self,0.006,0.007,0.009,,,,,,,,,186.55,,,,,0,0,0.009,,0.005,0.005,,275
138,154;150,Scan: 39831 Run: 20230612_E3_RSLC6_Mueller_MS_TechHub_IMP_THIDVJSSG004_Celegans_Nulcei_S1_DSG_SEC8_500ng_FAIMS_001.raw P1_RKILEELSDK P2_LRYGSVYHWPLSSVLPFVKR 2 19;Scan: 42764 Run: 20230612_E3_RSLC6_Mueller_MS_TechHub_IMP_THIDVJSSG004_Celegans_Nulcei_S1_DSG_SEC85_500ng_FAIMS_001.raw P1_LRYGSVYHWPLSSVLPFVKRR P2_KILEELSDK 19 1,P34599,,,false,P34599,,,false,168,165,DSG,185.884,false,true,false,false,2,2,Self,0.006,0.007,0.009,,,132.55,,,,,,130.32,,,,,0,0,0.009,,0.005,0.005,,274
190,210,Scan: 38444 Run: 20230612_E3_RSLC6_Mueller_MS_TechHub_IMP_THIDVJSSG004_Celegans_Nulcei_S1_DSG_SEC85_500ng_FAIMS_001.raw P1_YSVDVAFDKTNINK P2_AVVVKQQDEGVSDRTYPHAIIAGIDRYPLK 9 5,P91914,,,false,P91914,,,false,27,93,DSG,185.23,false,true,false,false,1,1,Self,0.006,0.007,0.009,,,171.79,,,,,,185.23,,,,,0,0,0,,0.005,0.005,,221
189,209,Scan: 20597 Run: 20230612_E3_RSLC6_Mueller_MS_TechHub_IMP_THIDVJSSG004_Celegans_Nulcei_S1_DSG_SEC85_500ng_FAIMS_001.raw P1_ALTKPRVKVGTEWVSK P2_AKEGGGGGK 8 2,P02566,,,false,P02566,,,false,636,403,DSG,181.37,false,true,false,false,1,1,Self,0.006,0.007,0.009,,,,,,,,,181.37,,,,,0,0,0.009,,0.005,0.005,,272
188,208,Scan: 32246 Run: 20230612_E3_RSLC6_Mueller_MS_TechHub_IMP_THIDVJSSG004_Celegans_Nulcei_S1_DSG_SEC85_500ng_FAIMS_001.raw P1_NMVVGESVYGEKRVSVDDGAGSIEYR P2_GKEDALATK 12 2,Q22053,,,false,Q22053,,,false,133,152,DSG,180.29,false,true,false,false,1,1,Self,0.006,0.008,0.01,,,,,,,,,180.29,,,,,0,0,0.009,,0.005,0.005,,271
393,106525,Scan: 24844 Run: 20230612_E3_RSLC6_Mueller_MS_TechHub_IMP_THIDVJSSG004_Celegans_Nulcei_S1_DSG_SEC85_500ng_FAIMS_001.raw P1_KFAKIQMK P2_EHKEIVPFRR 1 3,Q9U332,,,false,Q9BL19,,,false,47,57,DSG,179.49,false,true,false,false,1,1,Between,0.037,0.047,0.118,,,,,,,,,179.49,,,,,0.116,0,0,,0.026,0.028,,93
187,207,Scan: 26166 Run: 20230612_E3_RSLC6_Mueller_MS_TechHub_IMP_THIDVJSSG004_Celegans_Nulcei_S1_DSG_SEC9_1ug_FAIMS_001.raw P1_TKGTGGASEVPEEK P2_FASQKGQSGFGAVRDVNYK 2 5,Q23050,,,false,Q23050,,,false,181,165,DSG,177.46,false,true,false,false,1,1,Self,0.006,0.008,0.01,,,,177.46,,,,,,,,,,0,0,0.009,,0.005,0.005,,270
186,206,Scan: 34029 Run: 20230612_E3_RSLC6_Mueller_MS_TechHub_IMP_THIDVJSSG004_Celegans_Nulcei_S1_DSG_SEC85_500ng_FAIMS_001.raw P1_VNVSGVKIPEHINDEYFK P2_NGTKFALGHSK 7 4,P47991,,,false,P47991,,,false,56,135,DSG,176.91,false,true,false,false,1,1,Self,0.006,0.008,0.01,,,,,,,,,176.91,,,,,0,0,0,,0.005,0.005,,156
185,205,Scan: 21371 Run: 20230612_E3_RSLC6_Mueller_MS_TechHub_IMP_THIDVJSSG004_Celegans_Nulcei_S1_DSG_SEC85_500ng_FAIMS_001.raw P1_KLPAWLHAK P2_KLERDGVGHAK 1 1,Q9BL86,,,false,Q9BL86,,,false,398,389,DSG,176.6,false,true,false,false,1,1,Self,0.006,0.008,0.01,,,,,,,,,176.6,,,,,0,0,0.009,,0.005,0.005,,268
184,204,Scan: 20406 Run: 20230612_E3_RSLC6_Mueller_MS_TechHub_IMP_THIDVJSSG004_Celegans_Nulcei_S1_DSG_SEC8_500ng_FAIMS_001.raw P1_RVAHEKINLK P2_GFHHRTIINNKIYRIGK 6 11,P50880;G5EEC0;G5ECE5,;;,;;,false,P50880;G5EEC0;G5ECE5,;;,;;,false,283;185;235,359;261;311,DSG,174.96,false,true,false,false,1,1,Self,0.006,0.008,0.01,,,174.96,,,,,,,,,,,0.009,0.009,0.009,,0.005,0.005,,209
53,187;54,Scan: 23907 Run: 20230612_E3_RSLC6_Mueller_MS_TechHub_IMP_THIDVJSSG004_Celegans_Nulcei_S1_DSG_SEC9_1ug_FAIMS_001.raw P1_LAKNAGFNK P2_FNKLAQR 3 3;Scan: 18290 Run: 20230612_E3_RSLC6_Mueller_MS_TechHub_IMP_THIDVJSSG004_Celegans_Nulcei_S1_DSG_SEC85_500ng_FAIMS_001.raw P1_RLAKNAGFNK P2_FNKLAQRR 4 3,Q21930,,,false,Q21930,,,false,93,102,DSG,173.449,false,true,false,false,2,2,Self,0.006,0.008,0.01,,,,160.95,,,,,64.65,,,,,0,0,0.009,,0.005,0.005,,266
183,202,Scan: 36689 Run: 20230612_E3_RSLC6_Mueller_MS_TechHub_IMP_THIDVJSSG004_Celegans_Nulcei_S1_DSG_SEC85_500ng_FAIMS_001.raw P1_SFLEATDKEK P2_KTLQGLNDRLGNYIDRVK 8 1,Q19289,,,false,Q19289,,,false,80,83,DSG,171.76,false,true,false,false,1,1,Self,0.006,0.008,0.01,,,,,,,,,171.76,,,,,0,0,0.009,,0.005,0.005,,155
93,165;99,Scan: 40608 Run: 20230612_E3_RSLC6_Mueller_MS_TechHub_IMP_THIDVJSSG004_Celegans_Nulcei_S1_DSG_SEC8_500ng_FAIMS_001.raw P1_SINFDKCTERSEIAYGLR P2_RAVVNMISFNPIAPRNEIEKIESSYDK 6 20;Scan: 40438 Run: 20230612_E3_RSLC6_Mueller_MS_TechHub_IMP_THIDVJSSG004_Celegans_Nulcei_S1_DSG_SEC9_1ug_FAIMS_001.raw P1_SINFDKCTERSEIAYGLR P2_NEIEKIESSYDK 6 5,P05690;P55155,;,;,false,P05690;P55155,;,;,false,157;157,208;208,DSG,170.257,false,true,false,false,2,2,Self,0.006,0.008,0.01,,,143.65,91.39,,,,,,,,,,0,0,0,,0.005,0.005,,244
181,200,Scan: 19623 Run: 20230612_E3_RSLC6_Mueller_MS_TechHub_IMP_THIDVJSSG004_Celegans_Nulcei_S1_DSG_SEC8_500ng_FAIMS_001.raw P1_VYHDCDDKYIPGHRK P2_GRLICGDKPAANVR 8 8,Q18878;E3W741,;,;,false,Q18878;E3W741,;,;,false,33;21,91;79,DSG,169.93,false,true,false,false,1,1,Self,0.006,0.008,0.01,,,169.93,,,,,,,,,,,0.017,0.017,0.009,,0.005,0.005,,263
180,198,Scan: 28106 Run: 20230612_E3_RSLC6_Mueller_MS_TechHub_IMP_THIDVJSSG004_Celegans_Nulcei_S1_DSG_SEC85_500ng_FAIMS_001.raw P1_EGDAEKETIHLLGK P2_AKPEFHR 6 2,Q17832,,,false,Q17832,,,false,754,718,DSG,168.36,false,true,false,false,1,1,Self,0.006,0.008,0.01,,,,,,,,,168.36,,,,,0,0,0,,0.005,0.005,,168
179,197,Scan: 30800 Run: 20230612_E3_RSLC6_Mueller_MS_TechHub_IMP_THIDVJSSG004_Celegans_Nulcei_S1_DSG_SEC85_500ng_FAIMS_001.raw P1_TSTVQSVQTFGRKK P2_ALVAYYHKYVDEQSK 1 8,Q22054,,,false,Q22054,,,false,2,96,DSG,168.24,false,true,false,false,1,1,Self,0.006,0.008,0.01,,,,,,,,,168.24,,,,,0,0,0,,0.005,0.005,,198
176,192,Scan: 39558 Run: 20230612_E3_RSLC6_Mueller_MS_TechHub_IMP_THIDVJSSG004_Celegans_Nulcei_S1_DSG_SEC85_500ng_FAIMS_001.raw P1_GRTIIAKEIRDPNAFFR P2_CVENLQKFDWK 7 7,Q9XVS2,,,false,Q9XVS2,,,false,119,108,DSG,164.33,false,true,false,false,1,1,Self,0.006,0.008,0.011,,,,,,,,,164.33,,,,,0.009,0.009,0.009,,0.005,0.005,,260
175,190,Scan: 35844 Run: 20230612_E3_RSLC6_Mueller_MS_TechHub_IMP_THIDVJSSG004_Celegans_Nulcei_S1_DSG_SEC85_500ng_FAIMS_001.raw P1_KVEDFPK P2_FAVRDMRQTVAVGVIKSVEK 1 16,P53013,,,false,P53013,,,false,386,439,DSG,163.95,false,true,false,false,1,1,Self,0.006,0.008,0.011,,,,,,,,,163.95,,,,,0,0,0,,0.005,0.005,,191
172,185,Scan: 49764 Run: 20230612_E3_RSLC6_Mueller_MS_TechHub_IMP_THIDVJSSG004_Celegans_Nulcei_S1_DSG_SEC85_500ng_FAIMS_001.raw P1_VFLENVIRDAVTYCEHAKR P2_KTVTAMDVVYALK 18 1,P62784,,,false,P62784,,,false,80,78,DSG,159.62,false,true,false,false,1,1,Self,0.006,0.008,0.011,,,,,,,,,159.62,,,,,0,0,0.009,,0.005,0.005,,154
96,142;103,Scan: 26741 Run: 20230612_E3_RSLC6_Mueller_MS_TechHub_IMP_THIDVJSSG004_Celegans_Nulcei_S1_DSG_SEC85_500ng_FAIMS_001.raw P1_LAHYNKR P2_HARKESYSVYIYRVLK 6 4;Scan: 30912 Run: 20230612_E3_RSLC6_Mueller_MS_TechHub_IMP_THIDVJSSG004_Celegans_Nulcei_S1_DSG_SEC85_500ng_FAIMS_001.raw P1_LAHYNKR P2_KESYSVYIYRVLK 6 1,Q27484;Q27876;P04255;Q27894,;;;,;;;,false,Q27484;Q22979;Q27876;P04255;Q27894,;;;;,;;;;,false,32;32;31;32,83;27;83;82;83,DSG,159.35,false,true,false,false,2,2,Self,0.006,0.008,0.011,,,,,,,,,128.43,,,,,0,0,0.009,,0.005,0.005,,257
171,183,Scan: 43613 Run: 20230612_E3_RSLC6_Mueller_MS_TechHub_IMP_THIDVJSSG004_Celegans_Nulcei_S1_DSG_SEC9_1ug_FAIMS_001.raw P1_KADVDVNK P2_IVTIMQNPSQYKIPNWFLNRQK 1 12,O18240,,,false,O18240,,,false,47,78,DSG,158.47,false,true,false,false,1,1,Self,0.006,0.008,0.011,,,,158.47,,,,,,,,,,0,0,0.009,,0.005,0.005,,145
169,181,Scan: 30671 Run: 20230612_E3_RSLC6_Mueller_MS_TechHub_IMP_THIDVJSSG004_Celegans_Nulcei_S1_DSG_SEC8_500ng_FAIMS_001.raw P1_RDFDVEKQSREWAEK P2_IEVDHGLTSAHIAKILTK 7 14,Q20720,,,false,Q20720,,,false,258,280,DSG,157.63,false,true,false,false,1,1,Self,0.006,0.008,0.011,,,157.63,,,,,,,,,,,0,0,0.009,,0.005,0.005,,255
332,106259;97079,Scan: 24621 Run: 20230612_E3_RSLC6_Mueller_MS_TechHub_IMP_THIDVJSSG004_Celegans_Nulcei_S1_DSG_SEC8_500ng_FAIMS_001.raw P1_KFAKIQMK P2_EHKEIVPFRRFHGGIGR 4 3;Scan: 24830 Run: 20230612_E3_RSLC6_Mueller_MS_TechHub_IMP_THIDVJSSG004_Celegans_Nulcei_S1_DSG_SEC85_500ng_FAIMS_001.raw P1_KFAKIQMK P2_EHKEIVPFRR 4 3;Scan: 21735 Run: 20230612_E3_RSLC6_Mueller_MS_TechHub_IMP_THIDVJSSG004_Celegans_Nulcei_S1_DSG_SEC85_500ng_FAIMS_001.raw P1_KFAKIQMK P2_EHKEIVPFRR 4 3,Q9BL19,,,false,Q9U332,,,false,57,50,DSG,157.497,false,true,false,false,3,2,Between,0.056,0.06,0.267,,,115.01,,,,,,84.67,,,,,0,0.116,0,,0.628,0.592,,93
168,180,Scan: 47540 Run: 20230612_E3_RSLC6_Mueller_MS_TechHub_IMP_THIDVJSSG004_Celegans_Nulcei_S1_DSG_SEC85_500ng_FAIMS_001.raw P1_SADFLLDLLKNAESNAEYK P2_AQAFLNHVKEHK 10 9,Q9BL19,,,false,Q9BL19,,,false,98,54,DSG,154.98,false,true,false,false,1,1,Self,0.006,0.009,0.011,,,,,,,,,154.98,,,,,0,0,0,,0.005,0.005,,124
165,63,Scan: 16194 Run: 20230612_E3_RSLC6_Mueller_MS_TechHub_IMP_THIDVJSSG004_Celegans_Nulcei_S1_DSG_SEC85_500ng_FAIMS_001.raw P1_HHIKR P2_AVHALYNVKAVK 4 9;Scan: 16173 Run: 20230612_E3_RSLC6_Mueller_MS_TechHub_IMP_THIDVJSSG004_Celegans_Nulcei_S1_DSG_SEC85_500ng_FAIMS_001.raw P1_HHIKR P2_AVHALYNVKAVK 4 9,Q20647,,,false,Q20647,,,false,110,100,DSG,151.387,false,true,false,false,2,1,Self,0.006,0.009,0.012,,,,,,,,,135.55,,,,,0,0,0.009,,0.005,0.005,,159
163,101,Scan: 36915 Run: 20230612_E3_RSLC6_Mueller_MS_TechHub_IMP_THIDVJSSG004_Celegans_Nulcei_S1_DSG_SEC85_500ng_FAIMS_001.raw P1_DARDELEKEKNANR P2_ANKALVDELRNAAAQTTNEMR 10 3;Scan: 36864 Run: 20230612_E3_RSLC6_Mueller_MS_TechHub_IMP_THIDVJSSG004_Celegans_Nulcei_S1_DSG_SEC85_500ng_FAIMS_001.raw P1_DARDELEKEKNANR P2_ANKALVDELRNAAAQTTNEMR 10 3,Q65XX4,,,false,Q65XX4,,,false,169,162,DSG,150.185,false,true,false,false,2,1,Self,0.006,0.009,0.012,,,,,,,,,117.49,,,,,0,0,0,,0.005,0.005,,215
161,174,Scan: 51455 Run: 20230612_E3_RSLC6_Mueller_MS_TechHub_IMP_THIDVJSSG004_Celegans_Nulcei_S1_DSG_SEC8_500ng_FAIMS_001.raw P1_ATGKGSDTFDTLAAAVILSSLICSR P2_ATGKGSDTFDTLAAAVILSSLICSR 4 4,Q09475,,,false,Q09475,,,false,333,333,DSG,148.93,false,true,false,false,1,1,Self,0.006,0.009,0.012,,,148.93,,,,,,,,,,,0.017,0.017,0.009,,0.005,0.005,,251
160,173,Scan: 51170 Run: 20230612_E3_RSLC6_Mueller_MS_TechHub_IMP_THIDVJSSG004_Celegans_Nulcei_S1_DSG_SEC85_500ng_FAIMS_001.raw P1_VFNRVVQIGRVVFIASGKDQGK P2_DLQLTKFVLK 1 6,Q9XVE9,,,false,Q9XVE9,,,false,59,2,DSG,148.45,false,true,false,false,1,1,Self,0.006,0.009,0.012,,,,,,,,,148.45,,,,,0,0,0,,0.005,0.005,,250
159,172,Scan: 30567 Run: 20230612_E3_RSLC6_Mueller_MS_TechHub_IMP_THIDVJSSG004_Celegans_Nulcei_S1_DSG_SEC85_500ng_FAIMS_001.raw P1_DLEHLQKEVDK P2_AAKLLYQAQRHNDDIDNLSK 7 3,V6CIX7;O44565,;,;,false,O44565,,,false,20;1734,1305,DSG,148.05,false,true,false,false,1,1,Self,0.006,0.009,0.012,,,,,,,,,148.05,,,,,0.039,0,0.009,,0.005,0.005,,176
158,171,Scan: 29482 Run: 20230612_E3_RSLC6_Mueller_MS_TechHub_IMP_THIDVJSSG004_Celegans_Nulcei_S1_DSG_SEC8_500ng_FAIMS_001.raw P1_SRDIIIPQRLHKLIIGSK P2_SKSDVVNIRGDK 12 2,Q17832,,,false,Q17832,,,false,533,503,DSG,147.76,false,true,false,false,1,1,Self,0.006,0.009,0.012,,,147.76,,,,,,,,,,,0,0,0,,0.005,0.005,,168
157,74,Scan: 21353 Run: 20230612_E3_RSLC6_Mueller_MS_TechHub_IMP_THIDVJSSG004_Celegans_Nulcei_S1_DSG_SEC85_500ng_FAIMS_001.raw P1_KVYKVHLDK P2_IRVKLDGK 1 4;Scan: 20831 Run: 20230612_E3_RSLC6_Mueller_MS_TechHub_IMP_THIDVJSSG004_Celegans_Nulcei_S1_DSG_SEC85_500ng_FAIMS_001.raw P1_KVYKVHLDK P2_IRVKLDGK 1 4,Q23312,,,false,Q23312,,,false,152,147,DSG,147.732,false,true,false,false,2,1,Self,0.006,0.009,0.012,,,,,,,,,126.31,,,,,0,0,0,,0.005,0.005,,151
155,169,Scan: 41868 Run: 20230612_E3_RSLC6_Mueller_MS_TechHub_IMP_THIDVJSSG004_Celegans_Nulcei_S1_DSG_SEC85_500ng_FAIMS_001.raw P1_TYNIIACPNSGKPYALVAKK P2_SFNDREVAIRKVTCVELPGPRPLTGF 12 11,Q9XWT4,,,false,Q9XWT4,,,false,197,137,DSG,146.65,false,true,false,false,1,1,Self,0.006,0.009,0.012,,,,,,,,,146.65,,,,,0,0,0.009,,0.005,0.005,,246
381,106503,Scan: 21077 Run: 20230612_E3_RSLC6_Mueller_MS_TechHub_IMP_THIDVJSSG004_Celegans_Nulcei_S1_DSG_SEC85_500ng_FAIMS_001.raw P1_IAKDANK P2_HDDVTKYVITHDK 3 6,I2HAF9;Q9NEN6,;,;,false,O01868,,,false,93;155,116,DSG,146.34,false,true,false,false,1,1,Between,0.056,0.07,0.357,,,,,,,,,146.34,,,,,0,0,0,,0.071,0.074,,88
154,168,Scan: 44086 Run: 20230612_E3_RSLC6_Mueller_MS_TechHub_IMP_THIDVJSSG004_Celegans_Nulcei_S1_DSG_SEC85_500ng_FAIMS_001.raw P1_WGFMNKPFDGRPK P2_GSDWILGELKTSGLRGRGGAGFPSGMK 6 10,Q17880,,,false,Q17880,,,false,115,92,DSG,145.66,false,true,false,false,1,1,Self,0.006,0.009,0.013,,,142.8,,,,,,145.66,,,,,0,0,0.009,,0.005,0.005,,245
153,167,Scan: 46238 Run: 20230612_E3_RSLC6_Mueller_MS_TechHub_IMP_THIDVJSSG004_Celegans_Nulcei_S1_DSG_SEC85_500ng_FAIMS_001.raw P1_RAVVNMISFNPIAPRNEIEKIESSYDK P2_IQKVLLPIYK 20 3,P05690;P55155,;,;,false,P05690;P55155,;,;,false,561;563,157;157,DSG,144.87,false,true,false,false,1,1,Self,0.006,0.009,0.013,,,,,,,,,144.87,,,,,0,0,0,,0.005,0.005,,244
151,164,Scan: 21364 Run: 20230612_E3_RSLC6_Mueller_MS_TechHub_IMP_THIDVJSSG004_Celegans_Nulcei_S1_DSG_SEC8_500ng_FAIMS_001.raw P1_ELVRLEGHSKPCASIK P2_DHVLSAGKDGSIRK 10 8,O62477,,,false,O62477,,,false,339,321,DSG,143.65,false,true,false,false,1,1,Self,0.006,0.009,0.013,,,143.65,,,,,,,,,,,0,0,0.009,,0.005,0.005,,243
149,163,Scan: 26498 Run: 20230612_E3_RSLC6_Mueller_MS_TechHub_IMP_THIDVJSSG004_Celegans_Nulcei_S1_DSG_SEC85_500ng_FAIMS_001.raw P1_IDSTTRAGDNKEVEFK P2_AGDNKEVEFK 11 5,Q21752,,,false,Q21752,,,false,38,38,DSG,142.54,false,true,false,false,1,1,Self,0.006,0.009,0.013,,,,,,,,,142.54,,,,,0,0,0,,0.005,0.005,,181
85,66;90,Scan: 30478 Run: 20230612_E3_RSLC6_Mueller_MS_TechHub_IMP_THIDVJSSG004_Celegans_Nulcei_S1_DSG_SEC8_500ng_FAIMS_001.raw P1_TNRGNEALKNLRAYEGVPAK P2_GAFHYRAPGKIFWR 9 10;Scan: 32976 Run: 20230612_E3_RSLC6_Mueller_MS_TechHub_IMP_THIDVJSSG004_Celegans_Nulcei_S1_DSG_SEC85_500ng_FAIMS_001.raw P1_TNRGNEALKNLRAYEGVPAK P2_GAFHYRAPGKIFWR 9 10;Scan: 30829 Run: 20230612_E3_RSLC6_Mueller_MS_TechHub_IMP_THIDVJSSG004_Celegans_Nulcei_S1_DSG_SEC85_500ng_FAIMS_001.raw P1_TNRGNEALKNLR P2_GAFHYRAPGKIFWR 9 10,Q27389,,,false,Q27389,,,false,101,79,DSG,140.779,false,true,false,false,3,2,Self,0.006,0.009,0.013,,,76.24,,,,,,86.64,,,,,0,0,0,,0.005,0.005,,222
95,115;102,Scan: 21991 Run: 20230612_E3_RSLC6_Mueller_MS_TechHub_IMP_THIDVJSSG004_Celegans_Nulcei_S1_DSG_SEC9_1ug_FAIMS_001.raw P1_KGKPELR P2_GEMKGSAITGPVAK 1 4;Scan: 18654 Run: 20230612_E3_RSLC6_Mueller_MS_TechHub_IMP_THIDVJSSG004_Celegans_Nulcei_S1_DSG_SEC85_500ng_FAIMS_001.raw P1_KGKPELRK P2_GEMKGSAITGPVAK 1 4,P48158,,,false,P48158,,,false,113,67,DSG,139.994,false,true,false,false,2,2,Self,0.006,0.009,0.013,,,,103.66,,,,,94.09,,,,,0,0,0,,0.005,0.005,,240
148,161,Scan: 23183 Run: 20230612_E3_RSLC6_Mueller_MS_TechHub_IMP_THIDVJSSG004_Celegans_Nulcei_S1_DSG_SEC8_500ng_FAIMS_001.raw P1_KGTHGQEQVTRKK P2_DIRWTVLYRIKNK 1 11,O01868,,,false,O01868,,,false,61,58,DSG,139.92,false,true,false,false,1,1,Self,0.006,0.009,0.013,,,139.92,,,,,,,,,,,0,0,0.009,,0.005,0.005,,187
146,159,Scan: 17828 Run: 20230612_E3_RSLC6_Mueller_MS_TechHub_IMP_THIDVJSSG004_Celegans_Nulcei_S1_DSG_SEC8_500ng_FAIMS_001.raw P1_RFLKEAR P2_IRFTCMPRHSKNAR 4 11,P18947;Q9N4J2;P06125,;;,;;,false,P18947;Q9N4J2;P06125,;;,;;,false,1566;1566;1566,1573;1573;1573,DSG,137.45,false,true,false,false,1,1,Self,0.006,0.009,0.013,,,137.45,,,,,,,,,,,0,0,0,,0.005,0.005,,185
143,155,Scan: 15581 Run: 20230612_E3_RSLC6_Mueller_MS_TechHub_IMP_THIDVJSSG004_Celegans_Nulcei_S1_DSG_SEC85_500ng_FAIMS_001.raw P1_STMGKPQRVY P2_GSSEKPRK 5 5,Q9N4I4;Q95Y46,;,;,false,Q9N4I4,,,false,211;150,23,DSG,133.06,false,true,false,false,1,1,Self,0.006,0.009,0.014,,,,74.58,,,,,133.06,,,,,0,0,0.009,,0.005,0.005,,237
141,153,Scan: 23082 Run: 20230612_E3_RSLC6_Mueller_MS_TechHub_IMP_THIDVJSSG004_Celegans_Nulcei_S1_DSG_SEC8_500ng_FAIMS_001.raw P1_TLINRTQGTKIASEGLK P2_KKAVDPFSRK 10 1,P48154,,,false,P48154,,,false,17,54,DSG,131.25,false,true,false,false,1,1,Self,0.006,0.01,0.014,,,131.25,,,,,,,,,,,0,0,0,,0.005,0.005,,236
140,152,Scan: 29936 Run: 20230612_E3_RSLC6_Mueller_MS_TechHub_IMP_THIDVJSSG004_Celegans_Nulcei_S1_DSG_SEC8_500ng_FAIMS_001.raw P1_LNVRTNHYTPHVEGVSPLKRDIK P2_LEGDDLAEAQQKGSFQLPSSNETAK 19 12,O17919,,,false,O17919,,,false,21,68,DSG,131.11,false,true,false,false,1,1,Self,0.006,0.01,0.014,,,131.11,,,,,,,,,,,0,0,0.009,,0.005,0.005,,208
139,151,Scan: 21838 Run: 20230612_E3_RSLC6_Mueller_MS_TechHub_IMP_THIDVJSSG004_Celegans_Nulcei_S1_DSG_SEC8_500ng_FAIMS_001.raw P1_YRDAKK P2_LDKHLYHELYLRAK 5 3,O02639,,,false,O02639,,,false,117,113,DSG,130.4,false,true,false,false,1,1,Self,0.006,0.01,0.014,,,130.4,,,,,,,,,,,0,0,0.009,,0.005,0.005,,234
137,149,Scan: 37196 Run: 20230612_E3_RSLC6_Mueller_MS_TechHub_IMP_THIDVJSSG004_Celegans_Nulcei_S1_DSG_SEC85_500ng_FAIMS_001.raw P1_KEVIPDREEDEVVVIHK P2_AGEGAADTFGKLVPIK 1 11,H2KYR1,,,false,H2KYR1,,,false,284,290,DSG,130.25,false,true,false,false,1,1,Self,0.006,0.01,0.014,,,,,,,,,130.25,,,,,0,0,0.009,,0.005,0.005,,233
136,148,Scan: 30748 Run: 20230612_E3_RSLC6_Mueller_MS_TechHub_IMP_THIDVJSSG004_Celegans_Nulcei_S1_DSG_SEC85_500ng_FAIMS_001.raw P1_NIQKEQGYK P2_EFELEQENTESRREYFNKMVK 4 18,P05690,,,false,P05690,,,false,1072,1065,DSG,129.73,false,true,false,false,1,1,Self,0.006,0.01,0.014,,,,,,,,,129.73,,,,,0,0,0.009,,0.005,0.005,,201
135,147,Scan: 46864 Run: 20230612_E3_RSLC6_Mueller_MS_TechHub_IMP_THIDVJSSG004_Celegans_Nulcei_S1_DSG_SEC9_1ug_FAIMS_001.raw P1_TYSYLTPDLWKEEALEK P2_GYWGNKIGLPHTVPCK 11 6,P51403,,,false,P51403,,,false,253,169,DSG,129.66,false,true,false,false,1,1,Self,0.006,0.01,0.014,,,,129.66,,,,,,,,,,0,0,0,,0.005,0.005,,231
132,144,Scan: 33670 Run: 20230612_E3_RSLC6_Mueller_MS_TechHub_IMP_THIDVJSSG004_Celegans_Nulcei_S1_DSG_SEC9_1ug_FAIMS_001.raw P1_KDDEPERDAATSLAIITK P2_IAATYKK 1 6,D4YWC3;Q9XX57,;,;,false,D4YWC3;Q9XX57,;,;,false,22;33,24;35,DSG,129.01,false,true,false,false,1,1,Self,0.006,0.01,0.015,,,,129.01,,,,,,,,,,0.039,0.039,0.009,,0.005,0.005,,230
131,143,Scan: 31082 Run: 20230612_E3_RSLC6_Mueller_MS_TechHub_IMP_THIDVJSSG004_Celegans_Nulcei_S1_DSG_SEC85_500ng_FAIMS_001.raw P1_APVAHPPYINMIKEAIK P2_AAAAKKPAAAK 13 5,P10771,,,false,P10771,,,false,119,46,DSG,128.97,false,true,false,false,1,1,Self,0.006,0.01,0.015,,,,,,,,,128.97,,,,,0,0,0,,0.005,0.005,,210
73,110;78,Scan: 53384 Run: 20230612_E3_RSLC6_Mueller_MS_TechHub_IMP_THIDVJSSG004_Celegans_Nulcei_S1_DSG_SEC85_500ng_FAIMS_001.raw P1_QVHPDTGVSSKAMSIMNSFVNDVFER P2_KESYSVYIYRVLK 11 1;Scan: 46748 Run: 20230612_E3_RSLC6_Mueller_MS_TechHub_IMP_THIDVJSSG004_Celegans_Nulcei_S1_DSG_SEC8_500ng_FAIMS_001.raw P1_QVHPDTGVSSKAMSIMNSFVNDVFER P2_HARKESYSVYIYRVLK 11 4,Q27484;Q27876;P04255;Q27894,;;;,;;;,false,Q27484;Q27876;P04255;Q27894,;;;,;;;,false,55;55;54;55,32;32;31;32,DSG,128.181,false,true,false,false,2,2,Self,0.006,0.01,0.015,,,79.7,,,,,,100.39,,,,,0,0,0,,0.005,0.005,,192
129,141,Scan: 24740 Run: 20230612_E3_RSLC6_Mueller_MS_TechHub_IMP_THIDVJSSG004_Celegans_Nulcei_S1_DSG_SEC85_500ng_FAIMS_001.raw P1_RFDDNEESTNAIKK P2_MKIEEVKEEDEAEPEK 13 2,O45012,,,false,O45012,,,false,451,454,DSG,127.49,false,true,false,false,1,1,Self,0.006,0.01,0.015,,,,,,,,,127.49,,,,,0,0,0,,0.005,0.005,,227
78,107;83,Scan: 21469 Run: 20230612_E3_RSLC6_Mueller_MS_TechHub_IMP_THIDVJSSG004_Celegans_Nulcei_S1_DSG_SEC9_1ug_FAIMS_001.raw P1_VNVPKAR P2_HFELGGQKK 5 8;Scan: 21341 Run: 20230612_E3_RSLC6_Mueller_MS_TechHub_IMP_THIDVJSSG004_Celegans_Nulcei_S1_DSG_SEC85_500ng_FAIMS_001.raw P1_VNVPKARRTFCDGK P2_HFELGGQKK 5 8,P48166,,,false,P48166,,,false,96,6,DSG,127.166,false,true,false,false,2,2,Self,0.006,0.01,0.015,,,,97.23,,,,,81.96,,,,,0,0,0,,0.005,0.005,,226
127,138,Scan: 41258 Run: 20230612_E3_RSLC6_Mueller_MS_TechHub_IMP_THIDVJSSG004_Celegans_Nulcei_S1_DSG_SEC8_500ng_FAIMS_001.raw P1_YMPQKSNIIATK P2_SPHADVYIFDYLKHSAVPRDNTFNPLIR 5 13,P90916,,,false,P90916,,,false,152,132,DSG,126.08,false,true,false,false,1,1,Self,0.006,0.01,0.016,,,126.08,,,,,,,,,,,0,0,0.009,,0.005,0.005,,225
126,137,Scan: 9398 Run: 20230612_E3_RSLC6_Mueller_MS_TechHub_IMP_THIDVJSSG004_Celegans_Nulcei_S1_DSG_SEC9_1ug_FAIMS_001.raw P1_KSTGGK P2_APRKQLATK 1 4,Q10453;K7ZUH9;Q27532;Q9U281;P08898,;;;;,;;;;,false,Q10453;K7ZUH9;Q9U281;P08898;Q27489,;;;;,;;;;,false,10;10;10;10;10,19;19;19;19;10,DSG,125.97,false,true,false,false,1,1,Self,0.006,0.01,0.016,,,,125.97,,,,,,,,,,0,0.057,0.009,,0.005,0.005,,213
124,135,Scan: 44063 Run: 20230612_E3_RSLC6_Mueller_MS_TechHub_IMP_THIDVJSSG004_Celegans_Nulcei_S1_DSG_SEC9_1ug_FAIMS_001.raw P1_MKLDYVLGLK P2_AARELLTLEDKDPK 2 11,Q20228,,,false,Q20228,,,false,92,65,DSG,124.06,false,true,false,false,1,1,Self,0.006,0.01,0.016,,,,124.06,,,,,,,,,,0,0,0.009,,0.005,0.005,,136
122,133,Scan: 17895 Run: 20230612_E3_RSLC6_Mueller_MS_TechHub_IMP_THIDVJSSG004_Celegans_Nulcei_S1_DSG_SEC9_1ug_FAIMS_001.raw P1_MDKLAVQAK P2_KNAAPK 3 1,Q27389,,,false,Q27389,,,false,176,183,DSG,122.8,false,true,false,false,1,1,Self,0.006,0.01,0.016,,,,122.8,,,,,,,,,,0,0,0,,0.005,0.005,,222
356,106361,Scan: 39825 Run: 20230612_E3_RSLC6_Mueller_MS_TechHub_IMP_THIDVJSSG004_Celegans_Nulcei_S1_DSG_SEC85_500ng_FAIMS_001.raw P1_STISSREIQTAVRLILPGELAKHAVSEGTK P2_GGKGLGK 22 3,Q27484;Q27876;P04255;Q27894,;;;,;;;,false,P62784,,,false,106;106;105;106,9,DSG,122.15,false,true,false,false,1,1,Between,0.227,0.232,0.5,,,,,,,,,122.15,,,,,0,0,0,,0.565,0.524,,71
121,132,Scan: 18988 Run: 20230612_E3_RSLC6_Mueller_MS_TechHub_IMP_THIDVJSSG004_Celegans_Nulcei_S1_DSG_SEC8_500ng_FAIMS_001.raw P1_SKFEERYKTGK P2_RNKLKPFLK 8 3,P91914,,,false,P91914,,,false,67,123,DSG,122.09,false,true,false,false,1,1,Self,0.006,0.01,0.016,,,122.09,,,,,,,,,,,0,0,0,,0.005,0.005,,221
120,131,Scan: 32808 Run: 20230612_E3_RSLC6_Mueller_MS_TechHub_IMP_THIDVJSSG004_Celegans_Nulcei_S1_DSG_SEC85_500ng_FAIMS_001.raw P1_NCGKDGFHLR P2_IRIFDLGNKR 4 9,Q09533,,,false,Q09533,,,false,82,39,DSG,121.8,false,true,false,false,1,1,Self,0.006,0.01,0.016,,,,,,,,,121.8,,,,,0,0,0.009,,0.005,0.005,,220
118,129,Scan: 6592 Run: 20230612_E3_RSLC6_Mueller_MS_TechHub_IMP_THIDVJSSG004_Celegans_Nulcei_S1_DSG_SEC85_500ng_FAIMS_001.raw P1_KPAAAKKPAAAK P2_KPAAAK 6 1,P10771,,,false,P10771,,,false,125,120,DSG,120.6,false,true,false,false,1,1,Self,0.006,0.01,0.017,,,,,,,,,120.6,,,,,0,0,0,,0.005,0.005,,210
117,128,Scan: 5922 Run: 20230612_E3_RSLC6_Mueller_MS_TechHub_IMP_THIDVJSSG004_Celegans_Nulcei_S1_DSG_SEC85_500ng_FAIMS_001.raw P1_KAATGDKK P2_AKKPAAAKPK 1 3,P10771,,,false,P10771,,,false,155,147,DSG,119.25,false,true,false,false,1,1,Self,0.006,0.01,0.017,,,,,,,,,119.25,,,,,0,0,0,,0.005,0.005,,210
116,126,Scan: 52056 Run: 20230612_E3_RSLC6_Mueller_MS_TechHub_IMP_THIDVJSSG004_Celegans_Nulcei_S1_DSG_SEC9_1ug_FAIMS_001.raw P1_EAEEVLSIVRDVLTETTKAK P2_AEKAYEVAK 18 3,O44565,,,false,O44565,,,false,1488,1481,DSG,117.31,false,true,false,false,1,1,Self,0.006,0.01,0.017,,,,117.31,,,,,,,,,,0,0,0.009,,0.005,0.005,,217
115,125,Scan: 42778 Run: 20230612_E3_RSLC6_Mueller_MS_TechHub_IMP_THIDVJSSG004_Celegans_Nulcei_S1_DSG_SEC8_500ng_FAIMS_001.raw P1_TLEGECEVLYTVEEIKKEDEQRWAK P2_RAVINMLQVNILKK 16 13,P18948,,,false,P18948,,,false,202,162,DSG,116.8,false,true,false,false,1,1,Self,0.006,0.01,0.017,,,116.8,,,,,,,,,,,0,0,0,,0.005,0.005,,212
114,124,Scan: 36853 Run: 20230612_E3_RSLC6_Mueller_MS_TechHub_IMP_THIDVJSSG004_Celegans_Nulcei_S1_DSG_SEC85_500ng_FAIMS_001.raw P1_DARDELEKEKNANR P2_ANKALVDELRNAAAQTTNEMR 8 3,Q65XX4,,,false,Q65XX4,,,false,169,160,DSG,115.44,false,true,false,false,1,1,Self,0.006,0.01,0.017,,,,,,,,,115.44,,,,,0,0,0,,0.005,0.005,,215
113,123,Scan: 60644 Run: 20230612_E3_RSLC6_Mueller_MS_TechHub_IMP_THIDVJSSG004_Celegans_Nulcei_S1_DSG_SEC85_500ng_FAIMS_001.raw P1_TATVRYDSNLAKNPK P2_TATVRYDSNLAKNPK 12 12,Q21546,,,false,Q21546,,,false,167,167,DSG,114.89,false,true,false,false,1,1,Self,0.006,0.01,0.017,,,,,,,,,114.89,,,,,0.024,0.024,0.009,,0.005,0.005,,214
112,121,Scan: 7378 Run: 20230612_E3_RSLC6_Mueller_MS_TechHub_IMP_THIDVJSSG004_Celegans_Nulcei_S1_DSG_SEC85_500ng_FAIMS_001.raw P1_KQLATKAAR P2_ARTKQTARK 1 4,Q10453;K7ZUH9;Q27532;Q9U281;P08898,;;;;,;;;;,false,Q10453;K7ZUH9;Q9U281;P08898;Q27489,;;;;,;;;;,false,5;5;5;5;5,19;19;19;19;10,DSG,114.55,false,true,false,false,1,1,Self,0.006,0.01,0.018,,,,,,,,,114.55,,,,,0,0.057,0.009,,0.005,0.005,,213
110,119,Scan: 30569 Run: 20230612_E3_RSLC6_Mueller_MS_TechHub_IMP_THIDVJSSG004_Celegans_Nulcei_S1_DSG_SEC8_500ng_FAIMS_001.raw P1_VLRECNEEQLEQIYRHVAEHKDEK P2_KNIAPLK 21 1,P18948,,,false,P18948,,,false,400,436,DSG,112.4,false,true,false,false,1,1,Self,0.006,0.01,0.018,,,112.4,,,,,,,,,,,0,0,0,,0.005,0.005,,212
108,118,Scan: 14651 Run: 20230612_E3_RSLC6_Mueller_MS_TechHub_IMP_THIDVJSSG004_Celegans_Nulcei_S1_DSG_SEC85_500ng_FAIMS_001.raw P1_HAVSEGTKAVTK P2_AVTKYTSSK 8 4,Q27484;Q27876;P04255;Q27894,;;;,;;;,false,Q27484;Q27876;P04255;Q27894,;;;,;;;,false,118;118;117;118,114;114;113;114,DSG,108.18,false,true,false,false,1,1,Self,0.006,0.011,0.022,,,,,,,,,108.18,,,,,0,0,0,,0.005,0.005,,192
107,117,Scan: 22085 Run: 20230612_E3_RSLC6_Mueller_MS_TechHub_IMP_THIDVJSSG004_Celegans_Nulcei_S1_DSG_SEC85_500ng_FAIMS_001.raw P1_KPAAAK P2_ALVQAAGSGANGRFRVPEKAAAAK 1 19,P10771,,,false,P10771,,,false,114,120,DSG,106.61,false,true,false,false,1,1,Self,0.006,0.011,0.023,,,,,,,,,106.61,,,,,0,0,0,,0.005,0.005,,210
106,116,Scan: 22991 Run: 20230612_E3_RSLC6_Mueller_MS_TechHub_IMP_THIDVJSSG004_Celegans_Nulcei_S1_DSG_SEC8_500ng_FAIMS_001.raw P1_SLITQTKRVAHEK P2_GFHHRTIINNKIYRIGK 7 11,P50880;G5EEC0;G5ECE5,;;,;;,false,P50880;G5EEC0;G5ECE5,;;,;;,false,283;185;235,353;255;305,DSG,105.41,false,true,false,false,1,1,Self,0.006,0.011,0.023,,,105.41,,,,,,,,,,,0.009,0.009,0.009,,0.005,0.005,,209
104,114,Scan: 36255 Run: 20230612_E3_RSLC6_Mueller_MS_TechHub_IMP_THIDVJSSG004_Celegans_Nulcei_S1_DSG_SEC8_500ng_FAIMS_001.raw P1_QALEKLTGALFQRPPLISAVK P2_LHEEVEDDRKVK 5 10,O17919,,,false,O17919,,,false,163,156,DSG,103.14,false,true,false,false,1,1,Self,0.006,0.011,0.025,,,103.14,,,,,,,,,,,0,0,0.009,,0.005,0.005,,208
103,112,Scan: 35843 Run: 20230612_E3_RSLC6_Mueller_MS_TechHub_IMP_THIDVJSSG004_Celegans_Nulcei_S1_DSG_SEC9_1ug_FAIMS_001.raw P1_RKPQWESK P2_LGEKIADQSPLIVQMAK 2 4,P34559,,,false,P34559,,,false,226,282,DSG,100.62,false,true,false,false,1,1,Self,0.006,0.011,0.026,,,,100.62,,,,,,,,,,0,0,0,,0.005,0.005,,141
102,111,Scan: 19079 Run: 20230612_E3_RSLC6_Mueller_MS_TechHub_IMP_THIDVJSSG004_Celegans_Nulcei_S1_DSG_SEC85_500ng_FAIMS_001.raw P1_IKWVEK P2_GRILSKQGRK 2 6,O18650,,,false,O18650,,,false,126,111,DSG,100.51,false,true,false,false,1,1,Self,0.006,0.011,0.026,,,,,,,,,100.51,,,,,0,0,0.009,,0.005,0.005,,206
99,106,Scan: 23160 Run: 20230612_E3_RSLC6_Mueller_MS_TechHub_IMP_THIDVJSSG004_Celegans_Nulcei_S1_DSG_SEC85_500ng_FAIMS_001.raw P1_TRQEKLIENR P2_QREDSTSIEDKCTTSENAIK 5 11,Q18237,,,false,Q18237,,,false,196,880,DSG,95.78,false,true,false,false,1,1,Self,0.006,0.011,0.03,,,,,,,,,95.78,,,,,0,0,0.009,,0.005,0.005,,205
97,104,Scan: 32471 Run: 20230612_E3_RSLC6_Mueller_MS_TechHub_IMP_THIDVJSSG004_Celegans_Nulcei_S1_DSG_SEC85_500ng_FAIMS_001.raw P1_GAPVPGKPGAPGQGPQ P2_ATIAGGGVIPHIHRYLMNKK 7 19,Q27511,,,false,Q27511,,,false,131,123,DSG,95.02,false,true,false,false,1,1,Self,0.006,0.011,0.03,,,,,,,,,95.02,,,,,0,0,0.009,,0.005,0.005,,204
94,100,Scan: 36271 Run: 20230612_E3_RSLC6_Mueller_MS_TechHub_IMP_THIDVJSSG004_Celegans_Nulcei_S1_DSG_SEC9_1ug_FAIMS_001.raw P1_YVDEQSKR P2_ELKNIFAAYDK 7 3,Q22054,,,false,Q22054,,,false,107,103,DSG,92.29,false,true,false,false,1,1,Self,0.006,0.011,0.031,,,,92.29,,,,,,,,,,0,0,0,,0.005,0.005,,198
92,98,Scan: 32404 Run: 20230612_E3_RSLC6_Mueller_MS_TechHub_IMP_THIDVJSSG004_Celegans_Nulcei_S1_DSG_SEC85_500ng_FAIMS_001.raw P1_NTIQHLIHHFEKK P2_MCTIEELKK 12 8,P18947;Q9N4J2;P06125,;;,;;,false,P18947;Q9N4J2;P06125,;;,;;,false,370;370;370,410;410;410,DSG,91.32,false,true,false,false,1,1,Self,0.006,0.011,0.031,,,,,,,,,91.32,,,,,0,0,0,,0.005,0.005,,185
91,97,Scan: 36969 Run: 20230612_E3_RSLC6_Mueller_MS_TechHub_IMP_THIDVJSSG004_Celegans_Nulcei_S1_DSG_SEC8_500ng_FAIMS_001.raw P1_NRPAEFTARLTVGQLEKTELSQIK P2_LEAPRDYTMNTELTTVCDKQVR 17 19,P05690,,,false,P05690,,,false,1102,1033,DSG,90.75,false,true,false,false,1,1,Self,0.006,0.011,0.031,,,90.75,,,,,,,,,,,0,0,0.009,,0.005,0.005,,201
90,96,Scan: 24733 Run: 20230612_E3_RSLC6_Mueller_MS_TechHub_IMP_THIDVJSSG004_Celegans_Nulcei_S1_DSG_SEC85_500ng_FAIMS_001.raw P1_NEKAITDNSEHR P2_NEHLIVKGPIRMPTK 3 7,Q8WQA8,,,false,Q8WQA8,,,false,9,50,DSG,90.73,false,true,false,false,1,1,Self,0.006,0.011,0.031,,,,,,,,,90.73,,,,,0.024,0.024,0.009,,0.005,0.005,,200
89,95,Scan: 46944 Run: 20230612_E3_RSLC6_Mueller_MS_TechHub_IMP_THIDVJSSG004_Celegans_Nulcei_S1_DSG_SEC85_500ng_FAIMS_001.raw P1_KVTEQGQELSNEERNLLSVAYK P2_EYRVKVEQELNDICQDVLK 1 5,P41932,,,false,P41932,,,false,87,30,DSG,89.38,false,true,false,false,1,1,Self,0.006,0.011,0.032,,,,,,,,,89.38,,,,,0,0,0.009,,0.005,0.005,,199
88,94,Scan: 24511 Run: 20230612_E3_RSLC6_Mueller_MS_TechHub_IMP_THIDVJSSG004_Celegans_Nulcei_S1_DSG_SEC9_1ug_FAIMS_001.raw P1_TSTVQSVQTFGRKK P2_KGQGLIK 1 1,Q22054,,,false,Q22054,,,false,25,2,DSG,88.86,false,true,false,false,1,1,Self,0.006,0.011,0.032,,,,88.86,,,,,,,,,,0,0,0,,0.005,0.005,,198
86,92,Scan: 34119 Run: 20230612_E3_RSLC6_Mueller_MS_TechHub_IMP_THIDVJSSG004_Celegans_Nulcei_S1_DSG_SEC85_500ng_FAIMS_001.raw P1_LSPGKLRELERGQDLHQVFK P2_KSPVIVDYK 5 1,G5ECQ8;Q23670,;,;,false,G5ECQ8;Q23670,;,;,false,549;985,575;1011,DSG,86.86,false,true,false,false,1,1,Self,0.006,0.011,0.034,,,,,,,,,86.86,,,,,0.017,0.017,0.009,,0.005,0.005,,197
83,88,Scan: 34213 Run: 20230612_E3_RSLC6_Mueller_MS_TechHub_IMP_THIDVJSSG004_Celegans_Nulcei_S1_DSG_SEC9_1ug_FAIMS_001.raw P1_ISKANAVVK P2_DGKRLTLENIINK 3 3,Q21770,,,false,Q21770,,,false,631,640,DSG,85.12,false,true,false,false,1,1,Self,0.006,0.011,0.034,,,,85.12,,,,,,,,,,0.009,0.009,0.009,,0.005,0.005,,196
79,84,Scan: 33753 Run: 20230612_E3_RSLC6_Mueller_MS_TechHub_IMP_THIDVJSSG004_Celegans_Nulcei_S1_DSG_SEC9_1ug_FAIMS_001.raw P1_LILPGELAKHAVSEGTK P2_AVTKYTSSK 9 4,Q27484;Q27876;P04255;Q27894,;;;,;;;,false,Q27484;Q27876;P04255;Q27894,;;;,;;;,false,106;106;105;106,118;118;117;118,DSG,82.49,false,true,false,false,1,1,Self,0.011,0.012,0.088,,,,82.49,,,,,,,,,,0,0,0,,0.009,0.008,,192
76,81,Scan: 34569 Run: 20230612_E3_RSLC6_Mueller_MS_TechHub_IMP_THIDVJSSG004_Celegans_Nulcei_S1_DSG_SEC8_500ng_FAIMS_001.raw P1_NGQTREHALLAQTLGVKQLIVACNK P2_GWAVERKEGNASGK 17 7,P53013,,,false,P53013,,,false,146,219,DSG,81.11,false,true,false,false,1,1,Self,0.011,0.013,0.091,,,81.11,,,,,,62.09,,,,,0,0,0,,0.009,0.008,,191
70,75,Scan: 10219 Run: 20230612_E3_RSLC6_Mueller_MS_TechHub_IMP_THIDVJSSG004_Celegans_Nulcei_S1_DSG_SEC8_500ng_FAIMS_001.raw P1_IHPGHGKRLVRTDGK P2_GAKLRRNPR 7 3,O01868,,,false,O01868,,,false,19,41,DSG,77.12,false,true,false,false,1,1,Self,0.011,0.014,0.081,,,77.12,,,,,,,,,,,0,0,0.009,,0.009,0.008,,187
68,72,Scan: 52325 Run: 20230612_E3_RSLC6_Mueller_MS_TechHub_IMP_THIDVJSSG004_Celegans_Nulcei_S1_DSG_SEC85_500ng_FAIMS_001.raw P1_SLLTFLTNDSKFELHRALFFYEAER P2_FVVPENKK 11 7,P18947;Q9N4J2;P06125,;;,;;,false,P18947;Q9N4J2;P06125,;;,;;,false,815;815;815,930;930;930,DSG,75.19,false,true,false,false,1,1,Self,0.011,0.014,0.079,,,,,,,,,75.19,,,,,0,0,0,,0.009,0.008,,185
64,68,Scan: 50664 Run: 20230612_E3_RSLC6_Mueller_MS_TechHub_IMP_THIDVJSSG004_Celegans_Nulcei_S1_DSG_SEC9_1ug_FAIMS_001.raw P1_DLFNKGYNFGFLK P2_APPTFADLGKSAK 5 10,Q21752,,,false,Q21752,,,false,19,11,DSG,70.79,false,true,false,false,1,1,Self,0.011,0.015,0.079,,,,70.79,,,,,,,,,,0,0,0,,0.009,0.008,,181
63,67,Scan: 23356 Run: 20230612_E3_RSLC6_Mueller_MS_TechHub_IMP_THIDVJSSG004_Celegans_Nulcei_S1_DSG_SEC8_500ng_FAIMS_001.raw P1_LGLAKSIHHAR P2_HIDFSLQSPYGGGRPGRVKR 5 19,Q20228,,,false,Q20228,,,false,173,120,DSG,70.38,false,true,false,false,1,1,Self,0.011,0.016,0.079,,,70.38,,,,,,,,,,,0,0,0.009,,0.009,0.008,,136
58,59,Scan: 21974 Run: 20230612_E3_RSLC6_Mueller_MS_TechHub_IMP_THIDVJSSG004_Celegans_Nulcei_S1_DSG_SEC8_500ng_FAIMS_001.raw P1_RMEGNVAPQQRAEKLR P2_ERAAKLLYQAQRHNDDIDNLSK 14 5,V6CIX7;O44565,;,;,false,O44565,,,false,20;1734,1727,DSG,65.78,false,true,false,false,1,1,Self,0.017,0.018,0.049,,,65.78,,,,,,,,,,,0.039,0,0.009,,0.014,0.012,,176
51,52,Scan: 53762 Run: 20230612_E3_RSLC6_Mueller_MS_TechHub_IMP_THIDVJSSG004_Celegans_Nulcei_S1_DSG_SEC85_500ng_FAIMS_001.raw P1_TIQETPFPSQSIAEALIKFAESRVAK P2_EKFLRVFMQQYK 18 2,P05690,,,false,P05690;P55155,;,;,false,442,490;492,DSG,63.35,false,true,false,false,1,1,Self,0.02,0.02,0.051,,,,,,,,,63.35,,,,,0,0,0,,0.016,0.015,,165
49,50,Scan: 33181 Run: 20230612_E3_RSLC6_Mueller_MS_TechHub_IMP_THIDVJSSG004_Celegans_Nulcei_S1_DSG_SEC85_500ng_FAIMS_001.raw P1_TAFEDAYKNK P2_NKLNAARERQEEAVSEAIHLR 8 2,Q21443,,,false,Q21443,,,false,284,282,DSG,61.86,false,true,false,false,1,1,Self,0.02,0.02,0.054,,,,,,,,,61.86,,,,,0,0,0,,0.016,0.015,,169
48,48,Scan: 48561 Run: 20230612_E3_RSLC6_Mueller_MS_TechHub_IMP_THIDVJSSG004_Celegans_Nulcei_S1_DSG_SEC85_500ng_FAIMS_001.raw P1_YYKNFLAR P2_NRIEDVVEDYEKQITDNVTIPAQFHR 3 12,Q17832,,,false,Q17832,,,false,855,796,DSG,60.49,false,true,false,false,1,1,Self,0.02,0.02,0.056,,,,,,,,,60.49,,,,,0,0,0,,0.016,0.015,,168
30,31;30,Scan: 11731 Run: 20230612_E3_RSLC6_Mueller_MS_TechHub_IMP_THIDVJSSG004_Celegans_Nulcei_S1_DSG_SEC8_500ng_FAIMS_001.raw P1_EEVTKRPNTVRHGVNTITR P2_ARAEARAAGKK 5 10;Scan: 12178 Run: 20230612_E3_RSLC6_Mueller_MS_TechHub_IMP_THIDVJSSG004_Celegans_Nulcei_S1_DSG_SEC8_500ng_FAIMS_001.raw P1_EEVTKRPNTVRHGVNTITR P2_AEARAAGKK 5 8,Q966C6,,,false,Q966C6,,,false,132,126,DSG,60.19,false,true,false,false,2,2,Self,0.02,0.02,0.056,,,43.25,,,,,,,,,,,0,0,0,,0.016,0.015,,164
46,46,Scan: 39575 Run: 20230612_E3_RSLC6_Mueller_MS_TechHub_IMP_THIDVJSSG004_Celegans_Nulcei_S1_DSG_SEC85_500ng_FAIMS_001.raw P1_VIRGEQEIVAQLQNEEIRVKVDGK P2_KIQSEDYSAYQIER 20 1,P05690,,,false,P05690;P55155,;,;,false,1388,1383;1385,DSG,58.66,false,true,false,false,1,1,Self,0.02,0.021,0.057,,,,,,,,,58.66,,,,,0,0,0,,0.016,0.015,,165
45,45,Scan: 14437 Run: 20230612_E3_RSLC6_Mueller_MS_TechHub_IMP_THIDVJSSG004_Celegans_Nulcei_S1_DSG_SEC8_500ng_FAIMS_001.raw P1_YRPESTEAKK P2_EEVTKRPNTVRHGVNTITR 9 5,Q966C6,,,false,Q966C6,,,false,111,132,DSG,58.46,false,true,false,false,1,1,Self,0.02,0.021,0.059,,,58.46,,,,,,,,,,,0,0,0,,0.016,0.015,,164
40,40,Scan: 36720 Run: 20230612_E3_RSLC6_Mueller_MS_TechHub_IMP_THIDVJSSG004_Celegans_Nulcei_S1_DSG_SEC8_500ng_FAIMS_001.raw P1_SAPARDKLDSFAVIK P2_KIEDHNTLVFIVDEKANK 7 15,Q20647,,,false,Q20647,,,false,93,60,DSG,55.7,false,true,false,false,1,1,Self,0.02,0.021,0.061,,,55.7,,,,,,,,,,,0,0,0.009,,0.016,0.015,,159
37,37,Scan: 20375 Run: 20230612_E3_RSLC6_Mueller_MS_TechHub_IMP_THIDVJSSG004_Celegans_Nulcei_S1_DSG_SEC85_500ng_FAIMS_001.raw P1_STAQKTGK P2_NIFASGKTEYTVSEQRKK 5 7,P47991,,,false,P47991,,,false,163,153,DSG,50.27,false,true,false,false,1,1,Self,0.02,0.022,0.094,,,,,,,,,50.27,,,,,0,0,0,,0.016,0.015,,156
36,36,Scan: 21270 Run: 20230612_E3_RSLC6_Mueller_MS_TechHub_IMP_THIDVJSSG004_Celegans_Nulcei_S1_DSG_SEC85_500ng_FAIMS_001.raw P1_SVRGEVSTKTTFQR P2_DGEERATHTQKTIQSGQ 9 11,Q19289,,,false,Q19289,,,false,467,583,DSG,50.08,false,true,false,false,1,1,Self,0.02,0.022,0.094,,,,,,,,,50.08,,,,,0,0,0.009,,0.016,0.015,,155
35,35,Scan: 35898 Run: 20230612_E3_RSLC6_Mueller_MS_TechHub_IMP_THIDVJSSG004_Celegans_Nulcei_S1_DSG_SEC8_500ng_FAIMS_001.raw P1_VFLENVIRDAVTYCEHAKRK P2_GGKGLGK 18 3,P62784,,,false,P62784,,,false,78,9,DSG,49.7,false,true,false,false,1,1,Self,0.02,0.022,0.125,,,49.7,,,,,,,,,,,0,0,0.009,,0.016,0.015,,154
34,34,Scan: 31421 Run: 20230612_E3_RSLC6_Mueller_MS_TechHub_IMP_THIDVJSSG004_Celegans_Nulcei_S1_DSG_SEC85_500ng_FAIMS_001.raw P1_SIQKEQGYK P2_EFELEQENTESRREYFTKMVK 4 18,P55155,,,false,P55155,,,false,1074,1067,DSG,48.49,false,true,false,false,1,1,Self,0.02,0.022,0.161,,,,,,,,,48.49,,,,,0,0,0.009,,0.016,0.015,,153
32,32,Scan: 33821 Run: 20230612_E3_RSLC6_Mueller_MS_TechHub_IMP_THIDVJSSG004_Celegans_Nulcei_S1_DSG_SEC85_500ng_FAIMS_001.raw P1_SDGKVVSEIEK P2_FGGRDILILAKRR 4 11,Q23312,,,false,Q23312,,,false,14,96,DSG,45.64,false,true,false,false,1,1,Self,0.02,0.023,0.192,,,,,,,,,45.64,,,,,0,0,0,,0.016,0.015,,151
22,22,Scan: 19886 Run: 20230612_E3_RSLC6_Mueller_MS_TechHub_IMP_THIDVJSSG004_Celegans_Nulcei_S1_DSG_SEC85_500ng_FAIMS_001.raw P1_KTQYFKR P2_AEKYVQEYRNAQK 6 3,O01802,,,false,O01802,,,false,52,48,DSG,34.3,false,true,false,false,1,1,Self,0.024,0.026,0.5,,,,,,,,,34.3,,,,,0,0,0,,0.02,0.018,,146
21,21,Scan: 38706 Run: 20230612_E3_RSLC6_Mueller_MS_TechHub_IMP_THIDVJSSG004_Celegans_Nulcei_S1_DSG_SEC85_500ng_FAIMS_001.raw P1_IPNWFLNRQKDIK P2_DGKTGQLLSTAVDNK 10 3,O18240,,,false,O18240,,,false,94,88,DSG,32.63,false,true,false,false,1,1,Self,0.024,0.028,0.562,,,,,,,,,32.63,,,,,0,0,0.009,,0.02,0.018,,145
17,17,Scan: 24893 Run: 20230612_E3_RSLC6_Mueller_MS_TechHub_IMP_THIDVJSSG004_Celegans_Nulcei_S1_DSG_SEC9_1ug_FAIMS_001.raw P1_VGEKQNVALIK P2_RKPQWESK 4 2,P34559,,,false,P34559,,,false,42,282,DSG,28.56,false,true,false,false,1,1,Self,0.039,0.039,0.818,,,,28.56,,,,,,,,,,0,0,0,,0.032,0.029,,141
12,12,Scan: 24185 Run: 20230612_E3_RSLC6_Mueller_MS_TechHub_IMP_THIDVJSSG004_Celegans_Nulcei_S1_DSG_SEC85_500ng_FAIMS_001.raw P1_TLRKGDGAGGDDEE P2_HIDFSLQSPYGGGRPGRVKRR 4 19,Q20228,,,false,Q20228,,,false,173,179,DSG,25.53,false,true,false,false,1,1,Self,0.043,0.048,0.909,,,,,,,,,25.53,,,,,0,0,0.009,,0.035,0.032,,136
0,0,Scan: 35368 Run: 20230612_E3_RSLC6_Mueller_MS_TechHub_IMP_THIDVJSSG004_Celegans_Nulcei_S1_DSG_SEC85_500ng_FAIMS_001.raw P1_SCKAR P2_NAESNAEYKGLDVDHLVIEHINVQR 3 9,Q9BL19,,,false,Q9BL19,,,false,107,18,DSG,8.02,false,true,false,false,1,1,Self,0.066,0.066,1,,,,,,,,,8.02,,,,,0,0,0,,0.054,0.05,,124
