ScanNum,Score,Peptide#1,LinkSite#1,Protein#1,Score#1,Peptide#2,LinkSite#2,Protein#2,Score#2,qValue
11204,13.5255,K.AGNVAADGVLK.T,6,sg|P0A6P1|EFTS_ECOLI,2.16056,K.AGNVAADGVLK.T,6,sg|P0A6P1|EFTS_ECOLI,2.16056,0.0
9016,12.8271,R.TGAGMMDCK.K,6,sg|P0A6P1|EFTS_ECOLI,2.18796,R.TGAGMMDCK.K,6,sg|P0A6P1|EFTS_ECOLI,2.18796,0.0
9154,11.2231,R.AAALAAADAR.I,7,sg|P0A9Q7|ADHE_ECOLI,2.30183,R.AAALAAADAR.I,7,sg|P0A9Q7|ADHE_ECOLI,2.30183,0.0
8968,10.4839,R.TGAGMMDCK.K,6,sg|P0A6P1|EFTS_ECOLI,2.40485,R.TGAGMMDCK.K,6,sg|P0A6P1|EFTS_ECOLI,2.40485,0.0
4382,10.4394,R.TGDTLSGK.I,2,sg|P0AG30|RHO_ECOLI,1.91255,R.TGDTLSGK.I,2,sg|P0AG30|RHO_ECOLI,1.91255,0.0
4550,9.88428,R.TGDTLSGK.I,2,sg|P0AG30|RHO_ECOLI,2.07769,R.TGDTLSGK.I,2,sg|P0AG30|RHO_ECOLI,2.07769,0.0
15332,9.54954,R.AVTDKPSLLMCK.T,3,sg|P27302|TKT1_ECOLI,2.20882,R.AVTDKPSLLMCK.T,3,sg|P27302|TKT1_ECOLI,2.20882,0.0
8909,8.74722,R.AAALAAADAR.I,7,sg|P0A9Q7|ADHE_ECOLI,2.34467,R.AAALAAADAR.I,7,sg|P0A9Q7|ADHE_ECOLI,2.34467,0.0
15026,6.59958,R.ALSMDAVQK.A,4,sg|P27302|TKT1_ECOLI,1.66645,R.AVTDKPSLLMCK.T,3,sg|P27302|TKT1_ECOLI,2.00161,0.0
8985,5.3758,R.TGAGMMDCK.K,6,sg|P0A6P1|EFTS_ECOLI,1.04705,R.TGAGMMDCK.K,6,sg|P0A6P1|EFTS_ECOLI,1.04705,0.0
6284,4.14091,R.TGAGMMDCK.K,6,sg|P0A6P1|EFTS_ECOLI,1.41746,R.TGAGMMDCK.K,6,sg|P0A6P1|EFTS_ECOLI,0.837154,0.0
17095,4.04329,K.AVQDVLLK.N,3,sg|P0A9Q7|ADHE_ECOLI,1.94129,K.AVQDVLLK.N,3,sg|P0A9Q7|ADHE_ECOLI,1.94129,0.0
6584,4.02365,R.TGAGMMDCK.K,6,sg|P0A6P1|EFTS_ECOLI,1.32728,R.TGAGMMDCK.K,6,sg|P0A6P1|EFTS_ECOLI,0.759251,0.0
16020,3.82569,R.FTSWMGGDR.D,7,sg|P00864|CAPP_ECOLI,0.190412,R.YLGLGDYESWSEADK.Q,13,sg|P00864|CAPP_ECOLI,0.850675,0.0
4018,3.70283,R.TGDTLSGK.I,2,sg|P0AG30|RHO_ECOLI,0.848672,R.TGDTLSGK.I,2,sg|P0AG30|RHO_ECOLI,0.848672,0.0
4402,3.66362,R.TGDTLSGK.I,2,sg|P0AG30|RHO_ECOLI,1.12844,R.TGDTLSGK.I,2,sg|P0AG30|RHO_ECOLI,1.12844,0.0
22690,3.65772,K.ATDLFLK.D,2,sg|P00864|CAPP_ECOLI,1.23262,K.ATDLFLK.D,2,sg|P00864|CAPP_ECOLI,1.23262,0.0
11060,3.59068,K.VLDAAVAGK.I,2,sg|P0A6P1|EFTS_ECOLI,1.67493,K.VLDAAVAGK.I,2,sg|P0A6P1|EFTS_ECOLI,1.67493,0.0
15105,3.51608,R.ALLVTDR.F,5,sg|P0A9Q7|ADHE_ECOLI,1.56872,R.ALLVTDR.F,5,sg|P0A9Q7|ADHE_ECOLI,1.56872,0.0
22654,3.42167,K.ATDLFLK.D,2,sg|P00864|CAPP_ECOLI,1.21574,K.ATDLFLK.D,2,sg|P00864|CAPP_ECOLI,1.21574,0.0
4229,3.324,R.TGDTLSGK.I,2,sg|P0AG30|RHO_ECOLI,0.951363,R.TGDTLSGK.I,2,sg|P0AG30|RHO_ECOLI,0.951363,0.0
4990,3.28769,R.TGDTLSGK.I,2,sg|P0AG30|RHO_ECOLI,0.962936,R.TGDTLSGK.I,2,sg|P0AG30|RHO_ECOLI,0.962936,0.0
9992,3.23701,K.VLDAAVAGK.I,2,sg|P0A6P1|EFTS_ECOLI,1.78191,R.TGAGMMDCK.K,6,sg|P0A6P1|EFTS_ECOLI,1.82384,0.0
14846,3.21295,R.ALSMDAVQK.A,4,sg|P27302|TKT1_ECOLI,1.81409,R.ALSMDAVQK.A,4,sg|P27302|TKT1_ECOLI,1.81409,0.0
10105,3.19566,R.TGAGMMDCK.K,6,sg|P0A6P1|EFTS_ECOLI,1.64876,K.AGNVAADGVLK.T,6,sg|P0A6P1|EFTS_ECOLI,2.05898,0.0
15251,3.05245,K.LTLSTQPADAR.W,8,sg|P37095|PEPB_ECOLI,1.1079,K.LTLSTQPADAR.W,8,sg|P37095|PEPB_ECOLI,1.1079,0.0
13096,3.01738,K.AVQDVLLK.N,3,sg|P0A9Q7|ADHE_ECOLI,0.374501,R.AAALAAADAR.I,7,sg|P0A9Q7|ADHE_ECOLI,1.35529,0.0
9380,2.98897,R.AAALAAADAR.I,7,sg|P0A9Q7|ADHE_ECOLI,1.78461,R.AAALAAADAR.I,7,sg|P0A9Q7|ADHE_ECOLI,1.78461,0.0
4730,2.98351,R.TGDTLSGK.I,2,sg|P0AG30|RHO_ECOLI,1.41808,R.TGDTLSGK.I,2,sg|P0AG30|RHO_ECOLI,1.41808,0.0
15130,2.96531,R.ALLVTDR.F,5,sg|P0A9Q7|ADHE_ECOLI,0.873053,R.ALLVTDR.F,5,sg|P0A9Q7|ADHE_ECOLI,0.873053,0.0
11144,2.96103,K.VLDAAVAGK.I,2,sg|P0A6P1|EFTS_ECOLI,1.20072,K.AGNVAADGVLK.T,6,sg|P0A6P1|EFTS_ECOLI,1.51891,0.0
17099,2.91175,K.AVQDVLLK.N,3,sg|P0A9Q7|ADHE_ECOLI,0.818583,K.AVQDVLLK.N,3,sg|P0A9Q7|ADHE_ECOLI,0.818583,0.0
16330,2.77799,R.ALLVTDR.F,5,sg|P0A9Q7|ADHE_ECOLI,1.15534,K.AVQDVLLK.N,3,sg|P0A9Q7|ADHE_ECOLI,1.04119,0.0
9101,2.69401,R.AAALAAADAR.I,7,sg|P0A9Q7|ADHE_ECOLI,1.75034,R.AAALAAADAR.I,7,sg|P0A9Q7|ADHE_ECOLI,1.75034,0.0
8486,2.37362,R.AGNDANR.Q,3,sg|P00864|CAPP_ECOLI,1.23092,K.ATDLFLK.D,2,sg|P00864|CAPP_ECOLI,1.33556,0.0
7393,2.17656,K.VLDAAVAGK.I,2,sg|P0A6P1|EFTS_ECOLI,1.2294,R.TGAGMMDCK.K,6,sg|P0A6P1|EFTS_ECOLI,1.00878,0.02564102564102564
8457,2.16131,R.AGNDANR.Q,3,sg|P00864|CAPP_ECOLI,1.22849,K.ATDLFLK.D,2,sg|P00864|CAPP_ECOLI,1.13898,0.02564102564102564
12108,2.01507,R.ALLVTDR.F,5,sg|P0A9Q7|ADHE_ECOLI,0.348704,R.AAALAAADAR.I,7,sg|P0A9Q7|ADHE_ECOLI,0.870002,0.02564102564102564
45856,1.9016,R.DGDKSR.F,0,sg|P0A6P9|ENO_ECOLI,0.418529,R.DGDKSR.F,0,sg|P0A6P9|ENO_ECOLI,0.418529,0.02564102564102564
11173,1.85954,K.VLDAAVAGK.I,2,sg|P0A6P1|EFTS_ECOLI,1.21843,K.AGNVAADGVLK.T,6,sg|P0A6P1|EFTS_ECOLI,0.669662,0.06976744186046512
15265,1.69838,K.LTLSTQPADAR.W,8,sg|P37095|PEPB_ECOLI,0.760656,K.LTLSTQPADAR.W,8,sg|P37095|PEPB_ECOLI,0.760656,0.06976744186046512
14843,1.6281,R.ALSMDAVQK.A,4,sg|P27302|TKT1_ECOLI,1.0386,R.ALSMDAVQK.A,4,sg|P27302|TKT1_ECOLI,1.0386,0.06976744186046512
9217,1.62232,R.ALADFK.S,3,sg|P25888|RHLE_ECOLI,0.708152,R.ALADFK.S,3,sg|P25888|RHLE_ECOLI,0.708152,0.06976744186046512
5322,1.61204,R.TGDTLSGK.I,2,sg|P0AG30|RHO_ECOLI,0.645886,R.TGDTLSGK.I,2,sg|P0AG30|RHO_ECOLI,0.645886,0.08888888888888889
11816,1.59375,R.ALLVTDR.F,5,sg|P0A9Q7|ADHE_ECOLI,0.475739,R.AAALAAADAR.I,7,sg|P0A9Q7|ADHE_ECOLI,1.36621,0.08888888888888889
16341,1.46014,R.ALLVTDR.F,5,sg|P0A9Q7|ADHE_ECOLI,0.59698,K.AVQDVLLK.N,3,sg|P0A9Q7|ADHE_ECOLI,0.944066,0.1
10000,1.45397,K.VLDAAVAGK.I,2,sg|P0A6P1|EFTS_ECOLI,0.929038,R.TGAGMMDCK.K,6,sg|P0A6P1|EFTS_ECOLI,0.568919,0.1
12075,1.37341,K.RKLDVK.I,3,sg|P06959|ODP2_ECOLI,0.498931,K.RKLDVK.I,3,sg|P06959|ODP2_ECOLI,0.498931,0.1
19440,1.36537,K.DAGADR.I,4,sg|P00968|CARB_ECOLI,0.540493,K.DAGADR.I,4,sg|P00968|CARB_ECOLI,0.540493,0.1
56342,1.3014,K.LPRDR.W,3,sg|P0A8V2|RPOB_ECOLI,0.235372,K.KLLDLR.N,3,sg|P0A8V2|RPOB_ECOLI,0.410141,0.1
22487,1.21601,R.KDTSGK.L,1,sg|P0AFG8|ODP1_ECOLI,0.814217,K.MNMDGVR.H,3,sg|P0AFG8|ODP1_ECOLI,0.605209,0.1320754716981132
33108,1.17417,R.QDVLGDLMSR.N,5,sg|P0A850|TIG_ECOLI,0.370833,R.QDVLGDLMSR.N,5,sg|P0A850|TIG_ECOLI,0.370833,0.1320754716981132
56070,1.14895,K.LPRDR.W,3,sg|P0A8V2|RPOB_ECOLI,0.188479,K.KLLDLR.N,3,sg|P0A8V2|RPOB_ECOLI,0.359595,0.1320754716981132
32375,1.09745,R.NDVSDSEK.K,4,sg|P0ABT2|DPS_ECOLI,0.507256,R.NDVSDSEK.K,4,sg|P0ABT2|DPS_ECOLI,0.507256,0.16363636363636364
45614,1.0505,K.LPRDR.W,3,sg|P0A8V2|RPOB_ECOLI,0.354047,K.KLLDLR.N,3,sg|P0A8V2|RPOB_ECOLI,0.271123,0.16363636363636364
22590,1.01336,R.KRGDK.S,3,sg|P02359|RS7_ECOLI,0.579109,R.KRGDK.S,3,sg|P02359|RS7_ECOLI,0.579109,0.17543859649122806
47032,0.999737,K.LPRDR.W,3,sg|P0A8V2|RPOB_ECOLI,0.346699,K.KLLDLR.N,3,sg|P0A8V2|RPOB_ECOLI,0.486709,0.17543859649122806
27940,0.958214,R.EGQLDDK.E,4,sg|P0A6H5|HSLU_ECOLI,0.766936,R.EGQLDDK.E,4,sg|P0A6H5|HSLU_ECOLI,0.766936,0.18333333333333332
31804,0.950811,K.LPRDR.W,3,sg|P0A8V2|RPOB_ECOLI,0.433447,K.KLLDLR.N,3,sg|P0A8V2|RPOB_ECOLI,0.677811,0.18333333333333332
31845,0.945924,K.VMHGDR.I,4,sg|P30850|RNB_ECOLI,0.390401,K.KVMHGDR.I,5,sg|P30850|RNB_ECOLI,0.522388,0.18333333333333332
35969,0.91159,K.LPRDR.W,3,sg|P0A8V2|RPOB_ECOLI,0.427626,K.KLLDLR.N,3,sg|P0A8V2|RPOB_ECOLI,0.592552,0.22972972972972974
33113,0.886846,K.LPRDR.W,3,sg|P0A8V2|RPOB_ECOLI,0.441802,K.KLLDLR.N,3,sg|P0A8V2|RPOB_ECOLI,0.587892,0.22972972972972974
46217,0.862114,K.LPRDR.W,3,sg|P0A8V2|RPOB_ECOLI,0.4091,K.KLLDLR.N,3,sg|P0A8V2|RPOB_ECOLI,0.388918,0.22972972972972974
45328,0.862065,K.LPRDR.W,3,sg|P0A8V2|RPOB_ECOLI,0.249589,K.KLLDLR.N,3,sg|P0A8V2|RPOB_ECOLI,0.207775,0.22972972972972974
38573,0.83148,K.DSMSMK.T,0,sg|P15254|PUR4_ECOLI,0.333623,K.DSMSMK.T,0,sg|P15254|PUR4_ECOLI,0.333623,0.22972972972972974
34334,0.828187,K.GYDPVK.W,2,sg|P00490|PHSM_ECOLI,0.413599,K.GYDPVK.W,2,sg|P00490|PHSM_ECOLI,0.413599,0.22972972972972974
32571,0.826427,K.LPRDR.W,3,sg|P0A8V2|RPOB_ECOLI,0.435773,K.KLLDLR.N,3,sg|P0A8V2|RPOB_ECOLI,0.626695,0.22972972972972974
34637,0.824092,K.GYDPVK.W,2,sg|P00490|PHSM_ECOLI,0.633507,K.GYDPVK.W,2,sg|P00490|PHSM_ECOLI,0.633507,0.22972972972972974
49263,0.822974,K.LPRDR.W,3,sg|P0A8V2|RPOB_ECOLI,0.392176,K.KLLDLR.N,3,sg|P0A8V2|RPOB_ECOLI,0.46355,0.22972972972972974
40607,0.807236,K.LPRDR.W,3,sg|P0A8V2|RPOB_ECOLI,0.378107,K.KLLDLR.N,3,sg|P0A8V2|RPOB_ECOLI,0.517643,0.22972972972972974
36235,0.806756,K.LPRDR.W,3,sg|P0A8V2|RPOB_ECOLI,0.350456,K.KLLDLR.N,3,sg|P0A8V2|RPOB_ECOLI,0.379671,0.22972972972972974
15938,0.80617,K.RSDLK.E,2,sg|P0A832|SSRP_ECOLI,0.304429,K.KQHDK.R,3,sg|P0A832|SSRP_ECOLI,0.571282,0.22972972972972974
39042,0.804949,K.LPRDR.W,3,sg|P0A8V2|RPOB_ECOLI,0.434873,K.KLLDLR.N,3,sg|P0A8V2|RPOB_ECOLI,0.532078,0.22972972972972974
36966,0.797018,R.DSSPSR.Q,0,sg|P0AG59|RS14_ECOLI,0.525202,R.DSSPSR.Q,0,sg|P0AG59|RS14_ECOLI,0.525202,0.22972972972972974
12995,0.786622,K.KDHHSR.R,1,sg|P0ADZ4|RS15_ECOLI,0.758127,K.KDHHSR.R,1,sg|P0ADZ4|RS15_ECOLI,0.758127,0.25333333333333335
46473,0.771723,R.DGDKSR.F,0,sg|P0A6P9|ENO_ECOLI,0.591686,R.DGDKSR.F,0,sg|P0A6P9|ENO_ECOLI,0.591686,0.26136363636363635
46490,0.760345,K.LPRDR.W,3,sg|P0A8V2|RPOB_ECOLI,0.400509,K.KLLDLR.N,3,sg|P0A8V2|RPOB_ECOLI,0.557743,0.26136363636363635
32858,0.760073,K.LPRDR.W,3,sg|P0A8V2|RPOB_ECOLI,0.433718,K.KLLDLR.N,3,sg|P0A8V2|RPOB_ECOLI,0.608259,0.26136363636363635
49002,0.734392,K.LPRDR.W,3,sg|P0A8V2|RPOB_ECOLI,0.296485,K.KLLDLR.N,3,sg|P0A8V2|RPOB_ECOLI,0.479139,0.26136363636363635
36758,0.728789,K.LPRDR.W,3,sg|P0A8V2|RPOB_ECOLI,0.413954,K.KLLDLR.N,3,sg|P0A8V2|RPOB_ECOLI,0.533756,0.26136363636363635
16177,0.725855,R.GGHDPK.K,3,sg|P0AFG8|ODP1_ECOLI,0.655282,R.KDTSGK.L,1,sg|P0AFG8|ODP1_ECOLI,0.436559,0.26136363636363635
37286,0.725585,K.LPRDR.W,3,sg|P0A8V2|RPOB_ECOLI,0.440427,K.KLLDLR.N,3,sg|P0A8V2|RPOB_ECOLI,0.498547,0.26136363636363635
37777,0.723099,K.LPRDR.W,3,sg|P0A8V2|RPOB_ECOLI,0.450409,K.KLLDLR.N,3,sg|P0A8V2|RPOB_ECOLI,0.478026,0.26136363636363635
40373,0.718197,R.VTDHR.I,2,sg|P0A7I0|RF1_ECOLI,0.214889,R.SDRNR.T,1,sg|P0A7I0|RF1_ECOLI,0.384717,0.26136363636363635
38031,0.708364,K.LPRDR.W,3,sg|P0A8V2|RPOB_ECOLI,0.533383,K.KLLDLR.N,3,sg|P0A8V2|RPOB_ECOLI,0.634103,0.26136363636363635
41423,0.702258,K.LPRDR.W,3,sg|P0A8V2|RPOB_ECOLI,0.404974,K.KLLDLR.N,3,sg|P0A8V2|RPOB_ECOLI,0.52703,0.26136363636363635
39591,0.695841,K.LPRDR.W,3,sg|P0A8V2|RPOB_ECOLI,0.481436,K.KLLDLR.N,3,sg|P0A8V2|RPOB_ECOLI,0.699781,0.26136363636363635
30715,0.689716,R.KPGMDR.S,4,sg|P61889|MDH_ECOLI,0.50092,K.KAGVYDK.N,5,sg|P61889|MDH_ECOLI,0.568318,0.26136363636363635
32309,0.682982,K.LPRDR.W,3,sg|P0A8V2|RPOB_ECOLI,0.450141,K.KLLDLR.N,3,sg|P0A8V2|RPOB_ECOLI,0.643546,0.26666666666666666
41128,0.678696,K.LPRDR.W,3,sg|P0A8V2|RPOB_ECOLI,0.367162,K.KLLDLR.N,3,sg|P0A8V2|RPOB_ECOLI,0.354968,0.26666666666666666
15815,0.653299,K.KDHHSR.R,1,sg|P0ADZ4|RS15_ECOLI,0.624148,K.KDHHSR.R,1,sg|P0ADZ4|RS15_ECOLI,0.624148,0.29347826086956524
30231,0.650243,K.DVSFDR.S,4,sg|P0C018|RL18_ECOLI,0.690068,K.DVSFDR.S,4,sg|P0C018|RL18_ECOLI,0.690068,0.29347826086956524
25393,0.616707,R.WDTLDDDR.A,4,sg|P05791|ILVD_ECOLI,0.540121,R.WDTLDDDR.A,4,sg|P05791|ILVD_ECOLI,0.540121,0.3119266055045872
49788,0.613757,K.AAARDPGSR.A,4,sg|P0AFF6|NUSA_ECOLI,0.593595,K.AAARDPGSR.A,4,sg|P0AFF6|NUSA_ECOLI,0.593595,0.3119266055045872
44796,0.608187,K.LPRDR.W,3,sg|P0A8V2|RPOB_ECOLI,0.451634,K.KLLDLR.N,3,sg|P0A8V2|RPOB_ECOLI,0.410327,0.3119266055045872
54430,0.604676,K.LPRDR.W,3,sg|P0A8V2|RPOB_ECOLI,0.350778,K.KLLDLR.N,3,sg|P0A8V2|RPOB_ECOLI,0.511402,0.3119266055045872
32930,0.601665,R.FTDTK.G,2,sg|P0A9C5|GLNA_ECOLI,0.420155,K.NGVNLFAGDK.Y,8,sg|P0A9C5|GLNA_ECOLI,0.755559,0.3119266055045872
44396,0.601615,K.LPRDR.W,3,sg|P0A8V2|RPOB_ECOLI,0.33338,K.KLLDLR.N,3,sg|P0A8V2|RPOB_ECOLI,0.397009,0.3119266055045872
24900,0.59226,R.KRGDK.S,3,sg|P02359|RS7_ECOLI,0.592296,R.KRGDK.S,3,sg|P02359|RS7_ECOLI,0.592296,0.3119266055045872
23471,0.590192,R.KRGDK.S,3,sg|P02359|RS7_ECOLI,0.634534,R.KRGDK.S,3,sg|P02359|RS7_ECOLI,0.634534,0.3119266055045872
35727,0.589389,K.LPRDR.W,3,sg|P0A8V2|RPOB_ECOLI,0.426042,K.KLLDLR.N,3,sg|P0A8V2|RPOB_ECOLI,0.430906,0.3119266055045872
42049,0.585544,K.KQHDK.R,3,sg|P0A832|SSRP_ECOLI,0.40143,K.KQHDK.R,3,sg|P0A832|SSRP_ECOLI,0.40143,0.3119266055045872
3700,0.575938,K.SRADGGR.R,3,sg|P0AGJ5|YFIF_ECOLI,0.487079,-.MNDEMKGK.S,2,sg|P0AGJ5|YFIF_ECOLI,0.444019,0.3119266055045872
16521,0.573031,K.DAGADR.I,4,sg|P00968|CARB_ECOLI,0.335754,K.FAGANDR.L,5,sg|P00968|CARB_ECOLI,0.389871,0.3119266055045872
47262,0.566312,K.LPRDR.W,3,sg|P0A8V2|RPOB_ECOLI,0.30946,K.KLLDLR.N,3,sg|P0A8V2|RPOB_ECOLI,0.407306,0.3119266055045872
50130,0.566303,R.AADSYR.R,2,sg|P00956|SYI_ECOLI,0.503067,R.AADSYRRLR.N,2,sg|P00956|SYI_ECOLI,0.627804,0.3119266055045872
37530,0.561998,K.LPRDR.W,3,sg|P0A8V2|RPOB_ECOLI,0.452679,K.KLLDLR.N,3,sg|P0A8V2|RPOB_ECOLI,0.52257,0.3119266055045872
26063,0.554204,K.SPFDSGGR.R,3,sg|P07012|RF2_ECOLI,0.434076,K.SPFDSGGR.R,3,sg|P07012|RF2_ECOLI,0.434076,0.3119266055045872
37732,0.551049,K.AAARDPGSR.A,4,sg|P0AFF6|NUSA_ECOLI,0.616854,K.AAARDPGSR.A,4,sg|P0AFF6|NUSA_ECOLI,0.616854,0.3119266055045872
30958,0.532986,K.LPRDR.W,3,sg|P0A8V2|RPOB_ECOLI,0.440752,K.KLLDLR.N,3,sg|P0A8V2|RPOB_ECOLI,0.647278,0.31896551724137934
24134,0.527775,R.KRGDK.S,3,sg|P02359|RS7_ECOLI,0.660431,R.KRGDK.S,3,sg|P02359|RS7_ECOLI,0.660431,0.31896551724137934
47152,0.519875,K.AAARDPGSR.A,4,sg|P0AFF6|NUSA_ECOLI,0.600852,K.AAARDPGSR.A,4,sg|P0AFF6|NUSA_ECOLI,0.600852,0.31896551724137934
20115,0.500645,R.KDTSGK.L,1,sg|P0AFG8|ODP1_ECOLI,0.883603,K.MNMDGVR.H,3,sg|P0AFG8|ODP1_ECOLI,0.416352,0.31896551724137934
44101,0.489705,K.ADSVAR.R,1,sg|P00956|SYI_ECOLI,0.61153,R.AADSYR.R,2,sg|P00956|SYI_ECOLI,0.427894,0.31896551724137934
29639,0.483005,R.KDLTK.I,1,sg|P0A805|RRF_ECOLI,0.409947,R.KDLTK.I,1,sg|P0A805|RRF_ECOLI,0.409947,0.31896551724137934
25268,0.481753,K.DGAVEAEDR.V,7,sg|P0A850|TIG_ECOLI,0.407036,R.QDVLGDLMSR.N,5,sg|P0A850|TIG_ECOLI,0.606826,0.31896551724137934
49525,0.474005,K.LPRDR.W,3,sg|P0A8V2|RPOB_ECOLI,0.272655,K.KLLDLR.N,3,sg|P0A8V2|RPOB_ECOLI,0.381888,0.3277310924369748
47387,0.461297,K.AAARDPGSR.A,4,sg|P0AFF6|NUSA_ECOLI,0.543183,K.AAARDPGSR.A,4,sg|P0AFF6|NUSA_ECOLI,0.543183,0.3277310924369748
24733,0.444204,R.KDTSGK.L,1,sg|P0AFG8|ODP1_ECOLI,0.772135,K.MNMDGVR.H,3,sg|P0AFG8|ODP1_ECOLI,0.56574,0.3277310924369748
39169,0.433299,K.KQHDK.R,3,sg|P0A832|SSRP_ECOLI,0.4009,K.KQHDK.R,3,sg|P0A832|SSRP_ECOLI,0.4009,0.3305785123966942
48834,0.432275,K.AAARDPGSR.A,4,sg|P0AFF6|NUSA_ECOLI,0.714056,K.AAARDPGSR.A,4,sg|P0AFF6|NUSA_ECOLI,0.714056,0.3305785123966942
49908,0.427413,K.LPRDR.W,3,sg|P0A8V2|RPOB_ECOLI,0.344603,K.KLLDLR.N,3,sg|P0A8V2|RPOB_ECOLI,0.393155,0.3442622950819672
19331,0.399053,R.KDAEVR.M,1,sg|P0A805|RRF_ECOLI,0.58397,R.RDANDK.V,4,sg|P0A805|RRF_ECOLI,0.514984,0.34959349593495936
6962,0.368776,R.KGFADAR.L,4,sg|P00968|CARB_ECOLI,0.7624,R.KGFADAR.L,4,sg|P00968|CARB_ECOLI,0.7624,0.373015873015873
49473,0.364142,K.GEQFDR.L,4,sg|P25665|METE_ECOLI,0.464515,K.GEQFDR.L,4,sg|P25665|METE_ECOLI,0.464515,0.373015873015873
39659,0.363341,R.DSSPSR.Q,0,sg|P0AG59|RS14_ECOLI,0.39473,R.DSSPSR.Q,0,sg|P0AG59|RS14_ECOLI,0.39473,0.373015873015873
4096,0.359284,R.DPNDLR.V,0,sg|P0AGJ5|YFIF_ECOLI,0.243517,-.MNDEMK.G,2,sg|P0AGJ5|YFIF_ECOLI,0.458789,0.375
34607,0.35831,R.TGAGMMDCK.K,6,sg|P0A6P1|EFTS_ECOLI,0.215912,R.TGAGMMDCKK.A,6,sg|P0A6P1|EFTS_ECOLI,0.211601,0.375
30685,0.345338,K.VLKFDR.E,4,sg|P0AG67|RS1_ECOLI,0.537009,K.VLKFDR.E,4,sg|P0AG67|RS1_ECOLI,0.537009,0.3805970149253731
39333,0.327135,K.LPRDR.W,3,sg|P0A8V2|RPOB_ECOLI,0.355543,K.KLLDLR.N,3,sg|P0A8V2|RPOB_ECOLI,0.398678,0.3805970149253731
41231,0.320663,K.KGEDVEK.L,3,sg|P0A7V3|RS3_ECOLI,0.437638,K.KGEDVEK.L,3,sg|P0A7V3|RS3_ECOLI,0.437638,0.3805970149253731
36719,0.317066,K.AAARDPGSR.A,4,sg|P0AFF6|NUSA_ECOLI,0.535546,K.AAARDPGSR.A,4,sg|P0AFF6|NUSA_ECOLI,0.535546,0.3805970149253731
44115,0.315319,K.GVMTDR.A,4,sg|P0A7W7|RS8_ECOLI,0.379499,K.GVMTDR.A,4,sg|P0A7W7|RS8_ECOLI,0.379499,0.3805970149253731
45540,0.303854,R.AADSYR.R,2,sg|P00956|SYI_ECOLI,0.485861,R.AADSYRRLR.N,2,sg|P00956|SYI_ECOLI,0.572551,0.3805970149253731
34535,0.276404,K.LPRDR.W,3,sg|P0A8V2|RPOB_ECOLI,0.585839,K.LNHLVDDKMHAR.S,6,sg|P0A8V2|RPOB_ECOLI,0.572973,0.40441176470588236
12541,0.261637,R.RDANDK.V,4,sg|P0A805|RRF_ECOLI,0.45845,R.RDANDK.V,4,sg|P0A805|RRF_ECOLI,0.45845,0.40441176470588236
46211,0.243174,K.AAARDPGSR.A,4,sg|P0AFF6|NUSA_ECOLI,0.528061,K.AAARDPGSR.A,4,sg|P0AFF6|NUSA_ECOLI,0.528061,0.43884892086330934
14823,0.243056,K.RSDLK.E,2,sg|P0A832|SSRP_ECOLI,0.26488,K.KQHDK.R,3,sg|P0A832|SSRP_ECOLI,0.506316,0.43884892086330934
26068,0.227965,K.GEDVEK.L,2,sg|P0A7V3|RS3_ECOLI,0.460841,K.GEDVEK.L,2,sg|P0A7V3|RS3_ECOLI,0.460841,0.43884892086330934
24301,0.194821,K.SPFDSGGR.R,3,sg|P07012|RF2_ECOLI,0.430131,K.SPFDSGGR.R,3,sg|P07012|RF2_ECOLI,0.430131,0.45
30579,0.181861,K.ADEER.V,1,sg|P0A850|TIG_ECOLI,0.170512,K.ADEER.V,1,sg|P0A850|TIG_ECOLI,0.170512,0.4591194968553459
27261,0.155295,R.EGQLDDK.E,4,sg|P0A6H5|HSLU_ECOLI,0.57699,R.GESSGPDVSR.E,6,sg|P0A6H5|HSLU_ECOLI,0.326715,0.4591194968553459
53812,0.153952,K.AAARDPGSR.A,4,sg|P0AFF6|NUSA_ECOLI,0.61076,K.AAARDPGSR.A,4,sg|P0AFF6|NUSA_ECOLI,0.61076,0.4591194968553459
32987,0.15346,R.GGHDPK.K,3,sg|P0AFG8|ODP1_ECOLI,0.320452,K.SLKDR.L,3,sg|P0AFG8|ODP1_ECOLI,0.317851,0.4591194968553459
38029,0.145095,K.KVMHGDR.I,5,sg|P30850|RNB_ECOLI,0.837221,K.KVMHGDR.I,5,sg|P30850|RNB_ECOLI,0.837221,0.4591194968553459
56054,0.143218,K.AAARDPGSR.A,4,sg|P0AFF6|NUSA_ECOLI,0.522422,K.AAARDPGSR.A,4,sg|P0AFF6|NUSA_ECOLI,0.522422,0.4591194968553459
39404,0.137399,K.GYDPVK.W,2,sg|P00490|PHSM_ECOLI,0.465091,K.GYDPVK.W,2,sg|P00490|PHSM_ECOLI,0.465091,0.4591194968553459
6586,0.132519,K.DSMSMK.T,0,sg|P15254|PUR4_ECOLI,0.191542,K.DSMSMK.T,0,sg|P15254|PUR4_ECOLI,0.191542,0.4591194968553459
15445,0.114063,R.LDLDR.I,3,sg|P0A7T3|RS16_ECOLI,0.600119,R.LDLDR.I,3,sg|P0A7T3|RS16_ECOLI,0.600119,0.4591194968553459
55435,0.112284,K.AAARDPGSR.A,4,sg|P0AFF6|NUSA_ECOLI,0.538375,K.AAARDPGSR.A,4,sg|P0AFF6|NUSA_ECOLI,0.538375,0.4591194968553459
51181,0.103177,K.AAARDPGSR.A,4,sg|P0AFF6|NUSA_ECOLI,0.557122,K.AAARDPGSR.A,4,sg|P0AFF6|NUSA_ECOLI,0.557122,0.4591194968553459
49551,0.0948621,K.AAARDPGSR.A,4,sg|P0AFF6|NUSA_ECOLI,0.485545,K.AAARDPGSR.A,4,sg|P0AFF6|NUSA_ECOLI,0.485545,0.4591194968553459
55815,0.0934187,R.DGDKSR.F,0,sg|P0A6P9|ENO_ECOLI,0.439241,R.DGDKSR.F,0,sg|P0A6P9|ENO_ECOLI,0.439241,0.4591194968553459
20378,0.0921633,R.KDTSGK.L,1,sg|P0AFG8|ODP1_ECOLI,0.61554,K.MNMDGVR.H,3,sg|P0AFG8|ODP1_ECOLI,0.355745,0.4591194968553459
14146,0.0881696,R.SDDDSDK.R,2,sg|P0AGJ5|YFIF_ECOLI,0.193771,R.DDKQSQPR.D,1,sg|P0AGJ5|YFIF_ECOLI,0.332684,0.4591194968553459
34493,0.0789379,K.AAARDPGSR.A,4,sg|P0AFF6|NUSA_ECOLI,0.606411,K.AAARDPGSR.A,4,sg|P0AFF6|NUSA_ECOLI,0.606411,0.4591194968553459
11100,0.0773423,K.DHHSR.R,0,sg|P0ADZ4|RS15_ECOLI,0.211479,K.RKDVAR.Y,2,sg|P0ADZ4|RS15_ECOLI,0.89361,0.4591194968553459
5802,0.0743155,R.KDAEVR.M,1,sg|P0A805|RRF_ECOLI,0.616038,R.RDANDK.V,4,sg|P0A805|RRF_ECOLI,0.29885,0.4591194968553459
9356,0.0730837,R.GGHDPK.K,3,sg|P0AFG8|ODP1_ECOLI,0.251343,R.KDTSGK.L,1,sg|P0AFG8|ODP1_ECOLI,0.525053,0.4591194968553459
11163,0.0679473,K.DLMDAGK.L,3,sg|P69441|KAD_ECOLI,0.467932,K.DLMDAGK.L,3,sg|P69441|KAD_ECOLI,0.470704,0.4624277456647399
45733,0.0666131,R.KPGMDR.S,4,sg|P61889|MDH_ECOLI,0.417346,K.KAGVYDK.N,5,sg|P61889|MDH_ECOLI,0.410417,0.4624277456647399
36098,0.0634132,K.AAARDPGSR.A,4,sg|P0AFF6|NUSA_ECOLI,0.622079,K.AAARDPGSR.A,4,sg|P0AFF6|NUSA_ECOLI,0.622079,0.4624277456647399
45321,0.0586238,K.AAARDPGSR.A,4,sg|P0AFF6|NUSA_ECOLI,0.717112,K.AAARDPGSR.A,4,sg|P0AFF6|NUSA_ECOLI,0.717112,0.4624277456647399
44530,0.0585743,K.AAARDPGSR.A,4,sg|P0AFF6|NUSA_ECOLI,0.54225,K.AAARDPGSR.A,4,sg|P0AFF6|NUSA_ECOLI,0.54225,0.4624277456647399
22104,0.0559026,R.KRGDK.S,3,sg|P02359|RS7_ECOLI,0.689854,R.KRGDK.S,3,sg|P02359|RS7_ECOLI,0.689854,0.4624277456647399
18768,0.0506184,R.KDTSGK.L,1,sg|P0AFG8|ODP1_ECOLI,0.723262,K.MNMDGVR.H,3,sg|P0AFG8|ODP1_ECOLI,0.382223,0.4624277456647399
21247,0.0492151,K.NYDPR.A,2,sg|P0ABH7|CISY_ECOLI,0.345879,K.DKNDSFR.L,3,sg|P0ABH7|CISY_ECOLI,0.354772,0.4624277456647399
40971,0.0403155,K.AAARDPGSR.A,4,sg|P0AFF6|NUSA_ECOLI,0.546776,K.AAARDPGSR.A,4,sg|P0AFF6|NUSA_ECOLI,0.546776,0.4624277456647399
25314,0.0313769,K.SPFDSGGR.R,3,sg|P07012|RF2_ECOLI,0.40863,K.SPFDSGGR.R,3,sg|P07012|RF2_ECOLI,0.40863,0.4624277456647399
48486,0.0195627,K.GEQFDR.L,4,sg|P25665|METE_ECOLI,0.455814,K.GNLDANNYR.T,3,sg|P25665|METE_ECOLI,0.641517,0.4624277456647399
31152,0.0156106,K.KDHHSR.R,1,sg|P0ADZ4|RS15_ECOLI,0.450017,K.KDHHSR.R,1,sg|P0ADZ4|RS15_ECOLI,0.450017,0.4624277456647399
26484,0.0148497,R.DNPEMER.R,0,sg|P15254|PUR4_ECOLI,0.149667,R.AGFDALDVHMSDLLTGR.T,11,sg|P15254|PUR4_ECOLI,0.857582,0.4624277456647399
36981,0.0073326,K.AAARDPGSR.A,4,sg|P0AFF6|NUSA_ECOLI,0.640559,K.AAARDPGSR.A,4,sg|P0AFF6|NUSA_ECOLI,0.640559,0.4624277456647399
47628,0.00186228,R.KDTSGK.L,1,sg|P0AFG8|ODP1_ECOLI,0.52671,K.MNMDGVR.H,3,sg|P0AFG8|ODP1_ECOLI,0.466666,0.47701149425287354
34760,0.00076795,K.AAARDPGSR.A,4,sg|P0AFF6|NUSA_ECOLI,0.567381,K.AAARDPGSR.A,4,sg|P0AFF6|NUSA_ECOLI,0.567381,0.48
18541,-0.00356922,R.KDTSGK.L,1,sg|P0AFG8|ODP1_ECOLI,0.668934,K.MNMDGVR.H,3,sg|P0AFG8|ODP1_ECOLI,0.417646,0.48295454545454547
49381,-0.010786,R.AADSYR.R,2,sg|P00956|SYI_ECOLI,0.30214,R.AADSYRRLR.N,2,sg|P00956|SYI_ECOLI,0.407695,0.4887640449438202
39296,-0.0112239,R.DTGAAAEPR.A,0,sg|P0A705|IF2_ECOLI,0.466359,R.DTGAAAEPR.A,0,sg|P0A705|IF2_ECOLI,0.466359,0.4887640449438202
26438,-0.0220544,R.EDVSR.E,1,sg|P25665|METE_ECOLI,0.321349,K.GEQFDR.L,4,sg|P25665|METE_ECOLI,0.320093,0.4972375690607735
54899,-0.0229232,K.AAARDPGSR.A,4,sg|P0AFF6|NUSA_ECOLI,0.53605,K.AAARDPGSR.A,4,sg|P0AFF6|NUSA_ECOLI,0.53605,0.4972375690607735
44248,-0.0300083,K.KDHHSR.R,1,sg|P0ADZ4|RS15_ECOLI,0.505255,K.KDHHSR.R,1,sg|P0ADZ4|RS15_ECOLI,0.505255,0.4972375690607735
29291,-0.0347246,R.QDVLGDLMSR.N,5,sg|P0A850|TIG_ECOLI,0.517792,R.QDVLGDLMSR.N,5,sg|P0A850|TIG_ECOLI,0.51296,0.5027027027027027
38245,-0.0393437,K.AAARDPGSR.A,4,sg|P0AFF6|NUSA_ECOLI,0.556055,K.AAARDPGSR.A,4,sg|P0AFF6|NUSA_ECOLI,0.556055,0.5027027027027027
57280,-0.0393895,K.AAARDPGSR.A,4,sg|P0AFF6|NUSA_ECOLI,0.392497,K.AAARDPGSR.A,4,sg|P0AFF6|NUSA_ECOLI,0.392497,0.5027027027027027
35826,-0.0441833,K.AAARDPGSR.A,4,sg|P0AFF6|NUSA_ECOLI,0.690927,K.AAARDPGSR.A,4,sg|P0AFF6|NUSA_ECOLI,0.690927,0.5027027027027027
51270,-0.0533406,K.AAARDPGSR.A,4,sg|P0AFF6|NUSA_ECOLI,0.563772,K.AAARDPGSR.A,4,sg|P0AFF6|NUSA_ECOLI,0.563772,0.5052631578947369
11181,-0.0556768,K.ADSVAR.R,1,sg|P00956|SYI_ECOLI,0.556428,R.KDFLR.L,1,sg|P00956|SYI_ECOLI,0.633076,0.5052631578947369
18483,-0.0605617,R.GGHDPK.K,3,sg|P0AFG8|ODP1_ECOLI,0.521419,R.KDTSGK.L,1,sg|P0AFG8|ODP1_ECOLI,0.25901,0.5052631578947369
56144,-0.0616902,R.VEDVR.H,2,sg|P15254|PUR4_ECOLI,0.50853,R.EGLTLADAVKR.V,6,sg|P15254|PUR4_ECOLI,0.458878,0.5052631578947369
42658,-0.0643594,K.AAARDPGSR.A,4,sg|P0AFF6|NUSA_ECOLI,0.546451,K.AAARDPGSR.A,4,sg|P0AFF6|NUSA_ECOLI,0.546451,0.5052631578947369
41846,-0.0734307,R.RDANDK.V,4,sg|P0A805|RRF_ECOLI,0.879869,R.QLASVTVEDSR.T,8,sg|P0A805|RRF_ECOLI,0.600044,0.5103092783505154
50027,-0.0754227,K.AAARDPGSR.A,4,sg|P0AFF6|NUSA_ECOLI,0.489883,K.AAARDPGSR.A,4,sg|P0AFF6|NUSA_ECOLI,0.489883,0.5103092783505154
24395,-0.0772793,R.EDVSR.E,1,sg|P25665|METE_ECOLI,0.332337,R.EDVSR.E,1,sg|P25665|METE_ECOLI,0.332337,0.5103092783505154
55266,-0.0782337,K.AAARDPGSR.A,4,sg|P0AFF6|NUSA_ECOLI,0.61723,K.AAARDPGSR.A,4,sg|P0AFF6|NUSA_ECOLI,0.61723,0.5103092783505154
37992,-0.0860894,K.AAARDPGSR.A,4,sg|P0AFF6|NUSA_ECOLI,0.594504,K.AAARDPGSR.A,4,sg|P0AFF6|NUSA_ECOLI,0.594504,0.5128205128205128
37484,-0.100746,K.AAARDPGSR.A,4,sg|P0AFF6|NUSA_ECOLI,0.59371,K.AAARDPGSR.A,4,sg|P0AFF6|NUSA_ECOLI,0.59371,0.5255102040816326
39757,-0.107294,R.GNGSTEDLTAR.V,6,sg|P0AG30|RHO_ECOLI,0.271997,R.GNGSTEDLTAR.V,6,sg|P0AG30|RHO_ECOLI,0.271997,0.5336538461538461
28897,-0.116654,K.DAGADR.I,0,sg|P00968|CARB_ECOLI,0.39035,K.GFADAR.L,3,sg|P00968|CARB_ECOLI,0.173646,0.5336538461538461
41709,-0.125781,K.KQHDK.R,3,sg|P0A832|SSRP_ECOLI,0.339684,K.KQHDK.R,3,sg|P0A832|SSRP_ECOLI,0.339684,0.5336538461538461
23539,-0.130499,-.MSDYK.S,2,sg|P00956|SYI_ECOLI,0.12311,R.AADSYR.R,2,sg|P00956|SYI_ECOLI,0.310983,0.5336538461538461
47777,-0.137061,R.AADSYR.R,2,sg|P00956|SYI_ECOLI,0.400305,R.AADSYRRLR.N,2,sg|P00956|SYI_ECOLI,0.520024,0.5336538461538461
43655,-0.142931,K.DGVSVAR.E,0,sg|P0A6F5|CH60_ECOLI,0.488978,K.DVKFGNDAR.V,6,sg|P0A6F5|CH60_ECOLI,0.425288,0.5336538461538461
33291,-0.143133,K.FGNDAR.V,3,sg|P0A6F5|CH60_ECOLI,0.353019,K.FGNDAR.V,3,sg|P0A6F5|CH60_ECOLI,0.353019,0.5336538461538461
37620,-0.147208,K.GYDPVK.W,2,sg|P00490|PHSM_ECOLI,0.500151,K.GYDPVK.W,2,sg|P00490|PHSM_ECOLI,0.500151,0.5336538461538461
9896,-0.157402,R.DGDKSR.F,0,sg|P0A6P9|ENO_ECOLI,0.64534,R.DGDKSR.F,0,sg|P0A6P9|ENO_ECOLI,0.64534,0.5336538461538461
23378,-0.166862,R.SDDDSDK.R,1,sg|P0AGJ5|YFIF_ECOLI,0.400591,-.MNDEMK.G,2,sg|P0AGJ5|YFIF_ECOLI,0.16942,0.5336538461538461
38485,-0.167488,K.AAARDPGSR.A,4,sg|P0AFF6|NUSA_ECOLI,0.519814,K.AAARDPGSR.A,4,sg|P0AFF6|NUSA_ECOLI,0.519814,0.5336538461538461
10867,-0.18109,R.EDVSR.E,1,sg|P25665|METE_ECOLI,0.0921773,R.EDVSR.E,1,sg|P25665|METE_ECOLI,0.0921773,0.5336538461538461
26510,-0.209108,K.DGAYVR.E,0,sg|P0AFG8|ODP1_ECOLI,0.122179,K.RGELDK.K,4,sg|P0AFG8|ODP1_ECOLI,0.651798,0.5416666666666666
40701,-0.225689,R.EEDDR.V,2,sg|P0A9C5|GLNA_ECOLI,0.401602,R.REEDDR.V,4,sg|P0A9C5|GLNA_ECOLI,0.437831,0.5416666666666666
32959,-0.229818,K.AAARDPGSR.A,4,sg|P0AFF6|NUSA_ECOLI,0.488748,K.AAARDPGSR.A,4,sg|P0AFF6|NUSA_ECOLI,0.488748,0.5416666666666666
47267,-0.237073,K.AAARDPGSR.A,4,sg|P0AFF6|NUSA_ECOLI,0.568247,K.AAARDPGSR.A,4,sg|P0AFF6|NUSA_ECOLI,0.568247,0.5416666666666666
46984,-0.243044,K.AAARDPGSR.A,4,sg|P0AFF6|NUSA_ECOLI,0.578892,K.AAARDPGSR.A,4,sg|P0AFF6|NUSA_ECOLI,0.578892,0.5416666666666666
37875,-0.25317,K.AAARDPGSR.A,4,sg|P0AFF6|NUSA_ECOLI,0.571196,K.AAARDPGSR.A,4,sg|P0AFF6|NUSA_ECOLI,0.571196,0.5416666666666666
52192,-0.257954,R.RDANDK.V,4,sg|P0A805|RRF_ECOLI,0.486751,R.KDAEVRMDK.C,1,sg|P0A805|RRF_ECOLI,0.331427,0.5416666666666666
10973,-0.261583,K.GDALAR.E,1,sg|P15254|PUR4_ECOLI,0.323853,K.GDALAR.E,1,sg|P15254|PUR4_ECOLI,0.323853,0.5416666666666666
9225,-0.278039,-.MSDYK.S,2,sg|P00956|SYI_ECOLI,0.29713,-.MSDYK.S,2,sg|P00956|SYI_ECOLI,0.29713,0.5458715596330275
30645,-0.27835,K.LLDLR.N,2,sg|P0A8V2|RPOB_ECOLI,0.479202,K.DNLFVRLDRRR.K,7,sg|P0A8V2|RPOB_ECOLI,0.767348,0.5458715596330275
16078,-0.288863,R.FTDTKGK.E,2,sg|P0A9C5|GLNA_ECOLI,0.432455,R.FTDTKGK.E,2,sg|P0A9C5|GLNA_ECOLI,0.432455,0.5570776255707762
37381,-0.307903,K.AAARDPGSR.A,4,sg|P0AFF6|NUSA_ECOLI,0.472955,K.AAARDPGSR.A,4,sg|P0AFF6|NUSA_ECOLI,0.472955,0.5636363636363636
31850,-0.315362,K.TWPGDEK.V,4,sg|P00490|PHSM_ECOLI,0.258875,R.CGMFSSDR.S,6,sg|P00490|PHSM_ECOLI,0.16146,0.5652173913043478
22641,-0.318168,K.DQAGLDK.I,5,sg|P0A6P9|ENO_ECOLI,0.469304,K.TGSMSRSDR.V,7,sg|P0A6P9|ENO_ECOLI,0.706853,0.5652173913043478
28218,-0.33322,K.GEQFDR.L,4,sg|P25665|METE_ECOLI,0.397469,K.GNLDANNYR.T,3,sg|P25665|METE_ECOLI,0.5721,0.5652173913043478
43534,-0.356283,R.SDDDSDK.R,2,sg|P0AGJ5|YFIF_ECOLI,0.157559,-.MNDEMK.G,2,sg|P0AGJ5|YFIF_ECOLI,0.0658274,0.5652173913043478
7086,-0.362247,R.ADASARK.V,1,sg|P0A705|IF2_ECOLI,0.460799,R.ADASARK.V,1,sg|P0A705|IF2_ECOLI,0.460799,0.5652173913043478
23616,-0.375719,R.DDSTGR.R,0,sg|P0A9P6|DEAD_ECOLI,0.386444,R.DRNDR.G,3,sg|P0A9P6|DEAD_ECOLI,0.461561,0.5652173913043478
40055,-0.378253,K.AAARDPGSR.A,4,sg|P0AFF6|NUSA_ECOLI,0.57218,K.AAARDPGSR.A,4,sg|P0AFF6|NUSA_ECOLI,0.57218,0.5652173913043478
42838,-0.378922,K.GMDVADK.I,2,sg|P0AFL3|PPIA_ECOLI,0.463204,K.GMDVADK.I,2,sg|P0AFL3|PPIA_ECOLI,0.463204,0.5652173913043478
45067,-0.396127,K.AAARDPGSR.A,4,sg|P0AFF6|NUSA_ECOLI,0.60161,K.AAARDPGSR.A,4,sg|P0AFF6|NUSA_ECOLI,0.60161,0.5652173913043478
46197,-0.399005,K.SPFDSGGR.R,3,sg|P07012|RF2_ECOLI,0.449504,K.SPFDSGGR.R,3,sg|P07012|RF2_ECOLI,0.449504,0.5652173913043478
16353,-0.405095,K.DGAYVR.E,0,sg|P0AFG8|ODP1_ECOLI,0.245755,K.RGELDK.K,4,sg|P0AFG8|ODP1_ECOLI,0.76143,0.5652173913043478
10025,-0.40747,R.AADSYRR.I,2,sg|P00956|SYI_ECOLI,0.48411,R.AADSYRR.I,2,sg|P00956|SYI_ECOLI,0.48411,0.5652173913043478
40779,-0.410958,R.KPGMDR.S,4,sg|P61889|MDH_ECOLI,0.433839,K.KAGVYDK.N,5,sg|P61889|MDH_ECOLI,0.475269,0.5652173913043478
50805,-0.420974,K.GEQFDR.L,4,sg|P25665|METE_ECOLI,0.415841,K.GEQFDR.L,4,sg|P25665|METE_ECOLI,0.415841,0.5652173913043478
26675,-0.438324,K.GTADEK.F,3,sg|P0AGE9|SUCD_ECOLI,0.297129,K.GTADEK.F,3,sg|P0AGE9|SUCD_ECOLI,0.297129,0.5652173913043478
21605,-0.44789,R.KDTSGK.L,1,sg|P0AFG8|ODP1_ECOLI,0.579479,K.MNMDGVR.H,3,sg|P0AFG8|ODP1_ECOLI,0.395173,0.5652173913043478
33984,-0.456553,K.AAARDPGSR.A,4,sg|P0AFF6|NUSA_ECOLI,0.666829,K.AAARDPGSR.A,4,sg|P0AFF6|NUSA_ECOLI,0.666829,0.5652173913043478
52552,-0.460728,K.AAARDPGSR.A,4,sg|P0AFF6|NUSA_ECOLI,0.421517,K.AAARDPGSR.A,4,sg|P0AFF6|NUSA_ECOLI,0.421517,0.5652173913043478
40192,-0.462837,K.AAARDPGSR.A,4,sg|P0AFF6|NUSA_ECOLI,0.594812,K.AAARDPGSR.A,4,sg|P0AFF6|NUSA_ECOLI,0.594812,0.5652173913043478
43678,-0.464836,K.AAARDPGSR.A,4,sg|P0AFF6|NUSA_ECOLI,0.631571,K.AAARDPGSR.A,4,sg|P0AFF6|NUSA_ECOLI,0.631571,0.5652173913043478
19771,-0.468529,R.KDTSGK.L,1,sg|P0AFG8|ODP1_ECOLI,0.649995,K.MNMDGVR.H,3,sg|P0AFG8|ODP1_ECOLI,0.464068,0.5652173913043478
35560,-0.468537,K.AAARDPGSR.A,4,sg|P0AFF6|NUSA_ECOLI,0.60355,K.AAARDPGSR.A,4,sg|P0AFF6|NUSA_ECOLI,0.60355,0.5652173913043478
26208,-0.468577,K.VTDVEGK.H,2,sg|P0A6M8|EFG_ECOLI,0.28782,R.NLGLSAHLDAGK.T,8,sg|P0A6M8|EFG_ECOLI,0.965297,0.5652173913043478
21240,-0.470988,K.DAGADR.I,0,sg|P00968|CARB_ECOLI,0.110725,K.RTDLK.S,2,sg|P00968|CARB_ECOLI,0.33045,0.5652173913043478
31994,-0.480299,R.NSDVAK.G,2,sg|P15288|PEPD_ECOLI,0.0401407,R.DTFLR.L,0,sg|P15288|PEPD_ECOLI,0.456052,0.5652173913043478
21427,-0.487957,K.DVKFGNDAR.V,6,sg|P0A6F5|CH60_ECOLI,0.502414,K.DVKFGNDAR.V,6,sg|P0A6F5|CH60_ECOLI,0.502414,0.5652173913043478
30374,-0.512406,R.DGDKSR.F,0,sg|P0A6P9|ENO_ECOLI,0.323182,R.DGDKSR.F,0,sg|P0A6P9|ENO_ECOLI,0.323182,0.5652173913043478
35031,-0.518292,K.AAARDPGSR.A,4,sg|P0AFF6|NUSA_ECOLI,0.511868,K.AAARDPGSR.A,4,sg|P0AFF6|NUSA_ECOLI,0.511868,0.5652173913043478
35297,-0.518592,K.AAARDPGSR.A,4,sg|P0AFF6|NUSA_ECOLI,0.560987,K.AAARDPGSR.A,4,sg|P0AFF6|NUSA_ECOLI,0.560987,0.5652173913043478
12018,-0.521338,R.ADHVQK.G,1,sg|P15254|PUR4_ECOLI,0.44286,R.ADHVQK.G,1,sg|P15254|PUR4_ECOLI,0.44286,0.5652173913043478
36397,-0.521585,K.AAARDPGSR.A,4,sg|P0AFF6|NUSA_ECOLI,0.401665,K.AAARDPGSR.A,4,sg|P0AFF6|NUSA_ECOLI,0.401665,0.5652173913043478
36463,-0.531702,K.AAARDPGSR.A,4,sg|P0AFF6|NUSA_ECOLI,0.416018,K.AAARDPGSR.A,4,sg|P0AFF6|NUSA_ECOLI,0.416018,0.5652173913043478
7876,-0.5411,K.KVMHGDR.I,5,sg|P30850|RNB_ECOLI,0.539822,K.KVMHGDR.I,5,sg|P30850|RNB_ECOLI,0.539822,0.5652173913043478
48769,-0.553637,K.GEQFDR.L,4,sg|P25665|METE_ECOLI,0.494892,K.GNLDANNYR.T,3,sg|P25665|METE_ECOLI,0.691216,0.5652173913043478
15406,-0.561577,R.RLRLDR.L,4,sg|P23830|PSS_ECOLI,0.184794,R.RLRLDR.L,4,sg|P23830|PSS_ECOLI,0.184794,0.5652173913043478
46696,-0.56291,K.AAARDPGSR.A,4,sg|P0AFF6|NUSA_ECOLI,0.435747,K.AAARDPGSR.A,4,sg|P0AFF6|NUSA_ECOLI,0.435747,0.5652173913043478
8819,-0.568812,K.DGERR.Y,0,sg|P60422|RL2_ECOLI,0.156145,K.DGERR.Y,0,sg|P60422|RL2_ECOLI,0.156145,0.5652173913043478
17581,-0.59073,K.QQSNDR.A,4,sg|P0A870|TALB_ECOLI,0.301035,K.QQSNDR.A,4,sg|P0A870|TALB_ECOLI,0.301035,0.5652173913043478
27065,-0.597146,R.KDAEVR.M,1,sg|P0A805|RRF_ECOLI,0.49517,R.RDANDK.V,4,sg|P0A805|RRF_ECOLI,0.704723,0.5652173913043478
6018,-0.600847,R.KDAEVR.M,1,sg|P0A805|RRF_ECOLI,0.543006,R.RDANDK.V,4,sg|P0A805|RRF_ECOLI,0.147128,0.5652173913043478
39861,-0.6141,K.ADEER.V,1,sg|P0A850|TIG_ECOLI,0.224831,K.ELMDNMR.N,3,sg|P0A850|TIG_ECOLI,0.368253,0.5652173913043478
18289,-0.63933,K.GADEELVK.H,2,sg|P0A6P1|EFTS_ECOLI,0.491656,K.GADEELVK.H,2,sg|P0A6P1|EFTS_ECOLI,0.491656,0.5652173913043478
53414,-0.640101,R.RFGGDA.-,4,sg|P0A9P6|DEAD_ECOLI,0.330203,R.GPRGDR.E,4,sg|P0A9P6|DEAD_ECOLI,0.10258,0.5652173913043478
50393,-0.644641,R.AADSYR.R,2,sg|P00956|SYI_ECOLI,0.347641,R.AADSYRRLR.N,2,sg|P00956|SYI_ECOLI,0.439183,0.5652173913043478
56244,-0.645523,R.DGQDCER.W,3,sg|P0AFG8|ODP1_ECOLI,0.268773,K.KMNMDGVR.H,4,sg|P0AFG8|ODP1_ECOLI,0.249507,0.5652173913043478
6112,-0.688925,R.KDAEVR.M,1,sg|P0A805|RRF_ECOLI,0.694574,R.RDANDK.V,4,sg|P0A805|RRF_ECOLI,0.475256,0.5652173913043478
3310,-0.709218,R.DPNDLR.V,0,sg|P0AGJ5|YFIF_ECOLI,0.0600465,-.MNDEMK.G,2,sg|P0AGJ5|YFIF_ECOLI,0.278437,0.5652173913043478
55003,-0.715935,R.DGDKSR.F,0,sg|P0A6P9|ENO_ECOLI,0.272467,R.DGDKSR.F,0,sg|P0A6P9|ENO_ECOLI,0.272467,0.5652173913043478
21889,-0.716152,K.DAGADR.I,4,sg|P00968|CARB_ECOLI,0.194199,K.RTDLK.S,2,sg|P00968|CARB_ECOLI,0.383175,0.5652173913043478
53306,-0.723191,K.AAARDPGSR.A,4,sg|P0AFF6|NUSA_ECOLI,0.468047,K.AAARDPGSR.A,4,sg|P0AFF6|NUSA_ECOLI,0.468047,0.5652173913043478
35483,-0.732427,R.RFDVAMK.K,2,sg|P00968|CARB_ECOLI,0.398336,R.RRFDVAMK.K,3,sg|P00968|CARB_ECOLI,0.287305,0.5652173913043478
28905,-0.747436,K.FGNDAR.V,3,sg|P0A6F5|CH60_ECOLI,0.391938,K.FGNDAR.V,3,sg|P0A6F5|CH60_ECOLI,0.391938,0.5652173913043478
16631,-0.75482,R.KDAEVR.M,1,sg|P0A805|RRF_ECOLI,0.668558,R.RDANDKVK.A,4,sg|P0A805|RRF_ECOLI,0.63832,0.5652173913043478
39815,-0.760651,K.AAARDPGSR.A,4,sg|P0AFF6|NUSA_ECOLI,0.443741,K.AAARDPGSR.A,4,sg|P0AFF6|NUSA_ECOLI,0.443741,0.5652173913043478
12203,-0.763188,K.DVMAQR.Q,0,sg|P0AEU7|SKP_ECOLI,0.476855,K.LEKDVMAQR.Q,3,sg|P0AEU7|SKP_ECOLI,0.665801,0.5652173913043478
27970,-0.774768,K.GEQFDR.L,4,sg|P25665|METE_ECOLI,0.419282,K.GNLDANNYR.T,3,sg|P25665|METE_ECOLI,0.580147,0.5652173913043478
25728,-0.81945,R.ALEDSR.V,3,sg|P00968|CARB_ECOLI,0.475241,R.ALEDSRVLR.R,3,sg|P00968|CARB_ECOLI,0.597445,0.5714285714285714
37706,-0.870231,K.TVTYDFER.L,4,sg|P08200|IDH_ECOLI,0.0666287,K.LLKCSEFGDALLENM.-,8,sg|P08200|IDH_ECOLI,0.387366,0.5714285714285714
21819,-0.872028,K.NYDPR.A,2,sg|P0ABH7|CISY_ECOLI,0.329649,K.DKNDSFR.L,3,sg|P0ABH7|CISY_ECOLI,0.360604,0.5714285714285714
27710,-0.903713,K.DALPCR.A,0,sg|P30850|RNB_ECOLI,0.256402,R.FAAELVDLSR.G,6,sg|P30850|RNB_ECOLI,0.72528,0.5714285714285714
51868,-0.923063,R.VLGTDGFGR.S,4,sg|P0AFG8|ODP1_ECOLI,0.413795,K.KMNMDGVR.H,4,sg|P0AFG8|ODP1_ECOLI,0.773751,0.5714285714285714
16623,-0.961833,K.SRADGGR.R,3,sg|P0AGJ5|YFIF_ECOLI,0.717773,R.SDDDSDK.R,2,sg|P0AGJ5|YFIF_ECOLI,0.375569,0.5714285714285714
29005,-1.0024,K.SLKDR.L,3,sg|P0AFG8|ODP1_ECOLI,0.486513,R.VLGTDGFGRSDSR.E,10,sg|P0AFG8|ODP1_ECOLI,0.90837,0.5714285714285714
5476,-1.0368,K.RAADNK.S,3,sg|P0A6Y8|DNAK_ECOLI,0.286527,K.RAADNK.S,3,sg|P0A6Y8|DNAK_ECOLI,0.286527,0.5714285714285714
23208,-1.04456,K.NYDPR.A,2,sg|P0ABH7|CISY_ECOLI,0.393516,K.DKNDSFR.L,3,sg|P0ABH7|CISY_ECOLI,0.394489,0.5714285714285714
25054,-1.06079,R.LKDLR.T,2,sg|P07012|RF2_ECOLI,0.26292,K.LSGDYAYGWLR.T,3,sg|P07012|RF2_ECOLI,0.510068,0.5714285714285714
23940,-1.09813,R.GLDVER.I,2,sg|P0A9P6|DEAD_ECOLI,0.525114,R.DVGDMQLYR.I,0,sg|P0A9P6|DEAD_ECOLI,0.535674,0.5714285714285714
13792,-1.13359,R.RDANDK.V,4,sg|P0A805|RRF_ECOLI,0.363393,R.KDAEVRMDK.C,7,sg|P0A805|RRF_ECOLI,0.0833595,0.5763888888888888
6319,-1.23432,K.DVSFDR.S,0,sg|P0C018|RL18_ECOLI,0.296908,K.GLKDVSFDR.S,3,sg|P0C018|RL18_ECOLI,0.282825,0.5813148788927336
