Sequence A,Sequence B,Accession A,Accession B,Position in protein A,Position in protein B,Score crosslink,Within same group
MTEAMK,MTEAMK,sg|P37095|PEPB_ECOLI,sg|P37095|PEPB_ECOLI,0,0,100.91,TRUE
AGNDANR,TGAGMMDCK,sg|P00864|CAPP_ECOLI,sg|P0A6P1|EFTS_ECOLI,0,0,109.86,TRUE
EAAPAK,QNLAQQER,sg|P0A9Q7|ADHE_ECOLI,sg|P27302|TKT1_ECOLI,0,0,91.906,TRUE
TGDTISGK,TGDTISGK,sg|P0AG30|RHO_ECOLI,sg|P0AG30|RHO_ECOLI,0,0,125.46,TRUE
MTEAMK,SLTEIK,sg|P37095|PEPB_ECOLI,sg|P0A7Z4|RPOA_ECOLI,0,0,84.025,TRUE
AGNDANR,VLGETIK,sg|P00864|CAPP_ECOLI,sg|P00864|CAPP_ECOLI,0,0,135.35,TRUE
AAALAAADAR,EAAPAK,sg|P0A9Q7|ADHE_ECOLI,sg|P0A9Q7|ADHE_ECOLI,0,0,101.33,TRUE
AGNDANR,GTGNMELHLSR,sg|P00864|CAPP_ECOLI,sg|P0AG30|RHO_ECOLI,0,0,96.711,TRUE
QNLAQQER,TGDTISGK,sg|P27302|TKT1_ECOLI,sg|P0AG30|RHO_ECOLI,0,0,122.13,TRUE
AGNDANR,MNLTELK,sg|P00864|CAPP_ECOLI,sg|P0AG30|RHO_ECOLI,0,0,92.925,TRUE
LTAEGVK,QDAAYR,sg|P27302|TKT1_ECOLI,sg|P27302|TKT1_ECOLI,0,0,67.757,TRUE
MTEAMK,SELVNVAK,sg|P37095|PEPB_ECOLI,sg|P0A850|TIG_ECOLI,0,0,83.614,TRUE
AGNDANR,SNVPALEACPQKR,sg|P00864|CAPP_ECOLI,sg|P0A7S3|RS12_ECOLI,0,0,148.05,TRUE
QNLAQQER,QNLAQQER,sg|P27302|TKT1_ECOLI,sg|P27302|TKT1_ECOLI,0,0,100.91,TRUE
MTEAMK,VLDAAVAGK,sg|P37095|PEPB_ECOLI,sg|P0A6P1|EFTS_ECOLI,0,0,60.709,TRUE
ALIVTDR,EAAPAK,sg|P0A9Q7|ADHE_ECOLI,sg|P0A9Q7|ADHE_ECOLI,0,0,71.715,TRUE
TGAGMMDCK,TGAGMMDCK,sg|P0A6P1|EFTS_ECOLI,sg|P0A6P1|EFTS_ECOLI,0,0,135.81,TRUE
ALSMDAVQK,QNLAQQER,sg|P27302|TKT1_ECOLI,sg|P27302|TKT1_ECOLI,0,0,122.18,TRUE
AGNDANR,IDGLGIK,sg|P00864|CAPP_ECOLI,sg|P37095|PEPB_ECOLI,0,0,119.57,TRUE
EAAPAK,MVEVNACLK,sg|P0A9Q7|ADHE_ECOLI,sg|P00864|CAPP_ECOLI,0,0,119.89,TRUE
TGAGMMDCK,VLDAAVAGK,sg|P0A6P1|EFTS_ECOLI,sg|P0A6P1|EFTS_ECOLI,0,0,151.56,TRUE
GTGNMELHLSR,TGDTISGK,sg|P0AG30|RHO_ECOLI,sg|P0AG30|RHO_ECOLI,0,0,215.1,TRUE
AGNVAADGVIK,TGAGMMDCK,sg|P0A6P1|EFTS_ECOLI,sg|P0A6P1|EFTS_ECOLI,0,0,199.29,TRUE
AELGIPK,EAAPAK,sg|P0A9Q7|ADHE_ECOLI,sg|P0A9Q7|ADHE_ECOLI,0,0,57.103,TRUE
LTAEGVK,TGAGMMDCK,sg|P27302|TKT1_ECOLI,sg|P0A6P1|EFTS_ECOLI,0,0,158.08,TRUE
TGDTISGK,VLGETIK,sg|P0AG30|RHO_ECOLI,sg|P00864|CAPP_ECOLI,0,0,107.43,TRUE
EAAPAK,ITLSTQPADAR,sg|P0A9Q7|ADHE_ECOLI,sg|P37095|PEPB_ECOLI,0,0,93.429,TRUE
AVQDVILK,EAAPAK,sg|P0A9Q7|ADHE_ECOLI,sg|P0A9Q7|ADHE_ECOLI,0,0,71.715,TRUE
VLGETIK,YNANDNPTK,sg|P00864|CAPP_ECOLI,sg|P0A9Q7|ADHE_ECOLI,0,0,158.12,TRUE
IDGLGIK,MTEAMK,sg|P37095|PEPB_ECOLI,sg|P37095|PEPB_ECOLI,0,0,59.205,TRUE
MTEAMK,SQAIEGLVK,sg|P37095|PEPB_ECOLI,sg|P0A850|TIG_ECOLI,0,0,81.784,TRUE
SNVPALEACPQKR,TGAGMMDCK,sg|P0A7S3|RS12_ECOLI,sg|P0A6P1|EFTS_ECOLI,0,0,88.681,TRUE
MNLTELK,TGDTISGK,sg|P0AG30|RHO_ECOLI,sg|P0AG30|RHO_ECOLI,0,0,111.73,TRUE
AGNVAADGVIK,QNLAQQER,sg|P0A6P1|EFTS_ECOLI,sg|P27302|TKT1_ECOLI,0,0,140.09,TRUE
AAALAAADAR,AAALAAADAR,sg|P0A9Q7|ADHE_ECOLI,sg|P0A9Q7|ADHE_ECOLI,0,0,178.84,TRUE
AAALAAADAR,TGAGMMDCK,sg|P0A9Q7|ADHE_ECOLI,sg|P0A6P1|EFTS_ECOLI,0,0,119.21,TRUE
LTAEGVK,SNVPALEACPQKR,sg|P27302|TKT1_ECOLI,sg|P0A7S3|RS12_ECOLI,0,0,87.913,TRUE
AVQDVILK,MTEAMK,sg|P0A9Q7|ADHE_ECOLI,sg|P37095|PEPB_ECOLI,0,0,66.993,TRUE
SQAIEGLVK,TGDTISGK,sg|P0A850|TIG_ECOLI,sg|P0AG30|RHO_ECOLI,0,0,101.33,TRUE
ITLSTQPADAR,TGDTISGK,sg|P37095|PEPB_ECOLI,sg|P0AG30|RHO_ECOLI,0,0,143.28,TRUE
AAALAAADAR,SNVPALEACPQKR,sg|P0A9Q7|ADHE_ECOLI,sg|P0A7S3|RS12_ECOLI,0,0,185.6,TRUE
ITLSTQPADAR,QNLAQQER,sg|P37095|PEPB_ECOLI,sg|P27302|TKT1_ECOLI,0,0,150.05,TRUE
GTGNMELHLSR,VLGETIK,sg|P0AG30|RHO_ECOLI,sg|P00864|CAPP_ECOLI,0,0,99.442,TRUE
ALSMDAVQK,ALSMDAVQK,sg|P27302|TKT1_ECOLI,sg|P27302|TKT1_ECOLI,0,0,58.661,TRUE
QNLAQQER,SQAIEGLVK,sg|P27302|TKT1_ECOLI,sg|P0A850|TIG_ECOLI,0,0,133.55,TRUE
SNVPALEACPQKR,SNVPALEACPQKR,sg|P0A7S3|RS12_ECOLI,sg|P0A7S3|RS12_ECOLI,0,0,106.42,TRUE
SLTEIK,SNVPALEACPQKR,sg|P0A7Z4|RPOA_ECOLI,sg|P0A7S3|RS12_ECOLI,0,0,120.07,TRUE
AVTDKPSLLMCK,QNLAQQER,sg|P27302|TKT1_ECOLI,sg|P27302|TKT1_ECOLI,0,0,133.21,TRUE
SLTEIK,SLTEIK,sg|P0A7Z4|RPOA_ECOLI,sg|P0A7Z4|RPOA_ECOLI,0,0,38.324,TRUE
VLDAAVAGK,VLDAAVAGK,sg|P0A6P1|EFTS_ECOLI,sg|P0A6P1|EFTS_ECOLI,0,0,124.34,TRUE
AGNVAADGVIK,VLDAAVAGK,sg|P0A6P1|EFTS_ECOLI,sg|P0A6P1|EFTS_ECOLI,0,0,138.1,TRUE
MVEVNACLK,TGDTISGK,sg|P00864|CAPP_ECOLI,sg|P0AG30|RHO_ECOLI,0,0,121.99,TRUE
AAALAAADAR,ALIVTDR,sg|P0A9Q7|ADHE_ECOLI,sg|P0A9Q7|ADHE_ECOLI,0,0,87.616,TRUE
EAAPAK,MAEITASLVK,sg|P0A9Q7|ADHE_ECOLI,sg|P0A6P1|EFTS_ECOLI,0,0,100.19,TRUE
VLGETIK,VLGETIK,sg|P00864|CAPP_ECOLI,sg|P00864|CAPP_ECOLI,0,0,66.561,TRUE
ALSMDAVQK,TGAGMMDCK,sg|P27302|TKT1_ECOLI,sg|P0A6P1|EFTS_ECOLI,0,0,188.81,TRUE
AVTDKPSLLMCK,SELVNVAK,sg|P27302|TKT1_ECOLI,sg|P0A850|TIG_ECOLI,0,0,73.721,TRUE
SELVNVAK,SELVNVAK,sg|P0A850|TIG_ECOLI,sg|P0A850|TIG_ECOLI,0,0,142.27,TRUE
AAALAAADAR,AELGIPK,sg|P0A9Q7|ADHE_ECOLI,sg|P0A9Q7|ADHE_ECOLI,0,0,98.392,TRUE
SNVPALEACPQK,SNVPALEACPQKR,sg|P0A7S3|RS12_ECOLI,sg|P0A7S3|RS12_ECOLI,0,0,29.551,TRUE
ALSMDAVQK,VLDAAVAGK,sg|P27302|TKT1_ECOLI,sg|P0A6P1|EFTS_ECOLI,0,0,138.85,TRUE
IDGLGIK,TGAGMMDCK,sg|P37095|PEPB_ECOLI,sg|P0A6P1|EFTS_ECOLI,0,0,144.83,TRUE
AVTDKPSLLMCK,AVTDKPSLLMCK,sg|P27302|TKT1_ECOLI,sg|P27302|TKT1_ECOLI,0,0,88.254,TRUE
ALSMDAVQK,ATDLFLK,sg|P27302|TKT1_ECOLI,sg|P00864|CAPP_ECOLI,0,0,71.342,TRUE
AVQDVILK,VLDAAVAGK,sg|P0A9Q7|ADHE_ECOLI,sg|P0A6P1|EFTS_ECOLI,0,0,110.81,TRUE
ALIVTDR,SELVNVAK,sg|P0A9Q7|ADHE_ECOLI,sg|P0A850|TIG_ECOLI,0,0,104.21,TRUE
SELVNVAK,SQAIEGLVK,sg|P0A850|TIG_ECOLI,sg|P0A850|TIG_ECOLI,0,0,148.98,TRUE
IDGLGIK,SELVNVAK,sg|P37095|PEPB_ECOLI,sg|P0A850|TIG_ECOLI,0,0,81.958,TRUE
ALSMDAVQK,AVTDKPSLLMCK,sg|P27302|TKT1_ECOLI,sg|P27302|TKT1_ECOLI,0,0,110.41,TRUE
ALIVTDR,ALIVTDR,sg|P0A9Q7|ADHE_ECOLI,sg|P0A9Q7|ADHE_ECOLI,0,0,102.87,TRUE
ALIVTDR,AVTDKPSLLMCK,sg|P0A9Q7|ADHE_ECOLI,sg|P27302|TKT1_ECOLI,0,0,78.934,TRUE
ITLSTQPADAR,ITLSTQPADAR,sg|P37095|PEPB_ECOLI,sg|P37095|PEPB_ECOLI,0,0,54.787,TRUE
MNLTELK,VLGETIK,sg|P0AG30|RHO_ECOLI,sg|P00864|CAPP_ECOLI,0,0,100.82,TRUE
QALELPR,SELVNVAK,sg|P0A850|TIG_ECOLI,sg|P0A850|TIG_ECOLI,0,0,66.429,TRUE
AELGIPK,ALIVTDR,sg|P0A9Q7|ADHE_ECOLI,sg|P0A9Q7|ADHE_ECOLI,0,0,80.18,TRUE
ALIVTDR,AVQDVILK,sg|P0A9Q7|ADHE_ECOLI,sg|P0A9Q7|ADHE_ECOLI,0,0,102.72,TRUE
MNLTELK,MNLTELK,sg|P0AG30|RHO_ECOLI,sg|P0AG30|RHO_ECOLI,0,0,133.99,TRUE
IDGLGIK,SQAIEGLVK,sg|P37095|PEPB_ECOLI,sg|P0A850|TIG_ECOLI,0,0,117.16,TRUE
AELGIPK,AELGIPK,sg|P0A9Q7|ADHE_ECOLI,sg|P0A9Q7|ADHE_ECOLI,0,0,90.567,TRUE
GTGNMELHLSR,MNLTELK,sg|P0AG30|RHO_ECOLI,sg|P0AG30|RHO_ECOLI,0,0,47.187,TRUE
ALSMDAVQK,QALELPR,sg|P27302|TKT1_ECOLI,sg|P0A850|TIG_ECOLI,0,0,104.75,TRUE
AELGIPK,AVQDVILK,sg|P0A9Q7|ADHE_ECOLI,sg|P0A9Q7|ADHE_ECOLI,0,0,108.24,TRUE
AVQDVILK,AVQDVILK,sg|P0A9Q7|ADHE_ECOLI,sg|P0A9Q7|ADHE_ECOLI,0,0,104.64,TRUE
IDGLGIK,IDGLGIK,sg|P37095|PEPB_ECOLI,sg|P37095|PEPB_ECOLI,0,0,76.27,TRUE
QALELPR,SQAIEGLVK,sg|P0A850|TIG_ECOLI,sg|P0A850|TIG_ECOLI,0,0,49.423,TRUE
AELGIPK,MNLTELK,sg|P0A9Q7|ADHE_ECOLI,sg|P0AG30|RHO_ECOLI,0,0,100.07,TRUE
QDGPTALILSR,VLDAAVAGK,sg|P27302|TKT1_ECOLI,sg|P0A6P1|EFTS_ECOLI,0,0,92.051,TRUE
LPVEFVPVR,SNVPALEACPQKR,sg|P00864|CAPP_ECOLI,sg|P0A7S3|RS12_ECOLI,0,0,116.3,TRUE
ALIVTDR,MAEITASLVK,sg|P0A9Q7|ADHE_ECOLI,sg|P0A6P1|EFTS_ECOLI,0,0,93.429,TRUE
AELGIPK,MAEITASLVK,sg|P0A9Q7|ADHE_ECOLI,sg|P0A6P1|EFTS_ECOLI,0,0,95.531,TRUE
ALSMDAVQK,QDGPTALILSR,sg|P27302|TKT1_ECOLI,sg|P27302|TKT1_ECOLI,0,0,51.276,TRUE
ATDLFLK,ATDLFLK,sg|P00864|CAPP_ECOLI,sg|P00864|CAPP_ECOLI,0,0,90.567,TRUE
AELGIPK,LPVEFVPVR,sg|P0A9Q7|ADHE_ECOLI,sg|P00864|CAPP_ECOLI,0,0,86.011,TRUE
ASTAMEK,TRRDSK,sg|P0ADZ0|RL23_ECOLI,sg|P0A8M0|SYN_ECOLI,0,0,34.824,FALSE
AGNDANR,SLTEIK,sg|P00864|CAPP_ECOLI,sg|P0A7Z4|RPOA_ECOLI,0,0,96.964,FALSE
AGNDANR,AGNVAADGVIK,sg|P00864|CAPP_ECOLI,sg|P0A6P1|EFTS_ECOLI,0,0,134.06,FALSE
LTAEGVK,TLLNEK,sg|P27302|TKT1_ECOLI,sg|P0A7M6|RL29_ECOLI,0,0,79.027,FALSE
IEGITK,TGDTISGK,sg|P05055|PNP_ECOLI,sg|P0AG30|RHO_ECOLI,0,0,129.29,FALSE
AGNDANR,ATDLFLK,sg|P00864|CAPP_ECOLI,sg|P00864|CAPP_ECOLI,0,0,84.244,FALSE
AGNDANR,MVEVNACLK,sg|P00864|CAPP_ECOLI,sg|P00864|CAPP_ECOLI,0,0,109.86,FALSE
ITLSTQPADAR,TLLNEK,sg|P37095|PEPB_ECOLI,sg|P0A7M6|RL29_ECOLI,0,0,91.065,FALSE
RDAEELK,SNVREK,sg|P0A8X0|YJGA_ECOLI,sg|P0AC53|G6PD_ECOLI,0,0,35.88,FALSE
AGNDANR,LPVEFVPVR,sg|P00864|CAPP_ECOLI,sg|P00864|CAPP_ECOLI,0,0,62.2,FALSE
AAARDPGSR,AAARDPGSR,sg|P0AFF6|NUSA_ECOLI,sg|P0AFF6|NUSA_ECOLI,0,0,24.998,FALSE
AAEAAK,AAEAAK,sg|P0A858|TPIS_ECOLI,sg|P0A858|TPIS_ECOLI,0,0,26.927,FALSE
