ProteinGroupPairID,LinkIDs,PeptidePairIDs,PSMIDs,Protein1,Name1,Descriptions1,isDecoy1,Protein2,Name2,Description2,isDecoy2,Crosslinker,Score,isDecoy,isTT,isTD,isDD,count PSMs,count peptide pairs,count links,fdrGroup,fdr,ifdr,PEP,,top link fdr,top peptide fdr,top psm_fdr
166,415;363;315;417;333;317,424;408;410;351;445;467;373;353;354,Scan: 30505 Run: 20240131_E0_NEO6_Mueller_MS_TechHub_IMP_THIDVJSSG004_Celegans_Nulcei_S3_DSG_SEC9_allng_FAIMS_001.raw P1_SAKDLFNK P2_AKVNSSSQVAVAATHSLSPALK 3 2;Scan: 30463 Run: 20240131_E0_NEO6_Mueller_MS_TechHub_IMP_THIDVJSSG004_Celegans_Nulcei_S3_DSG_SEC9_allng_FAIMS_001.raw P1_SAKDLFNK P2_AKVNSSSQVAVAATHSLSPALK 3 2;Scan: 26812 Run: 20240131_E0_NEO6_Mueller_MS_TechHub_IMP_THIDVJSSG004_Celegans_Nulcei_S3_DSG_SEC9_allng_FAIMS_001.raw P1_LGGNLDVKYK P2_EVEFKSAASHNIGSGK 8 5;Scan: 35396 Run: 20240131_E0_NEO6_Mueller_MS_TechHub_IMP_THIDVJSSG004_Celegans_Nulcei_S3_DSG_SEC85_allng_FAIMS_001.raw P1_GYNFGFLKIDSTTRAGDNK P2_EVEFKSAASHNIGSGK 8 5;Scan: 35251 Run: 20240131_E0_NEO6_Mueller_MS_TechHub_IMP_THIDVJSSG004_Celegans_Nulcei_S3_DSG_SEC85_allng_FAIMS_001.raw P1_GYNFGFLKIDSTTRAGDNK P2_EVEFKSAASHNIGSGK 8 5;Scan: 36109 Run: 20240131_E0_NEO6_Mueller_MS_TechHub_IMP_THIDVJSSG004_Celegans_Nulcei_S3_DSG_SEC9_allng_FAIMS_001.raw P1_GYNFGFLKIDSTTR P2_EVEFKSAASHNIGSGK 8 5;Scan: 32325 Run: 20240131_E0_NEO6_Mueller_MS_TechHub_IMP_THIDVJSSG004_Celegans_Nulcei_S3_DSG_SEC9_allng_FAIMS_001.raw P1_YKIPQYGITLTEK P2_IDSTTRAGDNKEVEFK 2 11;Scan: 32310 Run: 20240131_E0_NEO6_Mueller_MS_TechHub_IMP_THIDVJSSG004_Celegans_Nulcei_S3_DSG_SEC9_allng_FAIMS_001.raw P1_YKIPQYGITLTEK P2_IDSTTRAGDNKEVEFK 2 11;Scan: 33873 Run: 20240131_E0_NEO6_Mueller_MS_TechHub_IMP_THIDVJSSG004_Celegans_Nulcei_S3_DSG_SEC9_allng_FAIMS_001.raw P1_YKIPQYGITLTEK P2_AGDNKEVEFK 2 5;Scan: 27446 Run: 20240131_E0_NEO6_Mueller_MS_TechHub_IMP_THIDVJSSG004_Celegans_Nulcei_S3_DSG_SEC9_allng_FAIMS_001.raw P1_LGGNLDVKYK P2_AGDNKEVEFK 8 5;Scan: 43485 Run: 20240131_E0_NEO6_Mueller_MS_TechHub_IMP_THIDVJSSG004_Celegans_Nulcei_S3_DSG_SEC9_allng_FAIMS_001.raw P1_VGGNGADYALATKYAPSRDLTVR P2_DLFNKGYNFGFLK 13 5;Scan: 44881 Run: 20240131_E0_NEO6_Mueller_MS_TechHub_IMP_THIDVJSSG004_Celegans_Nulcei_S3_DSG_SEC85_allng_FAIMS_001.raw P1_VGGNGADYALATKYAPSRDLTVR P2_DLFNKGYNFGFLK 13 5;Scan: 42079 Run: 20240131_E0_NEO6_Mueller_MS_TechHub_IMP_THIDVJSSG004_Celegans_Nulcei_S3_DSG_SEC85_allng_FAIMS_001.raw P1_VGGNGADYALATKYAPSRDLTVRAK P2_DLFNKGYNFGFLK 13 5,Q21752,,,false,Q21752,,,false,DSG,900.843,false,true,false,false,13,9,6,Self,-0.008,-0.008,0,,0,0,0
34,68156,68503;68506,Scan: 52277 Run: 20240131_E0_NEO6_Mueller_MS_TechHub_IMP_THIDVJSSG004_Celegans_Nulcei_S3_DSG_SEC9_allng_FAIMS_001.raw P1_TIAECLADELINAAKGSSNSYAIK P2_EVITYKLITPSVVSER 15 6;Scan: 52163 Run: 20240131_E0_NEO6_Mueller_MS_TechHub_IMP_THIDVJSSG004_Celegans_Nulcei_S3_DSG_SEC9_allng_FAIMS_001.raw P1_TIAECLADELINAAKGSSNSYAIK P2_EVITYKLITPSVVSER 15 6;Scan: 50242 Run: 20240131_E0_NEO6_Mueller_MS_TechHub_IMP_THIDVJSSG004_Celegans_Nulcei_S3_DSG_SEC9_allng_FAIMS_001.raw P1_TIAECLADELINAAKGSSNSYAIK P2_EVITYKLITPSVVSERLK 15 6;Scan: 51671 Run: 20240131_E0_NEO6_Mueller_MS_TechHub_IMP_THIDVJSSG004_Celegans_Nulcei_S3_DSG_SEC85_allng_FAIMS_001.raw P1_TIAECLADELINAAKGSSNSYAIK P2_EVITYKLITPSVVSERLK 15 6,P52821,,,false,P49041,,,false,DSG,853.808,false,true,false,false,4,2,1,Between,0,0,0,,0,0,0
33,68152,68508;68507,Scan: 37543 Run: 20240131_E0_NEO6_Mueller_MS_TechHub_IMP_THIDVJSSG004_Celegans_Nulcei_S3_DSG_SEC85_allng_FAIMS_001.raw P1_RYVNVASGPGKK P2_ERLDQELKLIGTFGLK 11 8;Scan: 37590 Run: 20240131_E0_NEO6_Mueller_MS_TechHub_IMP_THIDVJSSG004_Celegans_Nulcei_S3_DSG_SEC85_allng_FAIMS_001.raw P1_RYVNVASGPGKK P2_ERLDQELKLIGTFGLK 11 8;Scan: 40695 Run: 20240131_E0_NEO6_Mueller_MS_TechHub_IMP_THIDVJSSG004_Celegans_Nulcei_S3_DSG_SEC85_allng_FAIMS_001.raw P1_YVNVASGPGKK P2_ERLDQELKLIGTFGLK 10 8,Q20228,,,false,Q18231,,,false,DSG,756.297,false,true,false,false,3,2,1,Between,0,0,0,,0,0,0
254,433,480,Scan: 27723 Run: 20240131_E0_NEO6_Mueller_MS_TechHub_IMP_THIDVJSSG004_Celegans_Nulcei_S3_DSG_SEC85_allng_FAIMS_001.raw P1_SSNRFLKDAGSGVENASK P2_SSNRFLKDAGSGVENASK 7 7;Scan: 27705 Run: 20240131_E0_NEO6_Mueller_MS_TechHub_IMP_THIDVJSSG004_Celegans_Nulcei_S3_DSG_SEC85_allng_FAIMS_001.raw P1_SSNRFLKDAGSGVENASK P2_SSNRFLKDAGSGVENASK 7 7,Q19057,,,false,Q19057,,,false,DSG,748.218,false,true,false,false,2,1,1,Self,-0.008,-0.008,0,,0,0,0
43,335;432;188;247;277;227,417;377;472;202;264;302;242,Scan: 32172 Run: 20240131_E0_NEO6_Mueller_MS_TechHub_IMP_THIDVJSSG004_Celegans_Nulcei_S3_DSG_SEC8_allng_FAIMS_001.raw P1_RVVFLKQLPQSGLLLVTGPHK P2_NGTKFALGHSK 6 4;Scan: 30388 Run: 20240131_E0_NEO6_Mueller_MS_TechHub_IMP_THIDVJSSG004_Celegans_Nulcei_S3_DSG_SEC8_allng_FAIMS_001.raw P1_RVVFLKQLPQSGLLLVTGPHK P2_LQRNGTKFALGHSK 6 7;Scan: 36701 Run: 20240131_E0_NEO6_Mueller_MS_TechHub_IMP_THIDVJSSG004_Celegans_Nulcei_S3_DSG_SEC8_allng_FAIMS_001.raw P1_VNVSGVKIPEHINDEYFK P2_RVVFLKQLPQSGLLLVTGPHK 7 6;Scan: 41046 Run: 20240131_E0_NEO6_Mueller_MS_TechHub_IMP_THIDVJSSG004_Celegans_Nulcei_S3_DSG_SEC85_allng_FAIMS_001.raw P1_VNVSGVKIPEHINDEYFK P2_RVVFLKQLPQSGLLLVTGPHK 7 6;Scan: 33059 Run: 20240131_E0_NEO6_Mueller_MS_TechHub_IMP_THIDVJSSG004_Celegans_Nulcei_S3_DSG_SEC9_allng_FAIMS_001.raw P1_TEYTVSEQRKK P2_DIKTVDAPILAAIK 10 3;Scan: 20803 Run: 20240131_E0_NEO6_Mueller_MS_TechHub_IMP_THIDVJSSG004_Celegans_Nulcei_S3_DSG_SEC9_allng_FAIMS_001.raw P1_STAQKTGK P2_NIFASGKTEYTVSEQRK 5 7;Scan: 31334 Run: 20240131_E0_NEO6_Mueller_MS_TechHub_IMP_THIDVJSSG004_Celegans_Nulcei_S3_DSG_SEC8_allng_FAIMS_001.raw P1_RVVFLKQLPQSGLLLVTGPHK P2_FALGHSKTVTLRK 6 7;Scan: 12747 Run: 20240131_E0_NEO6_Mueller_MS_TechHub_IMP_THIDVJSSG004_Celegans_Nulcei_S3_DSG_SEC9_allng_FAIMS_001.raw P1_TGKNIFASGK P2_RKSTAQK 3 2,P47991,,,false,P47991,,,false,DSG,673.633,false,true,false,false,8,7,6,Self,-0.008,-0.008,0,,0,0,0
141,316;431;350;304,388;352;463;393;339,Scan: 18523 Run: 20240131_E0_NEO6_Mueller_MS_TechHub_IMP_THIDVJSSG004_Celegans_Nulcei_S3_DSG_SEC85_allng_FAIMS_001.raw P1_MQEVTRQKEVENETK P2_MQEVTRQKEVENETK 8 8;Scan: 17546 Run: 20240131_E0_NEO6_Mueller_MS_TechHub_IMP_THIDVJSSG004_Celegans_Nulcei_S3_DSG_SEC85_allng_FAIMS_001.raw P1_QKEVENETK P2_MQEVTRQKEVENETK 2 8;Scan: 25792 Run: 20240131_E0_NEO6_Mueller_MS_TechHub_IMP_THIDVJSSG004_Celegans_Nulcei_S3_DSG_SEC85_allng_FAIMS_001.raw P1_AARDLEKFPNAK P2_AARDLEKFPNAK 7 7;Scan: 25846 Run: 20240131_E0_NEO6_Mueller_MS_TechHub_IMP_THIDVJSSG004_Celegans_Nulcei_S3_DSG_SEC85_allng_FAIMS_001.raw P1_AARDLEKFPNAK P2_AARDLEKFPNAK 7 7;Scan: 22126 Run: 20240131_E0_NEO6_Mueller_MS_TechHub_IMP_THIDVJSSG004_Celegans_Nulcei_S3_DSG_SEC85_allng_FAIMS_001.raw P1_RAEEELAMKAR P2_RAEEELAMKAR 9 9;Scan: 16487 Run: 20240131_E0_NEO6_Mueller_MS_TechHub_IMP_THIDVJSSG004_Celegans_Nulcei_S3_DSG_SEC85_allng_FAIMS_001.raw P1_MQEESLRKQEESVK P2_KQEQLRK 8 1,Q20748,,,false,Q20748,,,false,DSG,633.9,false,true,false,false,6,5,4,Self,-0.008,-0.008,0,,0,0,0
218,407;207,327;458;328;271;223,Scan: 43063 Run: 20240131_E0_NEO6_Mueller_MS_TechHub_IMP_THIDVJSSG004_Celegans_Nulcei_S3_DSG_SEC85_allng_FAIMS_001.raw P1_KANGEILSIKQVFEK P2_EPVTPIWKMQIFATNHVIAK 10 8;Scan: 43002 Run: 20240131_E0_NEO6_Mueller_MS_TechHub_IMP_THIDVJSSG004_Celegans_Nulcei_S3_DSG_SEC85_allng_FAIMS_001.raw P1_KANGEILSIKQVFEK P2_EPVTPIWKMQIFATNHVIAK 10 8;Scan: 44452 Run: 20240131_E0_NEO6_Mueller_MS_TechHub_IMP_THIDVJSSG004_Celegans_Nulcei_S3_DSG_SEC9_allng_FAIMS_001.raw P1_EPVTPIWKMQIFATNHVIAK P2_ANGEILSIKQVFEK 8 9;Scan: 23284 Run: 20240131_E0_NEO6_Mueller_MS_TechHub_IMP_THIDVJSSG004_Celegans_Nulcei_S3_DSG_SEC85_allng_FAIMS_001.raw P1_AQADRIHILKVQTVK P2_AEDTKRAGIK 10 5;Scan: 23417 Run: 20240131_E0_NEO6_Mueller_MS_TechHub_IMP_THIDVJSSG004_Celegans_Nulcei_S3_DSG_SEC85_allng_FAIMS_001.raw P1_AQADRIHILKVQTVK P2_AEDTKRAGIK 10 5;Scan: 17223 Run: 20240131_E0_NEO6_Mueller_MS_TechHub_IMP_THIDVJSSG004_Celegans_Nulcei_S3_DSG_SEC8_allng_FAIMS_001.raw P1_HRAQADRIHILKVQTVK P2_AEDTKRAGIK 12 5;Scan: 17107 Run: 20240131_E0_NEO6_Mueller_MS_TechHub_IMP_THIDVJSSG004_Celegans_Nulcei_S3_DSG_SEC8_allng_FAIMS_001.raw P1_HRAQADRIHILKVQTVK P2_AEDTKRAGIK 12 5;Scan: 22952 Run: 20240131_E0_NEO6_Mueller_MS_TechHub_IMP_THIDVJSSG004_Celegans_Nulcei_S3_DSG_SEC85_allng_FAIMS_001.raw P1_IHILKVQTVK P2_AEDTKRAGIK 5 5,O44480,,,false,O44480,,,false,DSG,600.19,false,true,false,false,8,5,2,Self,-0.008,-0.008,0,,0,0,0
32,43426,68486;68499;68239;59505;67551;64211;43663,Scan: 41855 Run: 20240131_E0_NEO6_Mueller_MS_TechHub_IMP_THIDVJSSG004_Celegans_Nulcei_S3_DSG_SEC9_allng_FAIMS_001.raw P1_TVTAMDVVYALKR P2_KESYSVYIYRVLK 12 1;Scan: 46200 Run: 20240131_E0_NEO6_Mueller_MS_TechHub_IMP_THIDVJSSG004_Celegans_Nulcei_S3_DSG_SEC85_allng_FAIMS_001.raw P1_TVTAMDVVYALKR P2_KESYSVYIYRVLK 12 1;Scan: 43112 Run: 20240131_E0_NEO6_Mueller_MS_TechHub_IMP_THIDVJSSG004_Celegans_Nulcei_S3_DSG_SEC9_allng_FAIMS_001.raw P1_TVTAMDVVYALKR P2_KESYSVYIYR 12 1;Scan: 43010 Run: 20240131_E0_NEO6_Mueller_MS_TechHub_IMP_THIDVJSSG004_Celegans_Nulcei_S3_DSG_SEC9_allng_FAIMS_001.raw P1_TVTAMDVVYALKR P2_KESYSVYIYR 12 1;Scan: 44412 Run: 20240131_E0_NEO6_Mueller_MS_TechHub_IMP_THIDVJSSG004_Celegans_Nulcei_S3_DSG_SEC85_allng_FAIMS_001.raw P1_TVTAMDVVYALKRQGR P2_KESYSVYIYRVLK 12 1;Scan: 38015 Run: 20240131_E0_NEO6_Mueller_MS_TechHub_IMP_THIDVJSSG004_Celegans_Nulcei_S3_DSG_SEC9_allng_FAIMS_001.raw P1_TVTAMDVVYALKRQGR P2_KESYSVYIYR 12 1;Scan: 38256 Run: 20240131_E0_NEO6_Mueller_MS_TechHub_IMP_THIDVJSSG004_Celegans_Nulcei_S3_DSG_SEC9_allng_FAIMS_001.raw P1_TVTAMDVVYALKRQGR P2_KESYSVYIYR 12 1;Scan: 47615 Run: 20240131_E0_NEO6_Mueller_MS_TechHub_IMP_THIDVJSSG004_Celegans_Nulcei_S3_DSG_SEC85_allng_FAIMS_001.raw P1_TVTAMDVVYALKRQGRTLYGFGG P2_KESYSVYIYRVLK 12 1;Scan: 33643 Run: 20240131_E0_NEO6_Mueller_MS_TechHub_IMP_THIDVJSSG004_Celegans_Nulcei_S3_DSG_SEC8_allng_FAIMS_001.raw P1_TVTAMDVVYALKRQGR P2_HARKESYSVYIYRVLK 12 4;Scan: 36857 Run: 20240131_E0_NEO6_Mueller_MS_TechHub_IMP_THIDVJSSG004_Celegans_Nulcei_S3_DSG_SEC8_allng_FAIMS_001.raw P1_TVTAMDVVYALKR P2_HARKESYSVYIYRVLK 12 4,Q27484;Q27876;P04255;Q27894,;;;,;;;,false,P62784,,,false,DSG,593.527,false,true,false,false,10,7,1,Between,0,0,0,,0,0,0
219,267;404,464;462;398;289;455,Scan: 35343 Run: 20240131_E0_NEO6_Mueller_MS_TechHub_IMP_THIDVJSSG004_Celegans_Nulcei_S3_DSG_SEC9_allng_FAIMS_001.raw P1_SINFDKCTERSEIAYGLR P2_NEIEKIESSYDK 6 5;Scan: 32486 Run: 20240131_E0_NEO6_Mueller_MS_TechHub_IMP_THIDVJSSG004_Celegans_Nulcei_S3_DSG_SEC9_allng_FAIMS_001.raw P1_SINFDKCTER P2_NEIEKIESSYDK 6 5;Scan: 37274 Run: 20240131_E0_NEO6_Mueller_MS_TechHub_IMP_THIDVJSSG004_Celegans_Nulcei_S3_DSG_SEC8_allng_FAIMS_001.raw P1_SINFDKCTERSEIAYGLR P2_RAVVNMISFNPIAPRNEIEKIESSYDK 6 20;Scan: 40858 Run: 20240131_E0_NEO6_Mueller_MS_TechHub_IMP_THIDVJSSG004_Celegans_Nulcei_S3_DSG_SEC85_allng_FAIMS_001.raw P1_SINFDKCTER P2_RAVVNMISFNPIAPRNEIEKIESSYDK 6 20;Scan: 32624 Run: 20240131_E0_NEO6_Mueller_MS_TechHub_IMP_THIDVJSSG004_Celegans_Nulcei_S3_DSG_SEC9_allng_FAIMS_001.raw P1_SINFDKCTER P2_IESSYDKEEQSEENTSFFTNEK 6 7,P05690;P55155,;,;,false,P05690;P55155,;,;,false,DSG,569.588,false,true,false,false,5,5,2,Self,-0.008,-0.008,0,,0,0,0
121,169;280,453;325;330;179;305,Scan: 32619 Run: 20240131_E0_NEO6_Mueller_MS_TechHub_IMP_THIDVJSSG004_Celegans_Nulcei_S3_DSG_SEC85_allng_FAIMS_001.raw P1_YIREVGLGFKAPR P2_TVRFNVLKVNK 10 8;Scan: 32584 Run: 20240131_E0_NEO6_Mueller_MS_TechHub_IMP_THIDVJSSG004_Celegans_Nulcei_S3_DSG_SEC85_allng_FAIMS_001.raw P1_YIREVGLGFKAPR P2_TVRFNVLKVNK 10 8;Scan: 34869 Run: 20240131_E0_NEO6_Mueller_MS_TechHub_IMP_THIDVJSSG004_Celegans_Nulcei_S3_DSG_SEC85_allng_FAIMS_001.raw P1_YIREVGLGFKAPRDAVEGTYIDK P2_TVRFNVLKVNK 10 8;Scan: 30661 Run: 20240131_E0_NEO6_Mueller_MS_TechHub_IMP_THIDVJSSG004_Celegans_Nulcei_S3_DSG_SEC8_allng_FAIMS_001.raw P1_YIREVGLGFKAPRDAVEGTYIDK P2_TVRFNVLKVNK 10 8;Scan: 35641 Run: 20240131_E0_NEO6_Mueller_MS_TechHub_IMP_THIDVJSSG004_Celegans_Nulcei_S3_DSG_SEC85_allng_FAIMS_001.raw P1_YIREVGLGFKAPRDAVEGTYIDK P2_FNVLKVNK 10 5;Scan: 31474 Run: 20240131_E0_NEO6_Mueller_MS_TechHub_IMP_THIDVJSSG004_Celegans_Nulcei_S3_DSG_SEC9_allng_FAIMS_001.raw P1_YIREVGLGFKAPR P2_FNVLKVNK 10 5;Scan: 8040 Run: 20240131_E0_NEO6_Mueller_MS_TechHub_IMP_THIDVJSSG004_Celegans_Nulcei_S3_DSG_SEC95_allng_FAIMS_001.raw P1_VNKSGTSK P2_KGFSK 3 1,Q20206,,,false,Q20206,,,false,DSG,523.852,false,true,false,false,7,5,2,Self,-0.008,-0.008,0,,0,0,0
226,67;411,397;71;402,Scan: 44892 Run: 20240131_E0_NEO6_Mueller_MS_TechHub_IMP_THIDVJSSG004_Celegans_Nulcei_S3_DSG_SEC85_allng_FAIMS_001.raw P1_SADFLLDLLKNAESNAEYK P2_AQAFLNHVKEHK 10 9;Scan: 44878 Run: 20240131_E0_NEO6_Mueller_MS_TechHub_IMP_THIDVJSSG004_Celegans_Nulcei_S3_DSG_SEC85_allng_FAIMS_001.raw P1_SADFLLDLLKNAESNAEYK P2_AQAFLNHVKEHK 10 9;Scan: 37742 Run: 20240131_E0_NEO6_Mueller_MS_TechHub_IMP_THIDVJSSG004_Celegans_Nulcei_S3_DSG_SEC8_allng_FAIMS_001.raw P1_SADFLLDLLKNAESNAEYK P2_RAQAFLNHVKEHK 10 10;Scan: 20042 Run: 20240131_E0_NEO6_Mueller_MS_TechHub_IMP_THIDVJSSG004_Celegans_Nulcei_S3_DSG_SEC85_allng_FAIMS_001.raw P1_VHYSRAPENSTKSCK P2_EDVVSKPTDDAAPK 12 6;Scan: 20004 Run: 20240131_E0_NEO6_Mueller_MS_TechHub_IMP_THIDVJSSG004_Celegans_Nulcei_S3_DSG_SEC85_allng_FAIMS_001.raw P1_VHYSRAPENSTKSCK P2_EDVVSKPTDDAAPK 12 6,Q9BL19,,,false,Q9BL19,,,false,DSG,507.047,false,true,false,false,5,3,2,Self,-0.008,-0.008,0,,0,0,0
85,366;425;239;120,413;450;254;280;273;14,Scan: 36141 Run: 20240131_E0_NEO6_Mueller_MS_TechHub_IMP_THIDVJSSG004_Celegans_Nulcei_S3_DSG_SEC8_allng_FAIMS_001.raw P1_MHLIKTITEQIQEVENNMPETSHFLAR P2_EIHETLYVKADK 5 9;Scan: 60649 Run: 20240131_E0_NEO6_Mueller_MS_TechHub_IMP_THIDVJSSG004_Celegans_Nulcei_S3_DSG_SEC85_allng_FAIMS_001.raw P1_VIRGEQEIVAQLQNEEIRVKVDGK P2_KIQSEDYSAYQIER 20 1;Scan: 60234 Run: 20240131_E0_NEO6_Mueller_MS_TechHub_IMP_THIDVJSSG004_Celegans_Nulcei_S3_DSG_SEC85_allng_FAIMS_001.raw P1_VIRGEQEIVAQLQNEEIRVKVDGK P2_KIQSEDYSAYQIER 20 1;Scan: 8407 Run: 20240131_E0_NEO6_Mueller_MS_TechHub_IMP_THIDVJSSG004_Celegans_Nulcei_S3_DSG_SEC9_allng_FAIMS_001.raw P1_SQKNQRSQK P2_KSDLVEK 3 1;Scan: 52366 Run: 20240131_E0_NEO6_Mueller_MS_TechHub_IMP_THIDVJSSG004_Celegans_Nulcei_S3_DSG_SEC85_allng_FAIMS_001.raw P1_TIQETPFPSQSIAEALIKFAESRVAK P2_EKFLRVFMQQYK 18 2;Scan: 54414 Run: 20240131_E0_NEO6_Mueller_MS_TechHub_IMP_THIDVJSSG004_Celegans_Nulcei_S3_DSG_SEC85_allng_FAIMS_001.raw P1_TIQETPFPSQSIAEALIKFAESR P2_EKFLRVFMQQYK 18 2;Scan: 50259 Run: 20240131_E0_NEO6_Mueller_MS_TechHub_IMP_THIDVJSSG004_Celegans_Nulcei_S3_DSG_SEC9_allng_FAIMS_001.raw P1_TIQETPFPSQSIAEALIKFAESRVAK P2_EKFLR 18 2;Scan: 51461 Run: 20240131_E0_NEO6_Mueller_MS_TechHub_IMP_THIDVJSSG004_Celegans_Nulcei_S3_DSG_SEC85_allng_FAIMS_001.raw P1_TIQETPFPSQSIAEALIKFAESRVAK P2_EKFLR 18 2,P05690;P55155,;,;,false,P05690,,,false,DSG,503.792,false,true,false,false,8,6,4,Self,-0.008,-0.008,0,,0,0,0
136,36;201;45;300,287;361;293;189;1;18;284;216;355;76;49;335,Scan: 12781 Run: 20240131_E0_NEO6_Mueller_MS_TechHub_IMP_THIDVJSSG004_Celegans_Nulcei_S3_DSG_SEC9_allng_FAIMS_001.raw P1_VNVPKAR P2_HTNHKVTQYK 5 5;Scan: 15785 Run: 20240131_E0_NEO6_Mueller_MS_TechHub_IMP_THIDVJSSG004_Celegans_Nulcei_S3_DSG_SEC85_allng_FAIMS_001.raw P1_VNVPKAR P2_HTNHKVTQYK 5 5;Scan: 15640 Run: 20240131_E0_NEO6_Mueller_MS_TechHub_IMP_THIDVJSSG004_Celegans_Nulcei_S3_DSG_SEC85_allng_FAIMS_001.raw P1_VNVPKAR P2_HTNHKVTQYK 5 5;Scan: 13958 Run: 20240131_E0_NEO6_Mueller_MS_TechHub_IMP_THIDVJSSG004_Celegans_Nulcei_S3_DSG_SEC85_allng_FAIMS_001.raw P1_VNVPKAR P2_HTNHKVTQYKK 5 5;Scan: 13869 Run: 20240131_E0_NEO6_Mueller_MS_TechHub_IMP_THIDVJSSG004_Celegans_Nulcei_S3_DSG_SEC85_allng_FAIMS_001.raw P1_VNVPKAR P2_HTNHKVTQYKK 5 5;Scan: 14128 Run: 20240131_E0_NEO6_Mueller_MS_TechHub_IMP_THIDVJSSG004_Celegans_Nulcei_S3_DSG_SEC85_allng_FAIMS_001.raw P1_VNVPKAR P2_KHTNHKVTQYK 5 6;Scan: 14106 Run: 20240131_E0_NEO6_Mueller_MS_TechHub_IMP_THIDVJSSG004_Celegans_Nulcei_S3_DSG_SEC85_allng_FAIMS_001.raw P1_VNVPKAR P2_KHTNHKVTQYK 5 6;Scan: 12754 Run: 20240131_E0_NEO6_Mueller_MS_TechHub_IMP_THIDVJSSG004_Celegans_Nulcei_S3_DSG_SEC85_allng_FAIMS_001.raw P1_VNVPKARR P2_HTNHKVTQYKK 5 5;Scan: 10343 Run: 20240131_E0_NEO6_Mueller_MS_TechHub_IMP_THIDVJSSG004_Celegans_Nulcei_S3_DSG_SEC8_allng_FAIMS_001.raw P1_VNVPKARR P2_HTNHKVTQYKK 5 5;Scan: 14251 Run: 20240131_E0_NEO6_Mueller_MS_TechHub_IMP_THIDVJSSG004_Celegans_Nulcei_S3_DSG_SEC85_allng_FAIMS_001.raw P1_VNVPKARR P2_HTNHKVTQYK 5 5;Scan: 14170 Run: 20240131_E0_NEO6_Mueller_MS_TechHub_IMP_THIDVJSSG004_Celegans_Nulcei_S3_DSG_SEC85_allng_FAIMS_001.raw P1_VNVPKARR P2_HTNHKVTQYK 5 5;Scan: 14555 Run: 20240131_E0_NEO6_Mueller_MS_TechHub_IMP_THIDVJSSG004_Celegans_Nulcei_S3_DSG_SEC8_allng_FAIMS_001.raw P1_VNVPKARRTFCDGK P2_HTNHKVTQYK 5 5;Scan: 14521 Run: 20240131_E0_NEO6_Mueller_MS_TechHub_IMP_THIDVJSSG004_Celegans_Nulcei_S3_DSG_SEC8_allng_FAIMS_001.raw P1_VNVPKARRTFCDGK P2_HTNHKVTQYK 5 5;Scan: 14254 Run: 20240131_E0_NEO6_Mueller_MS_TechHub_IMP_THIDVJSSG004_Celegans_Nulcei_S3_DSG_SEC85_allng_FAIMS_001.raw P1_VNVPKAR P2_KHTNHKVTQYK 5 1;Scan: 14006 Run: 20240131_E0_NEO6_Mueller_MS_TechHub_IMP_THIDVJSSG004_Celegans_Nulcei_S3_DSG_SEC85_allng_FAIMS_001.raw P1_VNVPKAR P2_KHTNHKVTQYK 5 1;Scan: 10300 Run: 20240131_E0_NEO6_Mueller_MS_TechHub_IMP_THIDVJSSG004_Celegans_Nulcei_S3_DSG_SEC8_allng_FAIMS_001.raw P1_VNVPKARR P2_KHTNHKVTQYK 5 1;Scan: 15678 Run: 20240131_E0_NEO6_Mueller_MS_TechHub_IMP_THIDVJSSG004_Celegans_Nulcei_S3_DSG_SEC85_allng_FAIMS_001.raw P1_VNVPKAR P2_HTNHKVTQYK 1 5;Scan: 10391 Run: 20240131_E0_NEO6_Mueller_MS_TechHub_IMP_THIDVJSSG004_Celegans_Nulcei_S3_DSG_SEC8_allng_FAIMS_001.raw P1_VNVPKARR P2_HTNHKVTQYKK 1 5;Scan: 14528 Run: 20240131_E0_NEO6_Mueller_MS_TechHub_IMP_THIDVJSSG004_Celegans_Nulcei_S3_DSG_SEC85_allng_FAIMS_001.raw P1_VNVPKARR P2_HTNHKVTQYK 1 5;Scan: 19372 Run: 20240131_E0_NEO6_Mueller_MS_TechHub_IMP_THIDVJSSG004_Celegans_Nulcei_S3_DSG_SEC9_allng_FAIMS_001.raw P1_VNVPKAR P2_HFELGGQKK 5 8,P48166,,,false,P48166,,,false,DSG,502.66,false,true,false,false,20,12,4,Self,-0.008,-0.008,0,,0,0,0
55,399;409;223;203;352,392;459;357;127;218;164,Scan: 30735 Run: 20240131_E0_NEO6_Mueller_MS_TechHub_IMP_THIDVJSSG004_Celegans_Nulcei_S3_DSG_SEC9_allng_FAIMS_001.raw P1_VTFVEESKINREIK P2_TFSPKSEYVYK 8 5;Scan: 30651 Run: 20240131_E0_NEO6_Mueller_MS_TechHub_IMP_THIDVJSSG004_Celegans_Nulcei_S3_DSG_SEC9_allng_FAIMS_001.raw P1_VTFVEESKINREIK P2_TFSPKSEYVYK 8 5;Scan: 28877 Run: 20240131_E0_NEO6_Mueller_MS_TechHub_IMP_THIDVJSSG004_Celegans_Nulcei_S3_DSG_SEC9_allng_FAIMS_001.raw P1_VSIELEKLGAR P2_KNTLEITHK 7 1;Scan: 40554 Run: 20240131_E0_NEO6_Mueller_MS_TechHub_IMP_THIDVJSSG004_Celegans_Nulcei_S3_DSG_SEC9_allng_FAIMS_001.raw P1_SLLTFLTNDSKFELHR P2_FVVPENKK 11 7;Scan: 49198 Run: 20240131_E0_NEO6_Mueller_MS_TechHub_IMP_THIDVJSSG004_Celegans_Nulcei_S3_DSG_SEC85_allng_FAIMS_001.raw P1_SLLTFLTNDSKFELHRALFFYEAER P2_FVVPENKK 11 7;Scan: 49104 Run: 20240131_E0_NEO6_Mueller_MS_TechHub_IMP_THIDVJSSG004_Celegans_Nulcei_S3_DSG_SEC85_allng_FAIMS_001.raw P1_SLLTFLTNDSKFELHRALFFYEAER P2_FVVPENKK 11 7;Scan: 9282 Run: 20240131_E0_NEO6_Mueller_MS_TechHub_IMP_THIDVJSSG004_Celegans_Nulcei_S3_DSG_SEC9_allng_FAIMS_001.raw P1_RFLKEAR P2_HSKNAR 4 3;Scan: 36869 Run: 20240131_E0_NEO6_Mueller_MS_TechHub_IMP_THIDVJSSG004_Celegans_Nulcei_S3_DSG_SEC9_allng_FAIMS_001.raw P1_VTIGNLEKTDLSEIK P2_TVCDKWIR 8 5;Scan: 36920 Run: 20240131_E0_NEO6_Mueller_MS_TechHub_IMP_THIDVJSSG004_Celegans_Nulcei_S3_DSG_SEC9_allng_FAIMS_001.raw P1_VTIGNLEKTDLSEIK P2_TVCDKWIR 8 5,P18947;Q9N4J2;P06125,;;,;;,false,P18947;Q9N4J2;P06125,;;,;;,false,DSG,491.632,false,true,false,false,9,6,5,Self,-0.008,-0.008,0,,0,0,0
155,430;323,479;360,Scan: 48237 Run: 20240131_E0_NEO6_Mueller_MS_TechHub_IMP_THIDVJSSG004_Celegans_Nulcei_S3_DSG_SEC85_allng_FAIMS_001.raw P1_SPDELIDDLAKK P2_EETVAKLLDTVSGVKPDELDDK 11 6;Scan: 52674 Run: 20240131_E0_NEO6_Mueller_MS_TechHub_IMP_THIDVJSSG004_Celegans_Nulcei_S3_DSG_SEC9_allng_FAIMS_001.raw P1_VVEAKALIPK P2_AEQLVSNLEAFVKDVETQVSEK 5 13,Q9N4M4;A0A2C9C3A7;A0A2C9C2Z1,;;,;;,false,Q9N4M4;A0A2C9C3A7;A0A2C9C2Z1,;;,;;,false,DSG,484.24,false,true,false,false,2,2,2,Self,-0.008,-0.008,0,,0,0,0
31,68133,68325;68437;66924;68484,Scan: 15358 Run: 20240131_E0_NEO6_Mueller_MS_TechHub_IMP_THIDVJSSG004_Celegans_Nulcei_S3_DSG_SEC85_allng_FAIMS_001.raw P1_HTNHKVTQYKK P2_DKRFSGSIR 5 2;Scan: 15197 Run: 20240131_E0_NEO6_Mueller_MS_TechHub_IMP_THIDVJSSG004_Celegans_Nulcei_S3_DSG_SEC85_allng_FAIMS_001.raw P1_HTNHKVTQYKK P2_DKRFSGSIR 5 2;Scan: 17100 Run: 20240131_E0_NEO6_Mueller_MS_TechHub_IMP_THIDVJSSG004_Celegans_Nulcei_S3_DSG_SEC85_allng_FAIMS_001.raw P1_HTNHKVTQYK P2_DKRFSGSIR 5 2;Scan: 17138 Run: 20240131_E0_NEO6_Mueller_MS_TechHub_IMP_THIDVJSSG004_Celegans_Nulcei_S3_DSG_SEC85_allng_FAIMS_001.raw P1_HTNHKVTQYK P2_DKRFSGSIR 5 2;Scan: 16266 Run: 20240131_E0_NEO6_Mueller_MS_TechHub_IMP_THIDVJSSG004_Celegans_Nulcei_S3_DSG_SEC8_allng_FAIMS_001.raw P1_HTNHKVTQYK P2_DKRFSGSIRLK 5 2;Scan: 16293 Run: 20240131_E0_NEO6_Mueller_MS_TechHub_IMP_THIDVJSSG004_Celegans_Nulcei_S3_DSG_SEC8_allng_FAIMS_001.raw P1_HTNHKVTQYK P2_DKRFSGSIRLK 5 2;Scan: 14715 Run: 20240131_E0_NEO6_Mueller_MS_TechHub_IMP_THIDVJSSG004_Celegans_Nulcei_S3_DSG_SEC8_allng_FAIMS_001.raw P1_HTNHKVTQYKK P2_DKRFSGSIRLK 5 2,P48166,,,false,Q9N4I4,,,false,DSG,469.34,false,true,false,false,7,4,1,Between,0,0,0,,0,0,0
115,278;273;214;321,329;303;298;262;230;452;225;358,Scan: 11813 Run: 20240131_E0_NEO6_Mueller_MS_TechHub_IMP_THIDVJSSG004_Celegans_Nulcei_S3_DSG_SEC9_allng_FAIMS_001.raw P1_KNAAPK P2_KMDKLAVQAK 1 4;Scan: 12777 Run: 20240131_E0_NEO6_Mueller_MS_TechHub_IMP_THIDVJSSG004_Celegans_Nulcei_S3_DSG_SEC85_allng_FAIMS_001.raw P1_KNAAPK P2_KMDKLAVQAKK 1 4;Scan: 14083 Run: 20240131_E0_NEO6_Mueller_MS_TechHub_IMP_THIDVJSSG004_Celegans_Nulcei_S3_DSG_SEC9_allng_FAIMS_001.raw P1_KNAAPK P2_KMDKLAVQAK 1 1;Scan: 27907 Run: 20240131_E0_NEO6_Mueller_MS_TechHub_IMP_THIDVJSSG004_Celegans_Nulcei_S3_DSG_SEC8_allng_FAIMS_001.raw P1_TNRGNEALKNLRAYEGVPAK P2_GAFHYRAPGKIFWR 9 10;Scan: 26029 Run: 20240131_E0_NEO6_Mueller_MS_TechHub_IMP_THIDVJSSG004_Celegans_Nulcei_S3_DSG_SEC8_allng_FAIMS_001.raw P1_TNRGNEALKNLR P2_GAFHYRAPGKIFWR 9 10;Scan: 35931 Run: 20240131_E0_NEO6_Mueller_MS_TechHub_IMP_THIDVJSSG004_Celegans_Nulcei_S3_DSG_SEC8_allng_FAIMS_001.raw P1_NLRAYEGVPAKYQK P2_LLQGDKVVVLRAEEIVISGNFHR 11 6;Scan: 30421 Run: 20240131_E0_NEO6_Mueller_MS_TechHub_IMP_THIDVJSSG004_Celegans_Nulcei_S3_DSG_SEC9_allng_FAIMS_001.raw P1_NLRAYEGVPAKYQK P2_LLQGDKVVVLR 11 6;Scan: 32408 Run: 20240131_E0_NEO6_Mueller_MS_TechHub_IMP_THIDVJSSG004_Celegans_Nulcei_S3_DSG_SEC85_allng_FAIMS_001.raw P1_NLRAYEGVPAKYQK P2_LLQGDKVVVLR 11 6;Scan: 41258 Run: 20240131_E0_NEO6_Mueller_MS_TechHub_IMP_THIDVJSSG004_Celegans_Nulcei_S3_DSG_SEC85_allng_FAIMS_001.raw P1_LLQGDKVVVLRAEEIVISGNFHR P2_AYEGVPAKYQK 6 8,Q27389,,,false,Q27389,,,false,DSG,467.536,false,true,false,false,9,8,4,Self,-0.008,-0.008,0,,0,0,0
19,68107;65261,68505;68463;68493;65621,Scan: 25925 Run: 20240131_E0_NEO6_Mueller_MS_TechHub_IMP_THIDVJSSG004_Celegans_Nulcei_S3_DSG_SEC85_allng_FAIMS_001.raw P1_ANQAKSFATEADTRLDEK P2_ADKSNNIAK 5 3;Scan: 23876 Run: 20240131_E0_NEO6_Mueller_MS_TechHub_IMP_THIDVJSSG004_Celegans_Nulcei_S3_DSG_SEC85_allng_FAIMS_001.raw P1_SKADKSNNIAK P2_ANQAKSFATEADTRLDEK 5 5;Scan: 37691 Run: 20240131_E0_NEO6_Mueller_MS_TechHub_IMP_THIDVJSSG004_Celegans_Nulcei_S3_DSG_SEC85_allng_FAIMS_001.raw P1_VQEVEKLK P2_NKQIQTDLERATELLEK 6 2;Scan: 24263 Run: 20240131_E0_NEO6_Mueller_MS_TechHub_IMP_THIDVJSSG004_Celegans_Nulcei_S3_DSG_SEC9_allng_FAIMS_001.raw P1_VQEVEKLK P2_NKQIQTDLER 6 2,O44565,,,false,A0A061AJI9;A0A061AD21;C1P640;Q21313;G5EEV6;C1P641,;;;;;,;;;;;,false,DSG,460.587,false,true,false,false,4,4,2,Between,0,0,0,,0,0,0
148,310;369;340,344;314;438;426;381,Scan: 22120 Run: 20240131_E0_NEO6_Mueller_MS_TechHub_IMP_THIDVJSSG004_Celegans_Nulcei_S3_DSG_SEC9_allng_FAIMS_001.raw P1_VGEKQNVALIK P2_RKPQWESK 4 2;Scan: 28584 Run: 20240131_E0_NEO6_Mueller_MS_TechHub_IMP_THIDVJSSG004_Celegans_Nulcei_S3_DSG_SEC9_allng_FAIMS_001.raw P1_QNVALIKLNRPK P2_APEMIKIEK 7 6;Scan: 27879 Run: 20240131_E0_NEO6_Mueller_MS_TechHub_IMP_THIDVJSSG004_Celegans_Nulcei_S3_DSG_SEC85_allng_FAIMS_001.raw P1_QNVALIKLNRPK P2_APEMIKIEK 7 6;Scan: 25153 Run: 20240131_E0_NEO6_Mueller_MS_TechHub_IMP_THIDVJSSG004_Celegans_Nulcei_S3_DSG_SEC85_allng_FAIMS_001.raw P1_LFHATFATKDRK P2_LFHATFATKDRK 9 9;Scan: 19558 Run: 20240131_E0_NEO6_Mueller_MS_TechHub_IMP_THIDVJSSG004_Celegans_Nulcei_S3_DSG_SEC8_allng_FAIMS_001.raw P1_RLFHATFATKDRK P2_RLFHATFATKDRK 10 10;Scan: 20630 Run: 20240131_E0_NEO6_Mueller_MS_TechHub_IMP_THIDVJSSG004_Celegans_Nulcei_S3_DSG_SEC8_allng_FAIMS_001.raw P1_RLFHATFATKDRK P2_LFHATFATKDRK 10 9,P34559,,,false,P34559,,,false,DSG,453.349,false,true,false,false,6,5,3,Self,-0.008,-0.008,0,,0,0,0
245,428,478,Scan: 45355 Run: 20240131_E0_NEO6_Mueller_MS_TechHub_IMP_THIDVJSSG004_Celegans_Nulcei_S3_DSG_SEC95_allng_FAIMS_001.raw P1_NKNVTYLPGNQQTLLNLQS P2_NKNVTYLPGNQQTLLNLQS 2 2,Q9BKU4,,,false,Q9BKU4,,,false,DSG,447.66,false,true,false,false,1,1,1,Self,-0.008,-0.008,0,,0,0,0
144,217;365;378,278;233;412;451;425,Scan: 31761 Run: 20240131_E0_NEO6_Mueller_MS_TechHub_IMP_THIDVJSSG004_Celegans_Nulcei_S3_DSG_SEC85_allng_FAIMS_001.raw P1_LILPGELAKHAVSEGTK P2_AVTKYTSSK 9 4;Scan: 33589 Run: 20240131_E0_NEO6_Mueller_MS_TechHub_IMP_THIDVJSSG004_Celegans_Nulcei_S3_DSG_SEC8_allng_FAIMS_001.raw P1_STISSREIQTAVRLILPGELAKHAVSEGTK P2_AVTKYTSSK 22 4;Scan: 16198 Run: 20240131_E0_NEO6_Mueller_MS_TechHub_IMP_THIDVJSSG004_Celegans_Nulcei_S3_DSG_SEC9_allng_FAIMS_001.raw P1_AVTKYTSSK P2_AVTKYTSSK 4 4;Scan: 39316 Run: 20240131_E0_NEO6_Mueller_MS_TechHub_IMP_THIDVJSSG004_Celegans_Nulcei_S3_DSG_SEC85_allng_FAIMS_001.raw P1_LILPGELAKHAVSEGTK P2_LILPGELAKHAVSEGTK 9 9;Scan: 36758 Run: 20240131_E0_NEO6_Mueller_MS_TechHub_IMP_THIDVJSSG004_Celegans_Nulcei_S3_DSG_SEC8_allng_FAIMS_001.raw P1_LILPGELAKHAVSEGTK P2_EIQTAVRLILPGELAKHAVSEGTK 9 16,Q27484;Q27876;P04255;Q27894,;;;,;;;,false,Q27484;Q27876;P04255;Q27894,;;;,;;;,false,DSG,442.221,false,true,false,false,5,5,3,Self,-0.008,-0.008,0,,0,0,0
30,68130,68497;68357,Scan: 41130 Run: 20240131_E0_NEO6_Mueller_MS_TechHub_IMP_THIDVJSSG004_Celegans_Nulcei_S3_DSG_SEC9_allng_FAIMS_001.raw P1_VLVQNVKDLDMLLMQSYK P2_RFSTEKFNLK 7 6;Scan: 42517 Run: 20240131_E0_NEO6_Mueller_MS_TechHub_IMP_THIDVJSSG004_Celegans_Nulcei_S3_DSG_SEC85_allng_FAIMS_001.raw P1_VLVQNVKDLDMLLMQSYK P2_RFSTEKFNLK 7 6;Scan: 39634 Run: 20240131_E0_NEO6_Mueller_MS_TechHub_IMP_THIDVJSSG004_Celegans_Nulcei_S3_DSG_SEC85_allng_FAIMS_001.raw P1_RFSTEKFNLK P2_KVLVQNVKDLDMLLMQSYK 6 8;Scan: 39792 Run: 20240131_E0_NEO6_Mueller_MS_TechHub_IMP_THIDVJSSG004_Celegans_Nulcei_S3_DSG_SEC85_allng_FAIMS_001.raw P1_RFSTEKFNLK P2_KVLVQNVKDLDMLLMQSYK 6 8,B7WN95;Q22716,;,;,false,Q21930,,,false,DSG,426.47,false,true,false,false,4,2,1,Between,0,0,0,,0,0,0
169,276;336,409;301;269,Scan: 14287 Run: 20240131_E0_NEO6_Mueller_MS_TechHub_IMP_THIDVJSSG004_Celegans_Nulcei_S3_DSG_SEC8_allng_FAIMS_001.raw P1_HIFLSMKGVDAK P2_AHRNGITKPKK 7 10;Scan: 17185 Run: 20240131_E0_NEO6_Mueller_MS_TechHub_IMP_THIDVJSSG004_Celegans_Nulcei_S3_DSG_SEC85_allng_FAIMS_001.raw P1_HIFLSMKGVDAK P2_AHRNGITKPKK 7 10;Scan: 20888 Run: 20240131_E0_NEO6_Mueller_MS_TechHub_IMP_THIDVJSSG004_Celegans_Nulcei_S3_DSG_SEC85_allng_FAIMS_001.raw P1_NGITKPKK P2_HIFLSMKGVDAK 7 7;Scan: 17269 Run: 20240131_E0_NEO6_Mueller_MS_TechHub_IMP_THIDVJSSG004_Celegans_Nulcei_S3_DSG_SEC85_allng_FAIMS_001.raw P1_KAHRNGITKPK P2_HIFLSMKGVDAK 9 7;Scan: 14459 Run: 20240131_E0_NEO6_Mueller_MS_TechHub_IMP_THIDVJSSG004_Celegans_Nulcei_S3_DSG_SEC8_allng_FAIMS_001.raw P1_KAHRNGITKPK P2_HIFLSMKGVDAK 9 7,O45226,,,false,O45226,,,false,DSG,411.459,false,true,false,false,5,3,2,Self,-0.008,-0.008,0,,0,0,0
241,422,474,Scan: 25907 Run: 20240131_E0_NEO6_Mueller_MS_TechHub_IMP_THIDVJSSG004_Celegans_Nulcei_S3_DSG_SEC85_allng_FAIMS_001.raw P1_TKGTGGASEVPEEK P2_FASQKGQSGFGAVRDVNYK 2 5,Q23050,,,false,Q23050,,,false,DSG,402.79,false,true,false,false,1,1,1,Self,-0.008,-0.008,0,,0,0,0
29,68137,68389;68494;68487,Scan: 26342 Run: 20240131_E0_NEO6_Mueller_MS_TechHub_IMP_THIDVJSSG004_Celegans_Nulcei_S3_DSG_SEC8_allng_FAIMS_001.raw P1_GHAATQLPVKQRQNRHK P2_GFSLQELKAAGISQAQAR 10 8;Scan: 26509 Run: 20240131_E0_NEO6_Mueller_MS_TechHub_IMP_THIDVJSSG004_Celegans_Nulcei_S3_DSG_SEC8_allng_FAIMS_001.raw P1_GHAATQLPVKQRQNRHK P2_GFSLQELKAAGISQAQAR 10 8;Scan: 32940 Run: 20240131_E0_NEO6_Mueller_MS_TechHub_IMP_THIDVJSSG004_Celegans_Nulcei_S3_DSG_SEC85_allng_FAIMS_001.raw P1_TRLGRGFSLQELKAAGISQAQAR P2_GHAATQLPVKQR 13 10;Scan: 33538 Run: 20240131_E0_NEO6_Mueller_MS_TechHub_IMP_THIDVJSSG004_Celegans_Nulcei_S3_DSG_SEC85_allng_FAIMS_001.raw P1_GHAATQLPVKQRQNR P2_GFSLQELKAAGISQAQAR 10 8,P91128,,,false,P49181,,,false,DSG,401.449,false,true,false,false,4,3,1,Between,0,0,0,,0,0,0
240,421,473,Scan: 42199 Run: 20240131_E0_NEO6_Mueller_MS_TechHub_IMP_THIDVJSSG004_Celegans_Nulcei_S3_DSG_SEC85_allng_FAIMS_001.raw P1_RVHELEIEFEGKFK P2_NLQMKTIQIESDFYK 12 5,Q19007,,,false,Q19007,,,false,DSG,396.46,false,true,false,false,1,1,1,Self,-0.008,-0.008,0,,0,0,0
16,68141;68150,68492;68501,Scan: 45555 Run: 20240131_E0_NEO6_Mueller_MS_TechHub_IMP_THIDVJSSG004_Celegans_Nulcei_S3_DSG_SEC85_allng_FAIMS_001.raw P1_LSHEVGWQFQDVVAKLEAK P2_DDKSKPIHLTAFLGYK 15 3;Scan: 45538 Run: 20240131_E0_NEO6_Mueller_MS_TechHub_IMP_THIDVJSSG004_Celegans_Nulcei_S3_DSG_SEC85_allng_FAIMS_001.raw P1_LSHEVGWQFQDVVAKLEAK P2_DDKSKPIHLTAFLGYK 15 5,Q27389,,,false,P50880;G5ECE5,;,;,false,DSG,368.35,false,true,false,false,2,2,2,Between,0,0,0,,0,0,0
235,420,434,Scan: 19499 Run: 20240131_E0_NEO6_Mueller_MS_TechHub_IMP_THIDVJSSG004_Celegans_Nulcei_S3_DSG_SEC85_allng_FAIMS_001.raw P1_ATGEVMKDHLDK P2_ATGEVMKDHLDK 7 7;Scan: 19488 Run: 20240131_E0_NEO6_Mueller_MS_TechHub_IMP_THIDVJSSG004_Celegans_Nulcei_S3_DSG_SEC85_allng_FAIMS_001.raw P1_ATGEVMKDHLDK P2_ATGEVMKDHLDK 7 7,Q18026,,,false,Q18026,,,false,DSG,360.064,false,true,false,false,2,1,1,Self,-0.008,-0.008,0,,0,0,0
234,418,468,Scan: 32468 Run: 20240131_E0_NEO6_Mueller_MS_TechHub_IMP_THIDVJSSG004_Celegans_Nulcei_S3_DSG_SEC8_allng_FAIMS_001.raw P1_VFFKAGVLAHLEDIRDEK P2_KGFPNRTLHPDFVQR 4 1,P02566,,,false,P02566;P12845,;,;,false,DSG,355.97,false,true,false,false,1,1,1,Self,-0.008,-0.008,0,,0,0,0
93,337;329;384;180,378;369;376;201;193,Scan: 21984 Run: 20240131_E0_NEO6_Mueller_MS_TechHub_IMP_THIDVJSSG004_Celegans_Nulcei_S3_DSG_SEC85_allng_FAIMS_001.raw P1_KVYKVHLDK P2_IRVKLDGK 1 4;Scan: 33222 Run: 20240131_E0_NEO6_Mueller_MS_TechHub_IMP_THIDVJSSG004_Celegans_Nulcei_S3_DSG_SEC9_allng_FAIMS_001.raw P1_SDGKVVSEIEK P2_FGGRDILILAKR 4 11;Scan: 21512 Run: 20240131_E0_NEO6_Mueller_MS_TechHub_IMP_THIDVJSSG004_Celegans_Nulcei_S3_DSG_SEC85_allng_FAIMS_001.raw P1_VYKVHLDK P2_IRVKLDGKK 3 4;Scan: 21533 Run: 20240131_E0_NEO6_Mueller_MS_TechHub_IMP_THIDVJSSG004_Celegans_Nulcei_S3_DSG_SEC85_allng_FAIMS_001.raw P1_VYKVHLDK P2_IRVKLDGKK 3 4;Scan: 34229 Run: 20240131_E0_NEO6_Mueller_MS_TechHub_IMP_THIDVJSSG004_Celegans_Nulcei_S3_DSG_SEC9_allng_FAIMS_001.raw P1_KLTGK P2_ELYIVGVKEVELGNK 1 8;Scan: 46462 Run: 20240131_E0_NEO6_Mueller_MS_TechHub_IMP_THIDVJSSG004_Celegans_Nulcei_S3_DSG_SEC9_allng_FAIMS_001.raw P1_IGVFASVYRKLTGK P2_ELYIVGVKEVELGNK 10 8,Q23312,,,false,Q23312,,,false,DSG,348.91,false,true,false,false,6,5,4,Self,-0.008,-0.008,0,,0,0,0
177,173;405,382;183;385,Scan: 19646 Run: 20240131_E0_NEO6_Mueller_MS_TechHub_IMP_THIDVJSSG004_Celegans_Nulcei_S3_DSG_SEC8_allng_FAIMS_001.raw P1_RVAHEKINLK P2_GFHHRTIINNKIYRIGK 6 11;Scan: 25798 Run: 20240131_E0_NEO6_Mueller_MS_TechHub_IMP_THIDVJSSG004_Celegans_Nulcei_S3_DSG_SEC85_allng_FAIMS_001.raw P1_TIINNKIYRIGK P2_RVAHEKINLK 6 6;Scan: 32184 Run: 20240131_E0_NEO6_Mueller_MS_TechHub_IMP_THIDVJSSG004_Celegans_Nulcei_S3_DSG_SEC9_allng_FAIMS_001.raw P1_RDFLAEAEAKA P2_RAFMGKLK 10 6;Scan: 32147 Run: 20240131_E0_NEO6_Mueller_MS_TechHub_IMP_THIDVJSSG004_Celegans_Nulcei_S3_DSG_SEC9_allng_FAIMS_001.raw P1_RDFLAEAEAKA P2_RAFMGKLK 10 6,P50880;G5EEC0;G5ECE5,;;,;;,false,P50880;G5EEC0;G5ECE5,;;,;;,false,DSG,345.101,false,true,false,false,4,3,2,Self,-0.008,-0.008,0,,0,0,0
233,312,442;380;348,Scan: 30315 Run: 20240131_E0_NEO6_Mueller_MS_TechHub_IMP_THIDVJSSG004_Celegans_Nulcei_S3_DSG_SEC85_allng_FAIMS_001.raw P1_VLEQLTGQTPVFSKAR P2_NEKIAVHCTVRGPK 14 3;Scan: 24759 Run: 20240131_E0_NEO6_Mueller_MS_TechHub_IMP_THIDVJSSG004_Celegans_Nulcei_S3_DSG_SEC8_allng_FAIMS_001.raw P1_VLEQLTGQTPVFSKAR P2_RNEKIAVHCTVRGPK 14 4;Scan: 27069 Run: 20240131_E0_NEO6_Mueller_MS_TechHub_IMP_THIDVJSSG004_Celegans_Nulcei_S3_DSG_SEC8_allng_FAIMS_001.raw P1_VLEQLTGQTPVFSKARYTVR P2_NEKIAVHCTVRGPK 14 3,Q19162;Q94300,;,;,false,Q19162;Q94300,;,;,false,DSG,337.219,false,true,false,false,3,3,1,Self,-0.008,-0.008,0,,0,0,0
232,416,466,Scan: 27367 Run: 20240131_E0_NEO6_Mueller_MS_TechHub_IMP_THIDVJSSG004_Celegans_Nulcei_S3_DSG_SEC9_allng_FAIMS_001.raw P1_KVLQGVVIR P2_GEMKGSAITGPVAK 1 4,P48158,,,false,P48158,,,false,DSG,326.32,false,true,false,false,1,1,1,Self,-0.008,-0.008,0,,0,0,0
230,282,368;308,Scan: 46849 Run: 20240131_E0_NEO6_Mueller_MS_TechHub_IMP_THIDVJSSG004_Celegans_Nulcei_S3_DSG_SEC85_allng_FAIMS_001.raw P1_TRFVLPNGYKK P2_DLDMLLMQSYKYIGEIGHGVSAK 10 11;Scan: 48409 Run: 20240131_E0_NEO6_Mueller_MS_TechHub_IMP_THIDVJSSG004_Celegans_Nulcei_S3_DSG_SEC85_allng_FAIMS_001.raw P1_TRFVLPNGYKK P2_DLDMLLMQSYKYIGEIGHGVSAK 10 11;Scan: 50320 Run: 20240131_E0_NEO6_Mueller_MS_TechHub_IMP_THIDVJSSG004_Celegans_Nulcei_S3_DSG_SEC85_allng_FAIMS_001.raw P1_FVLPNGYKK P2_DLDMLLMQSYKYIGEIGHGVSAK 8 11,B7WN95;Q22716,;,;,false,B7WN95;Q22716,;,;,false,DSG,324.299,false,true,false,false,3,2,1,Self,-0.008,-0.008,0,,0,0,0
117,275;115,300;401;89;122,Scan: 21233 Run: 20240131_E0_NEO6_Mueller_MS_TechHub_IMP_THIDVJSSG004_Celegans_Nulcei_S3_DSG_SEC85_allng_FAIMS_001.raw P1_YSGLANKHAIDVSAAAK P2_NEKGRPAK 7 3;Scan: 19111 Run: 20240131_E0_NEO6_Mueller_MS_TechHub_IMP_THIDVJSSG004_Celegans_Nulcei_S3_DSG_SEC9_allng_FAIMS_001.raw P1_RLAKNAGFNK P2_FNKLAQR 4 3;Scan: 19012 Run: 20240131_E0_NEO6_Mueller_MS_TechHub_IMP_THIDVJSSG004_Celegans_Nulcei_S3_DSG_SEC9_allng_FAIMS_001.raw P1_RLAKNAGFNK P2_FNKLAQR 4 3;Scan: 18532 Run: 20240131_E0_NEO6_Mueller_MS_TechHub_IMP_THIDVJSSG004_Celegans_Nulcei_S3_DSG_SEC9_allng_FAIMS_001.raw P1_LAKNAGFNK P2_FNKLAQRR 3 3;Scan: 21208 Run: 20240131_E0_NEO6_Mueller_MS_TechHub_IMP_THIDVJSSG004_Celegans_Nulcei_S3_DSG_SEC85_allng_FAIMS_001.raw P1_LAKNAGFNK P2_FNKLAQRR 3 3;Scan: 19500 Run: 20240131_E0_NEO6_Mueller_MS_TechHub_IMP_THIDVJSSG004_Celegans_Nulcei_S3_DSG_SEC85_allng_FAIMS_001.raw P1_RLAKNAGFNK P2_FNKLAQRR 4 3,Q21930,,,false,Q21930,,,false,DSG,322.691,false,true,false,false,6,4,2,Self,-0.008,-0.008,0,,0,0,0
228,116,448;222;123,Scan: 44900 Run: 20240131_E0_NEO6_Mueller_MS_TechHub_IMP_THIDVJSSG004_Celegans_Nulcei_S3_DSG_SEC85_allng_FAIMS_001.raw P1_LYTVPKISVAALHVTEGAR P2_ARILAAGGEIITLDQLALKSPK 6 19;Scan: 45939 Run: 20240131_E0_NEO6_Mueller_MS_TechHub_IMP_THIDVJSSG004_Celegans_Nulcei_S3_DSG_SEC9_allng_FAIMS_001.raw P1_LYTVPKISVAALHVTEGAR P2_ILAAGGEIITLDQLALKSPK 6 17;Scan: 47255 Run: 20240131_E0_NEO6_Mueller_MS_TechHub_IMP_THIDVJSSG004_Celegans_Nulcei_S3_DSG_SEC85_allng_FAIMS_001.raw P1_LYTVPKISVAALHVTEGAR P2_ILAAGGEIITLDQLALKSPK 6 17;Scan: 61754 Run: 20240131_E0_NEO6_Mueller_MS_TechHub_IMP_THIDVJSSG004_Celegans_Nulcei_S3_DSG_SEC85_allng_FAIMS_001.raw P1_LYTVPKISVAALHVTEGARAR P2_ILAAGGEIITLDQLALKSPK 6 17,O45946,,,false,O45946,,,false,DSG,322.445,false,true,false,false,4,3,1,Self,-0.008,-0.008,0,,0,0,0
72,226;127;393,241;379;134;443,Scan: 50961 Run: 20240131_E0_NEO6_Mueller_MS_TechHub_IMP_THIDVJSSG004_Celegans_Nulcei_S3_DSG_SEC85_allng_FAIMS_001.raw P1_RISGLIYEETRGVLKVFLENVIR P2_GGKGLGK 15 3;Scan: 50260 Run: 20240131_E0_NEO6_Mueller_MS_TechHub_IMP_THIDVJSSG004_Celegans_Nulcei_S3_DSG_SEC85_allng_FAIMS_001.raw P1_GVLKVFLENVIRDAVTYCEHAK P2_GLGKGGAK 4 4;Scan: 50894 Run: 20240131_E0_NEO6_Mueller_MS_TechHub_IMP_THIDVJSSG004_Celegans_Nulcei_S3_DSG_SEC85_allng_FAIMS_001.raw P1_RISGLIYEETRGVLKVFLENVIR P2_GLGKGGAK 15 4;Scan: 46992 Run: 20240131_E0_NEO6_Mueller_MS_TechHub_IMP_THIDVJSSG004_Celegans_Nulcei_S3_DSG_SEC85_allng_FAIMS_001.raw P1_VFLENVIRDAVTYCEHAKR P2_KTVTAMDVVYALK 18 1,P62784,,,false,P62784,,,false,DSG,321.048,false,true,false,false,4,4,3,Self,-0.008,-0.008,0,,0,0,0
227,414,465,Scan: 45798 Run: 20240131_E0_NEO6_Mueller_MS_TechHub_IMP_THIDVJSSG004_Celegans_Nulcei_S3_DSG_SEC9_allng_FAIMS_001.raw P1_TKFQPFAVSVTPIIFEK P2_LDPKANYGALVER 2 4,G5EEM5,,,false,G5EEM5,,,false,DSG,319.6,false,true,false,false,1,1,1,Self,-0.008,-0.008,0,,0,0,0
27,68112,68476;68470,Scan: 15792 Run: 20240131_E0_NEO6_Mueller_MS_TechHub_IMP_THIDVJSSG004_Celegans_Nulcei_S3_DSG_SEC8_allng_FAIMS_001.raw P1_MFIPKSHTK P2_AAHHADGLAKGLHETCK 5 10;Scan: 15750 Run: 20240131_E0_NEO6_Mueller_MS_TechHub_IMP_THIDVJSSG004_Celegans_Nulcei_S3_DSG_SEC8_allng_FAIMS_001.raw P1_MFIPKSHTK P2_AAHHADGLAKGLHETCK 5 10;Scan: 17580 Run: 20240131_E0_NEO6_Mueller_MS_TechHub_IMP_THIDVJSSG004_Celegans_Nulcei_S3_DSG_SEC8_allng_FAIMS_001.raw P1_MFIPKSHTK P2_AVLRAAHHADGLAKGLHETCK 5 14,P49196,,,false,O01869,,,false,DSG,311.765,false,true,false,false,3,2,1,Between,0,0,0,,0,0,0
225,410,460,Scan: 46218 Run: 20240131_E0_NEO6_Mueller_MS_TechHub_IMP_THIDVJSSG004_Celegans_Nulcei_S3_DSG_SEC9_allng_FAIMS_001.raw P1_KLLHMAGIEDCYTAAK P2_EFEIIDALCSNLKDEVLK 1 13,P51403,,,false,P51403,,,false,DSG,301.2,false,true,false,false,1,1,1,Self,-0.008,-0.008,0,,0,0,0
222,406,457,Scan: 23961 Run: 20240131_E0_NEO6_Mueller_MS_TechHub_IMP_THIDVJSSG004_Celegans_Nulcei_S3_DSG_SEC85_allng_FAIMS_001.raw P1_RFDDNEESTNAIKK P2_MKIEEVKEEDEAEPEK 13 2,O45012,,,false,O45012,,,false,DSG,294.48,false,true,false,false,1,1,1,Self,-0.008,-0.008,0,,0,0,0
10,68131;62644,68481;68477;65779;62988,Scan: 22400 Run: 20240131_E0_NEO6_Mueller_MS_TechHub_IMP_THIDVJSSG004_Celegans_Nulcei_S3_DSG_SEC85_allng_FAIMS_001.raw P1_IAKDANK P2_HDDVTKYVITHDK 3 6;Scan: 34861 Run: 20240131_E0_NEO6_Mueller_MS_TechHub_IMP_THIDVJSSG004_Celegans_Nulcei_S3_DSG_SEC8_allng_FAIMS_001.raw P1_SVQVVNRAVAGLSLDAILAKR P2_HDDVTKYVITHDK 20 6;Scan: 38963 Run: 20240131_E0_NEO6_Mueller_MS_TechHub_IMP_THIDVJSSG004_Celegans_Nulcei_S3_DSG_SEC85_allng_FAIMS_001.raw P1_HDDVTKYVITHDK P2_AVAGLSLDAILAKR 6 13;Scan: 38951 Run: 20240131_E0_NEO6_Mueller_MS_TechHub_IMP_THIDVJSSG004_Celegans_Nulcei_S3_DSG_SEC85_allng_FAIMS_001.raw P1_HDDVTKYVITHDK P2_AVAGLSLDAILAKR 6 13;Scan: 31731 Run: 20240131_E0_NEO6_Mueller_MS_TechHub_IMP_THIDVJSSG004_Celegans_Nulcei_S3_DSG_SEC8_allng_FAIMS_001.raw P1_HDDVTKYVITHDK P2_AVAGLSLDAILAKRNQTEDFRR 6 13,I2HAF9;Q9NEN6,;,;,false,O01868,,,false,DSG,293.213,false,true,false,false,5,4,2,Between,0,0,0,,0,0,0
220,348,429;391,Scan: 39640 Run: 20240131_E0_NEO6_Mueller_MS_TechHub_IMP_THIDVJSSG004_Celegans_Nulcei_S3_DSG_SEC9_allng_FAIMS_001.raw P1_KADVDVNK P2_IVTIMQNPSQYKIPNWFLNR 1 12;Scan: 35544 Run: 20240131_E0_NEO6_Mueller_MS_TechHub_IMP_THIDVJSSG004_Celegans_Nulcei_S3_DSG_SEC9_allng_FAIMS_001.raw P1_KADVDVNK P2_IVTIMQNPSQYKIPNWFLNRQK 1 12,O18240,,,false,O18240,,,false,DSG,292.249,false,true,false,false,2,2,1,Self,-0.008,-0.008,0,,0,0,0
57,395;205,446;220,Scan: 23424 Run: 20240131_E0_NEO6_Mueller_MS_TechHub_IMP_THIDVJSSG004_Celegans_Nulcei_S3_DSG_SEC85_allng_FAIMS_001.raw P1_KSTNNLALK P2_IQEARKSTNNLALK 1 6;Scan: 14877 Run: 20240131_E0_NEO6_Mueller_MS_TechHub_IMP_THIDVJSSG004_Celegans_Nulcei_S3_DSG_SEC85_allng_FAIMS_001.raw P1_LGSSLKFDKCGK P2_LGSSLKFDKCGK 6 6,O76840,,,false,O76840,,,false,DSG,288.302,false,true,false,false,2,2,2,Self,-0.008,-0.008,0,,0,0,0
165,332;383,372;431,Scan: 54684 Run: 20240131_E0_NEO6_Mueller_MS_TechHub_IMP_THIDVJSSG004_Celegans_Nulcei_S3_DSG_SEC9_allng_FAIMS_001.raw P1_TIREEGQISPQTDAQLKDVVVNFLATFKP P2_GYLDKVDPSAITK 17 5;Scan: 52170 Run: 20240131_E0_NEO6_Mueller_MS_TechHub_IMP_THIDVJSSG004_Celegans_Nulcei_S3_DSG_SEC95_allng_FAIMS_001.raw P1_GYLDKVDPSAITK P2_DVVVNFLATFKP 5 11,Q9XXK1,,,false,Q9XXK1,,,false,DSG,284.065,false,true,false,false,2,2,2,Self,-0.008,-0.008,0,,0,0,0
25,68149,68500,Scan: 44503 Run: 20240131_E0_NEO6_Mueller_MS_TechHub_IMP_THIDVJSSG004_Celegans_Nulcei_S3_DSG_SEC85_allng_FAIMS_001.raw P1_RYVNVASGPGKK P2_EFEIIDALCSNLKDEVLK 11 13,P51403,,,false,Q18231,,,false,DSG,281.21,false,true,false,false,1,1,1,Between,0,0,0,,0,0,0
216,398,449,Scan: 36079 Run: 20240131_E0_NEO6_Mueller_MS_TechHub_IMP_THIDVJSSG004_Celegans_Nulcei_S3_DSG_SEC8_allng_FAIMS_001.raw P1_RSILNLFSLRKSAPVDEMSQDQK P2_DMESDKDSLFFNVHEK 11 6,P18947;Q9N4J2;P06125,;;,;;,false,P18947;Q9N4J2,;,;,false,DSG,279.87,false,true,false,false,1,1,1,Self,-0.008,-0.008,0,,0,0,0
215,396,447,Scan: 36336 Run: 20240131_E0_NEO6_Mueller_MS_TechHub_IMP_THIDVJSSG004_Celegans_Nulcei_S3_DSG_SEC85_allng_FAIMS_001.raw P1_YNRKVTALVVCDRDEK P2_KIEITQLTCLGLDK 4 1,Q18947,,,false,Q18947,,,false,DSG,277.26,false,true,false,false,1,1,1,Self,-0.008,-0.008,0,,0,0,0
182,157;360,291;167;405,Scan: 46775 Run: 20240131_E0_NEO6_Mueller_MS_TechHub_IMP_THIDVJSSG004_Celegans_Nulcei_S3_DSG_SEC9_allng_FAIMS_001.raw P1_SIYFNTLALAGTRVTIQQFVDKVQSR P2_KNIAPLK 22 1;Scan: 48095 Run: 20240131_E0_NEO6_Mueller_MS_TechHub_IMP_THIDVJSSG004_Celegans_Nulcei_S3_DSG_SEC85_allng_FAIMS_001.raw P1_SIYFNTLALAGTRVTIQQFVDKVQSR P2_KNIAPLK 22 1;Scan: 34328 Run: 20240131_E0_NEO6_Mueller_MS_TechHub_IMP_THIDVJSSG004_Celegans_Nulcei_S3_DSG_SEC95_allng_FAIMS_001.raw P1_VTIQQFVDKVQSR P2_KNIAPLK 9 1;Scan: 15497 Run: 20240131_E0_NEO6_Mueller_MS_TechHub_IMP_THIDVJSSG004_Celegans_Nulcei_S3_DSG_SEC9_allng_FAIMS_001.raw P1_NGVKMCPR P2_DAKQRIVDK 4 3,P18948,,,false,P18948,,,false,DSG,271.701,false,true,false,false,4,3,2,Self,-0.008,-0.008,0,,0,0,0
1,40212;24527,68347;40435;68259;65741;24658,Scan: 34570 Run: 20240131_E0_NEO6_Mueller_MS_TechHub_IMP_THIDVJSSG004_Celegans_Nulcei_S3_DSG_SEC85_allng_FAIMS_001.raw P1_RTLLYKLNPYASILRK P2_KTQYFK 6 1;Scan: 34535 Run: 20240131_E0_NEO6_Mueller_MS_TechHub_IMP_THIDVJSSG004_Celegans_Nulcei_S3_DSG_SEC85_allng_FAIMS_001.raw P1_RTLLYKLNPYASILRK P2_KTQYFK 6 1;Scan: 35876 Run: 20240131_E0_NEO6_Mueller_MS_TechHub_IMP_THIDVJSSG004_Celegans_Nulcei_S3_DSG_SEC9_allng_FAIMS_001.raw P1_RTLLYKLNPYASILR P2_KTQYFK 6 1;Scan: 31039 Run: 20240131_E0_NEO6_Mueller_MS_TechHub_IMP_THIDVJSSG004_Celegans_Nulcei_S3_DSG_SEC85_allng_FAIMS_001.raw P1_VPQVPETVLKR P2_IIRSEEVVKAIRAPK 10 9;Scan: 30998 Run: 20240131_E0_NEO6_Mueller_MS_TechHub_IMP_THIDVJSSG004_Celegans_Nulcei_S3_DSG_SEC85_allng_FAIMS_001.raw P1_VPQVPETVLKR P2_IIRSEEVVKAIRAPK 10 9;Scan: 23662 Run: 20240131_E0_NEO6_Mueller_MS_TechHub_IMP_THIDVJSSG004_Celegans_Nulcei_S3_DSG_SEC8_allng_FAIMS_001.raw P1_VPQVPETVLKRRK P2_IIRSEEVVKAIRAPK 10 9;Scan: 25890 Run: 20240131_E0_NEO6_Mueller_MS_TechHub_IMP_THIDVJSSG004_Celegans_Nulcei_S3_DSG_SEC85_allng_FAIMS_001.raw P1_VPQVPETVLKRRK P2_SEEVVKAIRAPK 10 6,O02056,,,false,O01802,,,false,DSG,266.82,false,true,false,false,7,5,2,Between,0,0,0,,0,0,0.018
24,68110,68488;68468,Scan: 27004 Run: 20240131_E0_NEO6_Mueller_MS_TechHub_IMP_THIDVJSSG004_Celegans_Nulcei_S3_DSG_SEC8_allng_FAIMS_001.raw P1_RPNVVPIVEDARHPHKYR P2_LAVGDAKLGNLIK 16 7;Scan: 25430 Run: 20240131_E0_NEO6_Mueller_MS_TechHub_IMP_THIDVJSSG004_Celegans_Nulcei_S3_DSG_SEC8_allng_FAIMS_001.raw P1_LAVGDAKLGNLIK P2_KRPNVVPIVEDARHPHKYR 7 17,O45012,,,false,Q22053,,,false,DSG,262.783,false,true,false,false,2,2,1,Between,0,0,0,,0,0,0
23,68146,68496,Scan: 37871 Run: 20240131_E0_NEO6_Mueller_MS_TechHub_IMP_THIDVJSSG004_Celegans_Nulcei_S3_DSG_SEC85_allng_FAIMS_001.raw P1_RHVSLLFDRKEANK P2_DLQELLEKSVVGPK 10 8,Q9N4U1,,,false,Q23495,,,false,DSG,262.73,false,true,false,false,1,1,1,Between,0,0,0,,0,0,0
46,391;193,440;208,Scan: 27259 Run: 20240131_E0_NEO6_Mueller_MS_TechHub_IMP_THIDVJSSG004_Celegans_Nulcei_S3_DSG_SEC85_allng_FAIMS_001.raw P1_TLINRTQGTKIASEGLK P2_KAVDPFSRK 10 1;Scan: 14582 Run: 20240131_E0_NEO6_Mueller_MS_TechHub_IMP_THIDVJSSG004_Celegans_Nulcei_S3_DSG_SEC95_allng_FAIMS_001.raw P1_LCSIVKK P2_KSVNQVK 6 1,P48154,,,false,P48154,,,false,DSG,262.172,false,true,false,false,2,2,2,Self,-0.008,-0.008,0,,0,0,0
22,68063,24691;68416,Scan: 44798 Run: 20240131_E0_NEO6_Mueller_MS_TechHub_IMP_THIDVJSSG004_Celegans_Nulcei_S3_DSG_SEC9_allng_FAIMS_001.raw P1_LTDFERYKLMK P2_IAQYQKIIEALGYN 8 6;Scan: 43158 Run: 20240131_E0_NEO6_Mueller_MS_TechHub_IMP_THIDVJSSG004_Celegans_Nulcei_S3_DSG_SEC9_allng_FAIMS_001.raw P1_LTDFERYKLMK P2_IAQYQKIIEALGYN 8 6;Scan: 41179 Run: 20240131_E0_NEO6_Mueller_MS_TechHub_IMP_THIDVJSSG004_Celegans_Nulcei_S3_DSG_SEC95_allng_FAIMS_001.raw P1_YKLMK P2_IAQYQKIIEALGYN 2 6,Q27389,,,false,Q9XVE9,,,false,DSG,261.034,false,true,false,false,3,2,1,Between,0,0,0,,0,0,0
64,373;218;261,418;234;281,Scan: 39825 Run: 20240131_E0_NEO6_Mueller_MS_TechHub_IMP_THIDVJSSG004_Celegans_Nulcei_S3_DSG_SEC85_allng_FAIMS_001.raw P1_TYNIIACPNSGKPYALVAKK P2_KVTCVELPGPRPLTGF 19 1;Scan: 35951 Run: 20240131_E0_NEO6_Mueller_MS_TechHub_IMP_THIDVJSSG004_Celegans_Nulcei_S3_DSG_SEC8_allng_FAIMS_001.raw P1_TYNIIACPNSGKPYALVAKK P2_SFNDREVAIRKVTCVELPGPRPLTGF 12 11;Scan: 20113 Run: 20240131_E0_NEO6_Mueller_MS_TechHub_IMP_THIDVJSSG004_Celegans_Nulcei_S3_DSG_SEC9_allng_FAIMS_001.raw P1_CDDKNFVGK P2_ADIKTVERK 4 4,Q9XWT4,,,false,Q9XWT4,,,false,DSG,259.826,false,true,false,false,3,3,3,Self,-0.008,-0.008,0,,0,0,0
35,374;179;268,420;192;290,Scan: 9474 Run: 20240131_E0_NEO6_Mueller_MS_TechHub_IMP_THIDVJSSG004_Celegans_Nulcei_S3_DSG_SEC9_allng_FAIMS_001.raw P1_VTKSAQK P2_SVEKSDGSSGK 3 4;Scan: 36814 Run: 20240131_E0_NEO6_Mueller_MS_TechHub_IMP_THIDVJSSG004_Celegans_Nulcei_S3_DSG_SEC85_allng_FAIMS_001.raw P1_GWAVERKEGNASGK P2_EHALLAQTLGVKQLIVACNK 7 12;Scan: 14339 Run: 20240131_E0_NEO6_Mueller_MS_TechHub_IMP_THIDVJSSG004_Celegans_Nulcei_S3_DSG_SEC85_allng_FAIMS_001.raw P1_SDGSSGKVTK P2_RGSVCSDSKQDPAK 7 9,P53013,,,false,P53013,,,false,DSG,257.425,false,true,false,false,3,3,3,Self,-0.008,-0.008,0,,0,0,0
125,285;313;331,312;349;186,Scan: 37458 Run: 20240131_E0_NEO6_Mueller_MS_TechHub_IMP_THIDVJSSG004_Celegans_Nulcei_S3_DSG_SEC85_allng_FAIMS_001.raw P1_LRQINNGVFVKLNK P2_GDFYVPAEHKVAFVVR 11 10;Scan: 39494 Run: 20240131_E0_NEO6_Mueller_MS_TechHub_IMP_THIDVJSSG004_Celegans_Nulcei_S3_DSG_SEC9_allng_FAIMS_001.raw P1_LNKATLPLLR P2_GDFYVPAEHKVAFVVR 3 10;Scan: 20564 Run: 20240131_E0_NEO6_Mueller_MS_TechHub_IMP_THIDVJSSG004_Celegans_Nulcei_S3_DSG_SEC9_allng_FAIMS_001.raw P1_TQYFKR P2_AEKYVQEYRNAQK 5 3;Scan: 23273 Run: 20240131_E0_NEO6_Mueller_MS_TechHub_IMP_THIDVJSSG004_Celegans_Nulcei_S3_DSG_SEC85_allng_FAIMS_001.raw P1_TQYFKR P2_AEKYVQEYRNAQK 5 3,O01802,,,false,O01802,,,false,DSG,252.692,false,true,false,false,4,3,3,Self,-0.008,-0.008,0,,0,0,0
21,68120,68479;68473,Scan: 21913 Run: 20240131_E0_NEO6_Mueller_MS_TechHub_IMP_THIDVJSSG004_Celegans_Nulcei_S3_DSG_SEC8_allng_FAIMS_001.raw P1_HIFLSMKGVDAK P2_HFGPAPGVPHSHTKPYVR 7 14;Scan: 20378 Run: 20240131_E0_NEO6_Mueller_MS_TechHub_IMP_THIDVJSSG004_Celegans_Nulcei_S3_DSG_SEC8_allng_FAIMS_001.raw P1_KHIFLSMKGVDAK P2_HFGPAPGVPHSHTKPYVR 8 14,O45226,,,false,O45946,,,false,DSG,251.07,false,true,false,false,2,2,1,Between,0,0,0,,0,0,0
37,182;293;359,195;326;403,Scan: 25104 Run: 20240131_E0_NEO6_Mueller_MS_TechHub_IMP_THIDVJSSG004_Celegans_Nulcei_S3_DSG_SEC85_allng_FAIMS_001.raw P1_TLRKGDGAGGDDEE P2_HIDFSLQSPYGGGRPGRVKRR 4 19;Scan: 40316 Run: 20240131_E0_NEO6_Mueller_MS_TechHub_IMP_THIDVJSSG004_Celegans_Nulcei_S3_DSG_SEC9_allng_FAIMS_001.raw P1_MKLDYVLGLK P2_ELLTLEDKDPK 2 8;Scan: 17080 Run: 20240131_E0_NEO6_Mueller_MS_TechHub_IMP_THIDVJSSG004_Celegans_Nulcei_S3_DSG_SEC8_allng_FAIMS_001.raw P1_LGLAKSIHHAR P2_ILIKQHHIR 5 4,Q20228,,,false,Q20228,,,false,DSG,251.059,false,true,false,false,3,3,3,Self,-0.008,-0.008,0,,0,0,0
20,68085,68432;68442,Scan: 25097 Run: 20240131_E0_NEO6_Mueller_MS_TechHub_IMP_THIDVJSSG004_Celegans_Nulcei_S3_DSG_SEC85_allng_FAIMS_001.raw P1_VFDKEETGK P2_FIRIHFNKHGR 4 8;Scan: 25223 Run: 20240131_E0_NEO6_Mueller_MS_TechHub_IMP_THIDVJSSG004_Celegans_Nulcei_S3_DSG_SEC85_allng_FAIMS_001.raw P1_VFDKEETGK P2_FIRIHFNKHGR 4 8;Scan: 20338 Run: 20240131_E0_NEO6_Mueller_MS_TechHub_IMP_THIDVJSSG004_Celegans_Nulcei_S3_DSG_SEC85_allng_FAIMS_001.raw P1_VFDKEETGK P2_IHFNKHGR 4 5,P53014,,,false,P02566,,,false,DSG,250.804,false,true,false,false,3,2,1,Between,0,0,0,,0,0,0.018
210,390,439,Scan: 42269 Run: 20240131_E0_NEO6_Mueller_MS_TechHub_IMP_THIDVJSSG004_Celegans_Nulcei_S3_DSG_SEC85_allng_FAIMS_001.raw P1_TMEGDCEVAYTIVQEGEKTIYTK P2_EGQFVKPQTVYTYTFKNEK 18 16,Q9N4J2;P06125,;,;,false,Q9N4J2;P06125,;,;,false,DSG,247.43,false,true,false,false,1,1,1,Self,-0.008,-0.008,0,,0,0,0
209,388,436,Scan: 32093 Run: 20240131_E0_NEO6_Mueller_MS_TechHub_IMP_THIDVJSSG004_Celegans_Nulcei_S3_DSG_SEC85_allng_FAIMS_001.raw P1_VAVEAKNPADLPK P2_DLEEDHACIPLKK 6 12,P29691,,,false,P29691,,,false,DSG,244.88,false,true,false,false,1,1,1,Self,-0.008,-0.008,0,,0,0,0
208,387,371,Scan: 21302 Run: 20240131_E0_NEO6_Mueller_MS_TechHub_IMP_THIDVJSSG004_Celegans_Nulcei_S3_DSG_SEC85_allng_FAIMS_001.raw P1_YSKEEHDAK P2_MRDDAAAYHKLLAK 3 10;Scan: 21273 Run: 20240131_E0_NEO6_Mueller_MS_TechHub_IMP_THIDVJSSG004_Celegans_Nulcei_S3_DSG_SEC85_allng_FAIMS_001.raw P1_YSKEEHDAK P2_MRDDAAAYHKLLAK 3 10,I2HAF9;Q9NEN6,;,;,false,I2HAF9;Q9NEN6,;,;,false,DSG,244.695,false,true,false,false,2,1,1,Self,-0.008,-0.008,0,,0,0,0
207,386,435,Scan: 41756 Run: 20240131_E0_NEO6_Mueller_MS_TechHub_IMP_THIDVJSSG004_Celegans_Nulcei_S3_DSG_SEC85_allng_FAIMS_001.raw P1_SYDAFIASESLIKQIPR P2_ILGPGLNKAGKFPSVVTHGESLQSK 13 8,Q9N4I4;Q95Y46,;,;,false,Q9N4I4;Q95Y46,;,;,false,DSG,243.36,false,true,false,false,1,1,1,Self,-0.008,-0.008,0,,0,0,0
18,68082,68485;68439,Scan: 30553 Run: 20240131_E0_NEO6_Mueller_MS_TechHub_IMP_THIDVJSSG004_Celegans_Nulcei_S3_DSG_SEC9_allng_FAIMS_001.raw P1_NQYPHKMQF P2_AKLTDFER 6 2;Scan: 26832 Run: 20240131_E0_NEO6_Mueller_MS_TechHub_IMP_THIDVJSSG004_Celegans_Nulcei_S3_DSG_SEC9_allng_FAIMS_001.raw P1_NQYPHKMQF P2_AKLTDFERYK 6 2,Q9XVE9,,,false,P47991,,,false,DSG,240.728,false,true,false,false,2,2,1,Between,0,0,0,,0,0,0
17,66127,68482;68330;66489,Scan: 11500 Run: 20240131_E0_NEO6_Mueller_MS_TechHub_IMP_THIDVJSSG004_Celegans_Nulcei_S3_DSG_SEC9_allng_FAIMS_001.raw P1_LAHYNKR P2_KGNYAQR 6 1;Scan: 21245 Run: 20240131_E0_NEO6_Mueller_MS_TechHub_IMP_THIDVJSSG004_Celegans_Nulcei_S3_DSG_SEC85_allng_FAIMS_001.raw P1_LAHYNKRSTISSREIQTAVR P2_KGNYAQR 6 1;Scan: 17487 Run: 20240131_E0_NEO6_Mueller_MS_TechHub_IMP_THIDVJSSG004_Celegans_Nulcei_S3_DSG_SEC85_allng_FAIMS_001.raw P1_LAHYNKR P2_ILRKGNYAQR 6 4,Q27485;J7S164;J7SA65;P09588,;;;,;;;,false,Q27484;Q22979;Q27876;P04255;Q27894,;;;;,;;;;,false,DSG,238.704,false,true,false,false,3,3,1,Between,0,0,0,,0,0,0
103,168;367,232;178;414,Scan: 36395 Run: 20240131_E0_NEO6_Mueller_MS_TechHub_IMP_THIDVJSSG004_Celegans_Nulcei_S3_DSG_SEC9_allng_FAIMS_001.raw P1_SFQLYKK P2_QIESAIEKWDDYK 6 8;Scan: 40525 Run: 20240131_E0_NEO6_Mueller_MS_TechHub_IMP_THIDVJSSG004_Celegans_Nulcei_S3_DSG_SEC85_allng_FAIMS_001.raw P1_SFQLYKK P2_QIESAIEKWDDYKEDFDK 6 8;Scan: 34489 Run: 20240131_E0_NEO6_Mueller_MS_TechHub_IMP_THIDVJSSG004_Celegans_Nulcei_S3_DSG_SEC9_allng_FAIMS_001.raw P1_SFQLYKK P2_NSWGAGWGEKGYIR 6 10,O45734,,,false,O45734,,,false,DSG,238.219,false,true,false,false,3,3,2,Self,-0.008,-0.008,0,,0,0,0
71,142;113;327,191;150;321;120;366,Scan: 10284 Run: 20240131_E0_NEO6_Mueller_MS_TechHub_IMP_THIDVJSSG004_Celegans_Nulcei_S3_DSG_SEC85_allng_FAIMS_001.raw P1_ARTKQTARK P2_APRKQLATK 4 4;Scan: 11514 Run: 20240131_E0_NEO6_Mueller_MS_TechHub_IMP_THIDVJSSG004_Celegans_Nulcei_S3_DSG_SEC85_allng_FAIMS_001.raw P1_ARTKQTAR P2_APRKQLATK 4 4;Scan: 8229 Run: 20240131_E0_NEO6_Mueller_MS_TechHub_IMP_THIDVJSSG004_Celegans_Nulcei_S3_DSG_SEC9_allng_FAIMS_001.raw P1_KSTGGK P2_APRKQLATK 1 4;Scan: 8380 Run: 20240131_E0_NEO6_Mueller_MS_TechHub_IMP_THIDVJSSG004_Celegans_Nulcei_S3_DSG_SEC9_allng_FAIMS_001.raw P1_QTARKSTGGK P2_APRKQLATK 5 4;Scan: 11226 Run: 20240131_E0_NEO6_Mueller_MS_TechHub_IMP_THIDVJSSG004_Celegans_Nulcei_S3_DSG_SEC85_allng_FAIMS_001.raw P1_STGGKAPRK P2_QLATKAARK 5 5,Q10453;K7ZUH9;Q27532;Q9U281;P08898,;;;;,;;;;,false,Q10453;K7ZUH9;Q9U281;Q27489;P08898,;;;;,;;;;,false,DSG,231.446,false,true,false,false,5,5,3,Self,-0.008,-0.008,0,,0,0,0
204,381,428,Scan: 30949 Run: 20240131_E0_NEO6_Mueller_MS_TechHub_IMP_THIDVJSSG004_Celegans_Nulcei_S3_DSG_SEC9_allng_FAIMS_001.raw P1_KPGMGVADVAK P2_AAGVEWGKLTDK 1 8,G5EFV4,,,false,G5EFV4,,,false,DSG,231.18,false,true,false,false,1,1,1,Self,-0.008,-0.008,0,,0,0,0
202,380,427,Scan: 39255 Run: 20240131_E0_NEO6_Mueller_MS_TechHub_IMP_THIDVJSSG004_Celegans_Nulcei_S3_DSG_SEC9_allng_FAIMS_001.raw P1_VTENFQKTQWAK P2_DLQLTKFVLK 7 6,Q9XVE9,,,false,Q9XVE9,,,false,DSG,228.46,false,true,false,false,1,1,1,Self,-0.008,-0.008,0,,0,0,0
15,60821,68209;68185;61150,Scan: 24401 Run: 20240131_E0_NEO6_Mueller_MS_TechHub_IMP_THIDVJSSG004_Celegans_Nulcei_S3_DSG_SEC85_allng_FAIMS_001.raw P1_FAKIQMK P2_EHKEIVPFRR 3 3;Scan: 27283 Run: 20240131_E0_NEO6_Mueller_MS_TechHub_IMP_THIDVJSSG004_Celegans_Nulcei_S3_DSG_SEC85_allng_FAIMS_001.raw P1_FAKIQMK P2_EHKEIVPFRR 3 3;Scan: 22258 Run: 20240131_E0_NEO6_Mueller_MS_TechHub_IMP_THIDVJSSG004_Celegans_Nulcei_S3_DSG_SEC8_allng_FAIMS_001.raw P1_FAKIQMK P2_EHKEIVPFRRFHGGIGR 3 3;Scan: 22520 Run: 20240131_E0_NEO6_Mueller_MS_TechHub_IMP_THIDVJSSG004_Celegans_Nulcei_S3_DSG_SEC85_allng_FAIMS_001.raw P1_KFAKIQMK P2_EHKEIVPFRR 4 3,Q9BL19,,,false,Q9U332,,,false,DSG,224.046,false,true,false,false,4,3,1,Between,0,0,0,,0,0,0.018
201,376,423,Scan: 35405 Run: 20240131_E0_NEO6_Mueller_MS_TechHub_IMP_THIDVJSSG004_Celegans_Nulcei_S3_DSG_SEC85_allng_FAIMS_001.raw P1_SFLEATDKEK P2_KTLQGLNDRLGNYIDRVK 8 1,Q19289,,,false,Q19289,,,false,DSG,222.04,false,true,false,false,1,1,1,Self,-0.008,-0.008,0,,0,0,0
68,362;222,407;238,Scan: 31790 Run: 20240131_E0_NEO6_Mueller_MS_TechHub_IMP_THIDVJSSG004_Celegans_Nulcei_S3_DSG_SEC85_allng_FAIMS_001.raw P1_NCGKDGFHLR P2_IRIFDLGNKR 4 9;Scan: 23394 Run: 20240131_E0_NEO6_Mueller_MS_TechHub_IMP_THIDVJSSG004_Celegans_Nulcei_S3_DSG_SEC9_allng_FAIMS_001.raw P1_NCGKDGFHLR P2_ICANKYMVK 4 5,Q09533,,,false,Q09533,,,false,DSG,219.686,false,true,false,false,2,2,2,Self,-0.008,-0.008,0,,0,0,0
200,375,422,Scan: 47190 Run: 20240131_E0_NEO6_Mueller_MS_TechHub_IMP_THIDVJSSG004_Celegans_Nulcei_S3_DSG_SEC85_allng_FAIMS_001.raw P1_QLDTFVETVFTKNHLLLTR P2_AVDAIRVVAHKF 12 11,A0A0K3ARH7;P91079,;,;,false,A0A0K3ARH7;P91079,;,;,false,DSG,218.25,false,true,false,false,1,1,1,Self,-0.008,-0.008,0,,0,0,0
197,370,416,Scan: 30149 Run: 20240131_E0_NEO6_Mueller_MS_TechHub_IMP_THIDVJSSG004_Celegans_Nulcei_S3_DSG_SEC9_allng_FAIMS_001.raw P1_GDSKLDQQK P2_DIKDLLPHAK 4 3,P34524,,,false,P34524,,,false,DSG,212.96,false,true,false,false,1,1,1,Self,-0.008,-0.008,0,,0,0,0
195,368,415,Scan: 36724 Run: 20240131_E0_NEO6_Mueller_MS_TechHub_IMP_THIDVJSSG004_Celegans_Nulcei_S3_DSG_SEC85_allng_FAIMS_001.raw P1_SVNFDKCITRPETAYGLR P2_ECEKEGQFVKPQTVYTYTFK 6 4,Q9N4J2;P06125,;,;,false,P18947;Q9N4J2;P06125,;;,;;,false,DSG,212.05,false,true,false,false,1,1,1,Self,-0.008,-0.008,0,,0,0,0
13,68139,68388,Scan: 31281 Run: 20240131_E0_NEO6_Mueller_MS_TechHub_IMP_THIDVJSSG004_Celegans_Nulcei_S3_DSG_SEC85_allng_FAIMS_001.raw P1_RGLRTQSEHTSLLKLEGVFNK P2_KLLQGDK 14 1;Scan: 31299 Run: 20240131_E0_NEO6_Mueller_MS_TechHub_IMP_THIDVJSSG004_Celegans_Nulcei_S3_DSG_SEC85_allng_FAIMS_001.raw P1_RGLRTQSEHTSLLKLEGVFNK P2_KLLQGDK 14 1,P49180,,,false,Q27389,,,false,DSG,212.034,false,true,false,false,2,1,1,Between,0,0,0,,0,0,0
107,274;263;283,299;283;200,Scan: 33621 Run: 20240131_E0_NEO6_Mueller_MS_TechHub_IMP_THIDVJSSG004_Celegans_Nulcei_S3_DSG_SEC8_allng_FAIMS_001.raw P1_SAPARDKLDSFAVIK P2_KIEDHNTLVFIVDEKANK 7 15;Scan: 13056 Run: 20240131_E0_NEO6_Mueller_MS_TechHub_IMP_THIDVJSSG004_Celegans_Nulcei_S3_DSG_SEC8_allng_FAIMS_001.raw P1_RAVHALYNVKAVK P2_ANKHHIK 10 3;Scan: 17854 Run: 20240131_E0_NEO6_Mueller_MS_TechHub_IMP_THIDVJSSG004_Celegans_Nulcei_S3_DSG_SEC85_allng_FAIMS_001.raw P1_HHIKR P2_AVHALYNVKAVK 4 9;Scan: 17698 Run: 20240131_E0_NEO6_Mueller_MS_TechHub_IMP_THIDVJSSG004_Celegans_Nulcei_S3_DSG_SEC85_allng_FAIMS_001.raw P1_HHIKR P2_AVHALYNVKAVK 4 9,Q20647,,,false,Q20647,,,false,DSG,207.882,false,true,false,false,4,3,3,Self,-0.008,-0.008,0,,0,0,0
66,353;220,307;236,Scan: 12464 Run: 20240131_E0_NEO6_Mueller_MS_TechHub_IMP_THIDVJSSG004_Celegans_Nulcei_S3_DSG_SEC9_allng_FAIMS_001.raw P1_STMGKPQRVY P2_GSSEKPRK 5 5;Scan: 12379 Run: 20240131_E0_NEO6_Mueller_MS_TechHub_IMP_THIDVJSSG004_Celegans_Nulcei_S3_DSG_SEC9_allng_FAIMS_001.raw P1_STMGKPQRVY P2_GSSEKPRK 5 5;Scan: 33277 Run: 20240131_E0_NEO6_Mueller_MS_TechHub_IMP_THIDVJSSG004_Celegans_Nulcei_S3_DSG_SEC85_allng_FAIMS_001.raw P1_VSRESLNEAIAEVLKGSSEKPRK P2_STMGKPQRVY 15 5,Q9N4I4,,,false,Q9N4I4;Q95Y46,;,;,false,DSG,206.314,false,true,false,false,3,2,2,Self,-0.008,-0.008,0,,0,0,0
11,47273,68430;45684;64046;47520,Scan: 19237 Run: 20240131_E0_NEO6_Mueller_MS_TechHub_IMP_THIDVJSSG004_Celegans_Nulcei_S3_DSG_SEC85_allng_FAIMS_001.raw P1_NGFREGTTPKPR P2_KFYADHK 10 1;Scan: 19271 Run: 20240131_E0_NEO6_Mueller_MS_TechHub_IMP_THIDVJSSG004_Celegans_Nulcei_S3_DSG_SEC8_allng_FAIMS_001.raw P1_QELRKFYADHK P2_FRNGFREGTTPKPRAQPTN 5 12;Scan: 19236 Run: 20240131_E0_NEO6_Mueller_MS_TechHub_IMP_THIDVJSSG004_Celegans_Nulcei_S3_DSG_SEC8_allng_FAIMS_001.raw P1_QELRKFYADHK P2_FRNGFREGTTPKPRAQPTN 5 12;Scan: 19825 Run: 20240131_E0_NEO6_Mueller_MS_TechHub_IMP_THIDVJSSG004_Celegans_Nulcei_S3_DSG_SEC85_allng_FAIMS_001.raw P1_KFYADHK P2_FRNGFREGTTPKPR 1 12;Scan: 19859 Run: 20240131_E0_NEO6_Mueller_MS_TechHub_IMP_THIDVJSSG004_Celegans_Nulcei_S3_DSG_SEC85_allng_FAIMS_001.raw P1_KFYADHK P2_FRNGFREGTTPKPR 1 12;Scan: 18774 Run: 20240131_E0_NEO6_Mueller_MS_TechHub_IMP_THIDVJSSG004_Celegans_Nulcei_S3_DSG_SEC8_allng_FAIMS_001.raw P1_QELRKFYADHK P2_FRNGFREGTTPKPR 5 12,P34662,,,false,O62388,,,false,DSG,205.842,false,true,false,false,6,4,1,Between,0,0,0,,0,0.167,0.093
131,320;292,258;323,Scan: 46092 Run: 20240131_E0_NEO6_Mueller_MS_TechHub_IMP_THIDVJSSG004_Celegans_Nulcei_S3_DSG_SEC85_allng_FAIMS_001.raw P1_YYKNFLAR P2_NRIEDVVEDYEKQITDNVTIPAQFHR 3 12;Scan: 46065 Run: 20240131_E0_NEO6_Mueller_MS_TechHub_IMP_THIDVJSSG004_Celegans_Nulcei_S3_DSG_SEC85_allng_FAIMS_001.raw P1_YYKNFLAR P2_NRIEDVVEDYEKQITDNVTIPAQFHR 3 12;Scan: 28269 Run: 20240131_E0_NEO6_Mueller_MS_TechHub_IMP_THIDVJSSG004_Celegans_Nulcei_S3_DSG_SEC85_allng_FAIMS_001.raw P1_EGDAEKETIHLLGK P2_AKPEFHR 6 2,Q17832,,,false,Q17832,,,false,DSG,203.712,false,true,false,false,3,2,2,Self,-0.008,-0.008,0,,0,0,0
112,330;270,370;295,Scan: 47874 Run: 20240131_E0_NEO6_Mueller_MS_TechHub_IMP_THIDVJSSG004_Celegans_Nulcei_S3_DSG_SEC9_allng_FAIMS_001.raw P1_IDVVPSAASLIVKELK P2_HNGDLTVDTIIKIAR 13 12;Scan: 58702 Run: 20240131_E0_NEO6_Mueller_MS_TechHub_IMP_THIDVJSSG004_Celegans_Nulcei_S3_DSG_SEC9_allng_FAIMS_001.raw P1_VTCKLTIQNR P2_VAKIDVVPSAASLIVK 4 3,P61866,,,false,P61866,,,false,DSG,201.154,false,true,false,false,2,2,2,Self,-0.008,-0.008,0,,0,0,0
189,361,406,Scan: 42670 Run: 20240131_E0_NEO6_Mueller_MS_TechHub_IMP_THIDVJSSG004_Celegans_Nulcei_S3_DSG_SEC85_allng_FAIMS_001.raw P1_YITTKYTLGDQANK P2_ADAAHPPFINMVTEAISSIKDRK 5 20,O17536,,,false,O17536,,,false,DSG,198.53,false,true,false,false,1,1,1,Self,-0.008,-0.008,0,,0,0,0
185,358,400,Scan: 43779 Run: 20240131_E0_NEO6_Mueller_MS_TechHub_IMP_THIDVJSSG004_Celegans_Nulcei_S3_DSG_SEC85_allng_FAIMS_001.raw P1_EAEEVLSIVRDVLTETTKAK P2_AKAEKAYEVAK 18 5,O44565,,,false,O44565,,,false,DSG,192.5,false,true,false,false,1,1,1,Self,-0.008,-0.008,0,,0,0,0
184,357,399,Scan: 35952 Run: 20240131_E0_NEO6_Mueller_MS_TechHub_IMP_THIDVJSSG004_Celegans_Nulcei_S3_DSG_SEC8_allng_FAIMS_001.raw P1_RSILNLFSLRKSAPVDEMNQDQK P2_DMESDKDSLFFNVHEK 11 6,P18947;Q9N4J2;P06125,;;,;;,false,P06125,,,false,DSG,190.21,false,true,false,false,1,1,1,Self,-0.008,-0.008,0,,0,0,0
9,67786,68471;64994,Scan: 21726 Run: 20240131_E0_NEO6_Mueller_MS_TechHub_IMP_THIDVJSSG004_Celegans_Nulcei_S3_DSG_SEC85_allng_FAIMS_001.raw P1_AVTKYTSSK P2_AKSRSSRAGLQFPVGR 4 2;Scan: 9252 Run: 20240131_E0_NEO6_Mueller_MS_TechHub_IMP_THIDVJSSG004_Celegans_Nulcei_S3_DSG_SEC9_allng_FAIMS_001.raw P1_AVTKYTSSK P2_AKSRSSR 4 2;Scan: 5540 Run: 20240131_E0_NEO6_Mueller_MS_TechHub_IMP_THIDVJSSG004_Celegans_Nulcei_S3_DSG_SEC95_allng_FAIMS_001.raw P1_AVTKYTSSK P2_AKSRSSR 4 2,Q27484;Q27876;P04255;Q27894,;;;,;;;,false,Q27485;J7S164;J7SA65;P09588,;;;,;;;,false,DSG,189.983,false,true,false,false,3,2,1,Between,0,0,0,,0,0.042,0.018
40,344;185,387;198,Scan: 40484 Run: 20240131_E0_NEO6_Mueller_MS_TechHub_IMP_THIDVJSSG004_Celegans_Nulcei_S3_DSG_SEC8_allng_FAIMS_001.raw P1_MHLIKTITEQIQEVENNIPETSHFLAR P2_EIHETLYVKADK 5 9;Scan: 32349 Run: 20240131_E0_NEO6_Mueller_MS_TechHub_IMP_THIDVJSSG004_Celegans_Nulcei_S3_DSG_SEC8_allng_FAIMS_001.raw P1_VIRGEQEIVAQLQNEEIRVKVDGK P2_KILSEDYSAHQIER 20 1,P05690;P55155,;,;,false,P55155,,,false,DSG,187.921,false,true,false,false,2,2,2,Self,-0.008,-0.008,0,,0,0,0
8,67571,50951;67925,Scan: 41833 Run: 20240131_E0_NEO6_Mueller_MS_TechHub_IMP_THIDVJSSG004_Celegans_Nulcei_S3_DSG_SEC8_allng_FAIMS_001.raw P1_LVRTKTHSQNSVSSAK P2_AIKDEIVAALEKLTSIDESVAQAK 5 12;Scan: 41868 Run: 20240131_E0_NEO6_Mueller_MS_TechHub_IMP_THIDVJSSG004_Celegans_Nulcei_S3_DSG_SEC8_allng_FAIMS_001.raw P1_LVRTKTHSQNSVSSAK P2_AIKDEIVAALEKLTSIDESVAQAK 5 12;Scan: 48933 Run: 20240131_E0_NEO6_Mueller_MS_TechHub_IMP_THIDVJSSG004_Celegans_Nulcei_S3_DSG_SEC85_allng_FAIMS_001.raw P1_TKTHSQNSVSSAK P2_AIKDEIVAALEKLTSIDESVAQAK 2 12,Q18823,,,false,A0A061AJI9;A0A061AD21;C1P640;Q21313;G5EEV6;C1P641,;;;;;,;;;;;,false,DSG,187.592,false,true,false,false,3,2,1,Between,0,0,0,,0,0.023,0.018
183,354,396,Scan: 39083 Run: 20240131_E0_NEO6_Mueller_MS_TechHub_IMP_THIDVJSSG004_Celegans_Nulcei_S3_DSG_SEC9_allng_FAIMS_001.raw P1_THIEAYKGLSQDAK P2_EFPILTGFFKNEK 7 10,P34382,,,false,P34382,,,false,DSG,187.06,false,true,false,false,1,1,1,Self,-0.008,-0.008,0,,0,0,0
88,241;325,257;365,Scan: 28350 Run: 20240131_E0_NEO6_Mueller_MS_TechHub_IMP_THIDVJSSG004_Celegans_Nulcei_S3_DSG_SEC85_allng_FAIMS_001.raw P1_SKADRAK P2_EGLEELERQLDSKARDAK 2 13;Scan: 30356 Run: 20240131_E0_NEO6_Mueller_MS_TechHub_IMP_THIDVJSSG004_Celegans_Nulcei_S3_DSG_SEC85_allng_FAIMS_001.raw P1_QAQRRKADELEDAK P2_ARFEGEGLLKADELEDAK 6 10,decoy:P02566,decoy:,decoy:,true,P02566,,,false,DSG,186.216,true,false,true,false,2,2,2,Self,-0.008,-0.001,0,,0,0,0
7,68126,68478,Scan: 42007 Run: 20240131_E0_NEO6_Mueller_MS_TechHub_IMP_THIDVJSSG004_Celegans_Nulcei_S3_DSG_SEC9_allng_FAIMS_001.raw P1_GFQNLWFSHPR P2_DFNAKTHPNIEGVSNLEVIK 1 5,P90983,,,false,O01869,,,false,DSG,184.45,false,true,false,false,1,1,1,Between,0,0,0,,0,0,0
178,351,394,Scan: 8179 Run: 20240131_E0_NEO6_Mueller_MS_TechHub_IMP_THIDVJSSG004_Celegans_Nulcei_S3_DSG_SEC9_allng_FAIMS_001.raw P1_KDDDEEEK P2_KAEEEKEAK 1 6,P27798,,,false,P27798,,,false,DSG,183.78,false,true,false,false,1,1,1,Self,-0.008,-0.008,0,,0,0,0
6,68124,53576,Scan: 39991 Run: 20240131_E0_NEO6_Mueller_MS_TechHub_IMP_THIDVJSSG004_Celegans_Nulcei_S3_DSG_SEC9_allng_FAIMS_001.raw P1_VETGRVKMDTYYK P2_TGKVDYALESSGGAVVSTRCSETYKSYTR 7 25;Scan: 47804 Run: 20240131_E0_NEO6_Mueller_MS_TechHub_IMP_THIDVJSSG004_Celegans_Nulcei_S3_DSG_SEC9_allng_FAIMS_001.raw P1_VETGRVKMDTYYK P2_TGKVDYALESSGGAVVSTRCSETYKSYTR 7 25;Scan: 38492 Run: 20240131_E0_NEO6_Mueller_MS_TechHub_IMP_THIDVJSSG004_Celegans_Nulcei_S3_DSG_SEC9_allng_FAIMS_001.raw P1_VETGRVKMDTYYK P2_TGKVDYALESSGGAVVSTRCSETYKSYTR 7 25,Q20745,,,false,G5EFP3,,,false,DSG,177.604,false,true,false,false,3,1,1,Between,0,0,0,,0,0,0.018
5,67813,68446;68163,Scan: 31161 Run: 20240131_E0_NEO6_Mueller_MS_TechHub_IMP_THIDVJSSG004_Celegans_Nulcei_S3_DSG_SEC9_allng_FAIMS_001.raw P1_SKAALGR P2_KNIDVMKEAEEAAVEVK 2 7;Scan: 30648 Run: 20240131_E0_NEO6_Mueller_MS_TechHub_IMP_THIDVJSSG004_Celegans_Nulcei_S3_DSG_SEC9_allng_FAIMS_001.raw P1_SKAALGR P2_NIDVMKEAEEAAVEVK 2 6,Q21276,,,false,Q21568,,,false,DSG,176.111,false,true,false,false,2,2,1,Between,0,0,0,,0,0.113,0.065
4,68123,68319,Scan: 55317 Run: 20240131_E0_NEO6_Mueller_MS_TechHub_IMP_THIDVJSSG004_Celegans_Nulcei_S3_DSG_SEC95_allng_FAIMS_001.raw P1_TGKVDYALESSGGAVVSTRCSETYKSYTR P2_KSEISLNYDDAVVR 25 1;Scan: 49358 Run: 20240131_E0_NEO6_Mueller_MS_TechHub_IMP_THIDVJSSG004_Celegans_Nulcei_S3_DSG_SEC9_allng_FAIMS_001.raw P1_TGKVDYALESSGGAVVSTRCSETYKSYTR P2_KSEISLNYDDAVVR 25 1,Q20745,,,false,P54813,,,false,DSG,172.443,false,true,false,false,2,1,1,Between,0,0,0,,0,0,0.123
172,343,386,Scan: 45116 Run: 20240131_E0_NEO6_Mueller_MS_TechHub_IMP_THIDVJSSG004_Celegans_Nulcei_S3_DSG_SEC85_allng_FAIMS_001.raw P1_LYENKPVYSLDTIVK P2_DINFLAHEPIINKFRDYK 5 13,Q95Y89,,,false,Q95Y89,,,false,DSG,172.23,false,true,false,false,1,1,1,Self,-0.008,-0.007,0,,0,0,0
3,68122,68474,Scan: 26527 Run: 20240131_E0_NEO6_Mueller_MS_TechHub_IMP_THIDVJSSG004_Celegans_Nulcei_S3_DSG_SEC85_allng_FAIMS_001.raw P1_VRVENEQLKASLSK P2_KVKLEQEELDSK 9 1,G5EGS8,,,false,Q9N3E8,,,false,DSG,171.4,false,true,false,false,1,1,1,Between,0,0,0,,0,0,0
171,342,384,Scan: 20526 Run: 20240131_E0_NEO6_Mueller_MS_TechHub_IMP_THIDVJSSG004_Celegans_Nulcei_S3_DSG_SEC8_allng_FAIMS_001.raw P1_LFRDCTKYMNGHHVK P2_DLSKLNRDLSK 7 4,Q22647;A0A486WU22,;,;,false,Q22647;A0A486WU22,;,;,false,DSG,170.35,false,true,false,false,1,1,1,Self,-0.008,-0.007,0,,0,0,0
2,68121,66729,Scan: 24967 Run: 20240131_E0_NEO6_Mueller_MS_TechHub_IMP_THIDVJSSG004_Celegans_Nulcei_S3_DSG_SEC85_allng_FAIMS_001.raw P1_QNVALIKLNRPK P2_APPKVEIEK 7 4;Scan: 24744 Run: 20240131_E0_NEO6_Mueller_MS_TechHub_IMP_THIDVJSSG004_Celegans_Nulcei_S3_DSG_SEC85_allng_FAIMS_001.raw P1_QNVALIKLNRPK P2_APPKVEIEK 7 4,P34559,,,false,Q20108,,,false,DSG,170.287,false,true,false,false,2,1,1,Between,0,0,0,,0,0,0.018
63,215;130,231;317;137,Scan: 10855 Run: 20240131_E0_NEO6_Mueller_MS_TechHub_IMP_THIDVJSSG004_Celegans_Nulcei_S3_DSG_SEC8_allng_FAIMS_001.raw P1_IHPGHGKRLVRTDGK P2_GAKLRRNPR 7 3;Scan: 14392 Run: 20240131_E0_NEO6_Mueller_MS_TechHub_IMP_THIDVJSSG004_Celegans_Nulcei_S3_DSG_SEC9_allng_FAIMS_001.raw P1_EQAAKIAK P2_DANKAVR 5 4;Scan: 13266 Run: 20240131_E0_NEO6_Mueller_MS_TechHub_IMP_THIDVJSSG004_Celegans_Nulcei_S3_DSG_SEC9_allng_FAIMS_001.raw P1_EQAAKIAK P2_DANKAVRAAK 5 4,O01868,,,false,O01868,,,false,DSG,165.745,false,true,false,false,3,3,2,Self,-0.008,-0.006,0,,0,0,0
0,68118,68307,Scan: 22258 Run: 20240131_E0_NEO6_Mueller_MS_TechHub_IMP_THIDVJSSG004_Celegans_Nulcei_S3_DSG_SEC85_allng_FAIMS_001.raw P1_IRAAQKIAR P2_ARYLVEKAEQMK 6 7;Scan: 22306 Run: 20240131_E0_NEO6_Mueller_MS_TechHub_IMP_THIDVJSSG004_Celegans_Nulcei_S3_DSG_SEC85_allng_FAIMS_001.raw P1_IRAAQKIAR P2_ARYLVEKAEQMK 6 7,Q9BKU4,,,false,P50093,,,false,DSG,165.221,false,true,false,false,2,1,1,Between,0,0,0,,0,0,0.234
53,307;200,342;215,Scan: 23692 Run: 20240131_E0_NEO6_Mueller_MS_TechHub_IMP_THIDVJSSG004_Celegans_Nulcei_S3_DSG_SEC85_allng_FAIMS_001.raw P1_DARDELEKEK P2_DARDELEKEK 8 8;Scan: 27125 Run: 20240131_E0_NEO6_Mueller_MS_TechHub_IMP_THIDVJSSG004_Celegans_Nulcei_S3_DSG_SEC85_allng_FAIMS_001.raw P1_DARDELEKEKNANR P2_ANKALVDELR 8 3,Q65XX4,,,false,Q65XX4,,,false,DSG,164.123,false,true,false,false,2,2,2,Self,-0.008,-0.006,0,,0,0,0
65,219;291,235;322,Scan: 29483 Run: 20240131_E0_NEO6_Mueller_MS_TechHub_IMP_THIDVJSSG004_Celegans_Nulcei_S3_DSG_SEC8_allng_FAIMS_001.raw P1_LGDNVIQINAHLRQALKRGVTSK P2_GASKQAILK 17 4;Scan: 23053 Run: 20240131_E0_NEO6_Mueller_MS_TechHub_IMP_THIDVJSSG004_Celegans_Nulcei_S3_DSG_SEC85_allng_FAIMS_001.raw P1_KPAAAK P2_ALVQAAGSGANGRFRVPEKAAAAK 1 19,P10771,,,false,P10771,,,false,DSG,162.835,false,true,false,false,2,2,2,Self,-0.008,-0.006,0,,0,0,0
167,334,374,Scan: 20735 Run: 20240131_E0_NEO6_Mueller_MS_TechHub_IMP_THIDVJSSG004_Celegans_Nulcei_S3_DSG_SEC8_allng_FAIMS_001.raw P1_RAPLAPTHVKR P2_LTKSGVNVLIQPSNRR 10 3,O44503;U4PFH6,;,;,false,O44503;U4PFH6,;,;,false,DSG,162.67,false,true,false,false,1,1,1,Self,-0.008,-0.006,0,,0,0,0
89,281;243,306;260,Scan: 36835 Run: 20240131_E0_NEO6_Mueller_MS_TechHub_IMP_THIDVJSSG004_Celegans_Nulcei_S3_DSG_SEC85_allng_FAIMS_001.raw P1_VVSYTHLLPTRYSVDVAFDKTNINK P2_SKFEER 20 2;Scan: 37372 Run: 20240131_E0_NEO6_Mueller_MS_TechHub_IMP_THIDVJSSG004_Celegans_Nulcei_S3_DSG_SEC85_allng_FAIMS_001.raw P1_YSVDVAFDKTNINK P2_AVVVKQQDEGVSDRTYPHAIIAGIDRYPLK 9 5,P91914,,,false,P91914,,,false,DSG,162.467,false,true,false,false,2,2,2,Self,-0.008,-0.006,0,,0,0,0
161,176,341;188,Scan: 25466 Run: 20240131_E0_NEO6_Mueller_MS_TechHub_IMP_THIDVJSSG004_Celegans_Nulcei_S3_DSG_SEC85_allng_FAIMS_001.raw P1_YRDAKK P2_LDKHLYHELYLR 5 3;Scan: 20679 Run: 20240131_E0_NEO6_Mueller_MS_TechHub_IMP_THIDVJSSG004_Celegans_Nulcei_S3_DSG_SEC8_allng_FAIMS_001.raw P1_YRDAKK P2_LDKHLYHELYLRAK 5 3,O02639,,,false,O02639,,,false,DSG,159.768,false,true,false,false,2,2,1,Self,-0.008,-0.006,0,,0,0,0
160,328,367,Scan: 31386 Run: 20240131_E0_NEO6_Mueller_MS_TechHub_IMP_THIDVJSSG004_Celegans_Nulcei_S3_DSG_SEC85_allng_FAIMS_001.raw P1_YVADDLNDRLPKNVHLFK P2_KISETGK 12 1,Q21603,,,false,Q21603,,,false,DSG,158.81,false,true,false,false,1,1,1,Self,-0.008,-0.006,0,,0,0,0
157,324,363,Scan: 40717 Run: 20240131_E0_NEO6_Mueller_MS_TechHub_IMP_THIDVJSSG004_Celegans_Nulcei_S3_DSG_SEC85_allng_FAIMS_001.raw P1_NEEELDTIKPEYAKLLEEESRLK P2_KDQLLGIK 9 1,B2FDA8,,,false,B2FDA8,,,false,DSG,155.74,false,true,false,false,1,1,1,Self,-0.008,-0.006,0,,0,0,0
154,322,359,Scan: 46206 Run: 20240131_E0_NEO6_Mueller_MS_TechHub_IMP_THIDVJSSG004_Celegans_Nulcei_S3_DSG_SEC9_allng_FAIMS_001.raw P1_GLVALVTGGASGLGKGAAEVLAK P2_AGAQVAILDLPQSKGADVAK 15 14,Q19102,,,false,Q19102,,,false,DSG,152.46,false,true,false,false,1,1,1,Self,-0.008,-0.005,0,,0,0,0
152,314,350,Scan: 44711 Run: 20240131_E0_NEO6_Mueller_MS_TechHub_IMP_THIDVJSSG004_Celegans_Nulcei_S3_DSG_SEC85_allng_FAIMS_001.raw P1_KVTEQGQELSNEERNLLSVAYK P2_EYRVKVEQELNDICQDVLK 1 5,P41932,,,false,P41932,,,false,DSG,146.37,false,true,false,false,1,1,1,Self,-0.008,-0.005,0,,0,0,0
150,242,261;259,Scan: 13583 Run: 20240131_E0_NEO6_Mueller_MS_TechHub_IMP_THIDVJSSG004_Celegans_Nulcei_S3_DSG_SEC85_allng_FAIMS_001.raw P1_THDKVAQK P2_KRSAKSVEALK 4 5;Scan: 15178 Run: 20240131_E0_NEO6_Mueller_MS_TechHub_IMP_THIDVJSSG004_Celegans_Nulcei_S3_DSG_SEC85_allng_FAIMS_001.raw P1_THDKVAQK P2_RSAKSVEALK 4 4,Q21210,,,false,Q21210,,,false,DSG,145.725,false,true,false,false,2,2,1,Self,-0.008,-0.005,0,,0,0,0
149,311,346,Scan: 7442 Run: 20240131_E0_NEO6_Mueller_MS_TechHub_IMP_THIDVJSSG004_Celegans_Nulcei_S3_DSG_SEC9_allng_FAIMS_001.raw P1_STGGKAPR P2_KSTGGKAPR 5 1,Q10453;K7ZUH9;Q27532;Q9U281;P08898,;;;;,;;;;,false,Q10453;K7ZUH9;Q27532;Q9U281;P08898,;;;;,;;;;,false,DSG,145.51,false,true,false,false,1,1,1,Self,-0.008,-0.005,0,,0,0,0
147,309,187,Scan: 29844 Run: 20240131_E0_NEO6_Mueller_MS_TechHub_IMP_THIDVJSSG004_Celegans_Nulcei_S3_DSG_SEC9_allng_FAIMS_001.raw P1_KDDEPERDAATSLAIITK P2_IAATYKK 1 6;Scan: 29827 Run: 20240131_E0_NEO6_Mueller_MS_TechHub_IMP_THIDVJSSG004_Celegans_Nulcei_S3_DSG_SEC9_allng_FAIMS_001.raw P1_KDDEPERDAATSLAIITK P2_IAATYKK 1 6,D4YWC3;Q9XX57,;,;,false,D4YWC3;Q9XX57,;,;,false,DSG,144.694,false,true,false,false,2,1,1,Self,-0.008,-0.005,0,,0,0,0
146,308,343,Scan: 18747 Run: 20240131_E0_NEO6_Mueller_MS_TechHub_IMP_THIDVJSSG004_Celegans_Nulcei_S3_DSG_SEC8_allng_FAIMS_001.raw P1_VTRLYKRCLR P2_VTRLYKR 6 6,Q18036,,,false,Q18036,,,false,DSG,144.45,false,true,false,false,1,1,1,Self,-0.008,-0.005,0,,0,0,0
83,237;246,252;263,Scan: 30374 Run: 20240131_E0_NEO6_Mueller_MS_TechHub_IMP_THIDVJSSG004_Celegans_Nulcei_S3_DSG_SEC85_allng_FAIMS_001.raw P1_NIQKEQGYK P2_EFELEQENTESRREYFNKMVK 4 18;Scan: 23060 Run: 20240131_E0_NEO6_Mueller_MS_TechHub_IMP_THIDVJSSG004_Celegans_Nulcei_S3_DSG_SEC8_allng_FAIMS_001.raw P1_TFEPKTDYHYK P2_LVLEENHSIKSHIK 5 10,P05690,,,false,P05690,,,false,DSG,142.461,false,true,false,false,2,2,2,Self,-0.008,-0.005,0,,0,0,0
142,305,340,Scan: 37106 Run: 20240131_E0_NEO6_Mueller_MS_TechHub_IMP_THIDVJSSG004_Celegans_Nulcei_S3_DSG_SEC8_allng_FAIMS_001.raw P1_YMPQKSNIIATK P2_SPHADVYIFDYLKHSAVPRDNTFNPLIR 5 13,P90916,,,false,P90916,,,false,DSG,142.22,false,true,false,false,1,1,1,Self,-0.008,-0.005,0,,0,0,0
139,303,338,Scan: 33776 Run: 20240131_E0_NEO6_Mueller_MS_TechHub_IMP_THIDVJSSG004_Celegans_Nulcei_S3_DSG_SEC85_allng_FAIMS_001.raw P1_RLIAGEPQKALAPWYK P2_ELVKNIK 9 4,G5ECQ8;Q23670,;,;,false,G5ECQ8;Q23670,;,;,false,DSG,140.86,false,true,false,false,1,1,1,Self,-0.008,-0.005,0,,0,0,0
138,302,337,Scan: 51921 Run: 20240131_E0_NEO6_Mueller_MS_TechHub_IMP_THIDVJSSG004_Celegans_Nulcei_S3_DSG_SEC85_allng_FAIMS_001.raw P1_KAGVYDPK P2_DDLFNTNAGIVRDLAAVIAKASPK 1 20,O02640,,,false,O02640,,,false,DSG,140.69,false,true,false,false,1,1,1,Self,-0.008,-0.005,0,,0,0,0
137,301,336,Scan: 20044 Run: 20240131_E0_NEO6_Mueller_MS_TechHub_IMP_THIDVJSSG004_Celegans_Nulcei_S3_DSG_SEC9_allng_FAIMS_001.raw P1_RELSKNDELK P2_ETAKMFGPQK 5 4,O16311,,,false,O16311,,,false,DSG,140.68,false,true,false,false,1,1,1,Self,-0.008,-0.005,0,,0,0,0
135,299,334,Scan: 26942 Run: 20240131_E0_NEO6_Mueller_MS_TechHub_IMP_THIDVJSSG004_Celegans_Nulcei_S3_DSG_SEC8_allng_FAIMS_001.raw P1_TSKMDHFRIIQHPLTTESAMK P2_DAVHKLYNVQALK 3 5,P48162,,,false,P48162,,,false,DSG,140.06,false,true,false,false,1,1,1,Self,-0.008,-0.005,0,,0,0,0
134,298,333,Scan: 41536 Run: 20240131_E0_NEO6_Mueller_MS_TechHub_IMP_THIDVJSSG004_Celegans_Nulcei_S3_DSG_SEC9_allng_FAIMS_001.raw P1_TMEGDCEVAYTIVQEGGKTIYTK P2_EGQFVQPQTVYTYTFKNEK 18 16,P18947,,,false,P18947,,,false,DSG,140,false,true,false,false,1,1,1,Self,-0.008,-0.005,0,,0,0,0
133,297,332,Scan: 38212 Run: 20240131_E0_NEO6_Mueller_MS_TechHub_IMP_THIDVJSSG004_Celegans_Nulcei_S3_DSG_SEC8_allng_FAIMS_001.raw P1_SNEFEIVREMKENACYLALDPTKVENNSVK P2_EMKENACYLALDPTKVENNSVK 23 15,Q9NA98,,,false,Q9NA98,,,false,DSG,139.81,false,true,false,false,1,1,1,Self,-0.008,-0.004,0,,0,0,0
129,289,320,Scan: 20878 Run: 20240131_E0_NEO6_Mueller_MS_TechHub_IMP_THIDVJSSG004_Celegans_Nulcei_S3_DSG_SEC9_allng_FAIMS_001.raw P1_VDWCFVKGK P2_KTSGKR 7 1,Q21832,,,false,Q21832,,,false,DSG,135.54,false,true,false,false,1,1,1,Self,-0.008,-0.004,0,,0,0,0
127,288,319,Scan: 32323 Run: 20240131_E0_NEO6_Mueller_MS_TechHub_IMP_THIDVJSSG004_Celegans_Nulcei_S3_DSG_SEC95_allng_FAIMS_001.raw P1_KFGPGSR P2_GFQNLWFSHPR 1 1,P90983,,,false,P90983,,,false,DSG,134.91,false,true,false,false,1,1,1,Self,-0.008,-0.004,0,,0,0,0
75,232;229,247;244,Scan: 28799 Run: 20240131_E0_NEO6_Mueller_MS_TechHub_IMP_THIDVJSSG004_Celegans_Nulcei_S3_DSG_SEC95_allng_FAIMS_001.raw P1_YVDEQSKR P2_ELKNIFAAYDK 7 3;Scan: 21843 Run: 20240131_E0_NEO6_Mueller_MS_TechHub_IMP_THIDVJSSG004_Celegans_Nulcei_S3_DSG_SEC9_allng_FAIMS_001.raw P1_TSTVQSVQTFGRKK P2_KGQGLIK 1 1,Q22054,,,false,Q22054,,,false,DSG,133.375,false,true,false,false,2,2,2,Self,-0.008,-0.004,0,,0,0,0
126,286,316,Scan: 36537 Run: 20240131_E0_NEO6_Mueller_MS_TechHub_IMP_THIDVJSSG004_Celegans_Nulcei_S3_DSG_SEC85_allng_FAIMS_001.raw P1_KEVIPDREEDEVVVIHK P2_AGEGAADTFGKLVPIK 1 11,H2KYR1,,,false,H2KYR1,,,false,DSG,131.79,false,true,false,false,1,1,1,Self,-0.008,-0.004,0,,0,0,0
124,284,310,Scan: 39031 Run: 20240131_E0_NEO6_Mueller_MS_TechHub_IMP_THIDVJSSG004_Celegans_Nulcei_S3_DSG_SEC85_allng_FAIMS_001.raw P1_QITEKLERVEEELRDTQK P2_DNALDRADAAEEKVR 5 13,A0A0K3AUC2;K8FDX2;A0A0K3AWP0;Q22866;A0A0K3ATS1;A0A0K3AQT4;A0A0K3ARC0,;;;;;;,;;;;;;,false,A0A0K3AUC2;K8FDX2;A0A0K3AWP0;Q22866;A0A0K3ATS1;A0A0K3AQT4;A0A0K3ARC0,;;;;;;,;;;;;;,false,DSG,126.18,false,true,false,false,1,1,1,Self,-0.008,-0.004,0,,0,0,0
120,279,304,Scan: 17442 Run: 20240131_E0_NEO6_Mueller_MS_TechHub_IMP_THIDVJSSG004_Celegans_Nulcei_S3_DSG_SEC85_allng_FAIMS_001.raw P1_TRIRLPSGAKK P2_IRGGKPVK 10 5,Q9XVF7,,,false,Q9XVF7,,,false,DSG,124.89,false,true,false,false,1,1,1,Self,-0.008,-0.003,0,,0,0,0
119,133,286;140,Scan: 26993 Run: 20240131_E0_NEO6_Mueller_MS_TechHub_IMP_THIDVJSSG004_Celegans_Nulcei_S3_DSG_SEC9_allng_FAIMS_001.raw P1_VLFTVNHVTYKK P2_KLIDQTDK 11 1;Scan: 33453 Run: 20240131_E0_NEO6_Mueller_MS_TechHub_IMP_THIDVJSSG004_Celegans_Nulcei_S3_DSG_SEC85_allng_FAIMS_001.raw P1_VLFTVNHVTYKK P2_KLIDQTDKINEIVK 11 1,Q21166,,,false,Q21166,,,false,DSG,124.455,false,true,false,false,2,2,1,Self,-0.008,-0.003,0,,0,0,0
114,272,297,Scan: 39327 Run: 20240131_E0_NEO6_Mueller_MS_TechHub_IMP_THIDVJSSG004_Celegans_Nulcei_S3_DSG_SEC85_allng_FAIMS_001.raw P1_RGDKIEIVGGTK P2_DGTTVKSVISGLESFRK 4 6,G5ECM6,,,false,G5ECM6,,,false,DSG,120.84,false,true,false,false,1,1,1,Self,-0.008,-0.003,0,,0,0,0
113,271,296,Scan: 50257 Run: 20240131_E0_NEO6_Mueller_MS_TechHub_IMP_THIDVJSSG004_Celegans_Nulcei_S3_DSG_SEC85_allng_FAIMS_001.raw P1_VEVAKSK P2_FNVECKNPVEDGILRIEDLEAFLNEK 5 6,P52819,,,false,P52819,,,false,DSG,120.61,false,true,false,false,1,1,1,Self,-0.008,-0.003,0,,0,0,0
111,269,292,Scan: 32783 Run: 20240131_E0_NEO6_Mueller_MS_TechHub_IMP_THIDVJSSG004_Celegans_Nulcei_S3_DSG_SEC9_allng_FAIMS_001.raw P1_SLITQTKR P2_SKPIHLTAFLGYK 7 2,P50880;G5ECE5,;,;,false,P50880;G5EEC0;G5ECE5,;;,;;,false,DSG,117.74,false,true,false,false,1,1,1,Self,-0.008,-0.003,0,,0,0,0
109,266,288,Scan: 51217 Run: 20240131_E0_NEO6_Mueller_MS_TechHub_IMP_THIDVJSSG004_Celegans_Nulcei_S3_DSG_SEC9_allng_FAIMS_001.raw P1_SQIQKIK P2_AFPLADTNLSQKLMDLVQQAMNYK 5 12,Q21568,,,false,Q21568,,,false,DSG,115.15,false,true,false,false,1,1,1,Self,-0.008,-0.003,0,,0,0,0
52,199;206,214;221,Scan: 26305 Run: 20240131_E0_NEO6_Mueller_MS_TechHub_IMP_THIDVJSSG004_Celegans_Nulcei_S3_DSG_SEC85_allng_FAIMS_001.raw P1_YRIEYDAAKVEVKK P2_LKPQVEK 9 2;Scan: 32294 Run: 20240131_E0_NEO6_Mueller_MS_TechHub_IMP_THIDVJSSG004_Celegans_Nulcei_S3_DSG_SEC85_allng_FAIMS_001.raw P1_TAFEDAYKNK P2_NKLNAARERQEEAVSEAIHLR 8 2,Q21443,,,false,Q21443,,,false,DSG,113.699,false,true,false,false,2,2,2,Self,-0.008,-0.003,0,,0,0,0
108,264,285,Scan: 35560 Run: 20240131_E0_NEO6_Mueller_MS_TechHub_IMP_THIDVJSSG004_Celegans_Nulcei_S3_DSG_SEC85_allng_FAIMS_001.raw P1_FKPLEQVTLEPYER P2_DHAVVVAVYRPVKGK 2 13,Q22053,,,false,Q22053,,,false,DSG,113.14,false,true,false,false,1,1,1,Self,-0.008,-0.003,0,,0,0,0
106,262,282,Scan: 28690 Run: 20240131_E0_NEO6_Mueller_MS_TechHub_IMP_THIDVJSSG004_Celegans_Nulcei_S3_DSG_SEC85_allng_FAIMS_001.raw P1_VLIAAKLANK P2_LYGNKDNFRTQK 6 5,P54412,,,false,P54412,,,false,DSG,112.66,false,true,false,false,1,1,1,Self,-0.008,-0.003,0,,0,0,0
50,202;197,217;211,Scan: 23053 Run: 20240131_E0_NEO6_Mueller_MS_TechHub_IMP_THIDVJSSG004_Celegans_Nulcei_S3_DSG_SEC8_allng_FAIMS_001.raw P1_EERKSNPIK P2_AHDDRFQIIVDHKEFK 4 13;Scan: 27325 Run: 20240131_E0_NEO6_Mueller_MS_TechHub_IMP_THIDVJSSG004_Celegans_Nulcei_S3_DSG_SEC85_allng_FAIMS_001.raw P1_SNPIKK P2_AHDDRFQIIVDHKEFK 5 13,P36573;O45904,;,;,false,P36573;O45904,;,;,false,DSG,112.256,false,true,false,false,2,2,2,Self,-0.008,-0.003,0,,0,0,0
104,258,277,Scan: 33647 Run: 20240131_E0_NEO6_Mueller_MS_TechHub_IMP_THIDVJSSG004_Celegans_Nulcei_S3_DSG_SEC9_allng_FAIMS_001.raw P1_KTLIER P2_GVVAKFNASQLITQR 1 5,P50093,,,false,P50093,,,false,DSG,111.41,false,true,false,false,1,1,1,Self,-0.008,-0.003,0,,0,0,0
102,174,229;184,Scan: 23579 Run: 20240131_E0_NEO6_Mueller_MS_TechHub_IMP_THIDVJSSG004_Celegans_Nulcei_S3_DSG_SEC85_allng_FAIMS_001.raw P1_VVRREEEIVVKK P2_FLVKVDGKK 11 4;Scan: 26502 Run: 20240131_E0_NEO6_Mueller_MS_TechHub_IMP_THIDVJSSG004_Celegans_Nulcei_S3_DSG_SEC85_allng_FAIMS_001.raw P1_VVRREEEIVVKK P2_FLVKVDGK 11 4,P18947;P06125,;,;,false,P18947;Q9N4J2;P06125,;;,;;,false,DSG,110.934,false,true,false,false,2,2,1,Self,-0.008,-0.002,0,,0,0,0
101,256,276,Scan: 13423 Run: 20240131_E0_NEO6_Mueller_MS_TechHub_IMP_THIDVJSSG004_Celegans_Nulcei_S3_DSG_SEC9_allng_FAIMS_001.raw P1_KVYKLIK P2_KASAGDK 4 1,Q9XXD4,,,false,Q9XXD4,,,false,DSG,110.21,false,true,false,false,1,1,1,Self,-0.008,-0.002,0,,0,0,0
100,85,180;170;116;92,Scan: 27807 Run: 20240131_E0_NEO6_Mueller_MS_TechHub_IMP_THIDVJSSG004_Celegans_Nulcei_S3_DSG_SEC9_allng_FAIMS_001.raw P1_LAHYNKR P2_KESYSVYIYRVLK 6 1;Scan: 25354 Run: 20240131_E0_NEO6_Mueller_MS_TechHub_IMP_THIDVJSSG004_Celegans_Nulcei_S3_DSG_SEC8_allng_FAIMS_001.raw P1_LAHYNKRSTISSR P2_KESYSVYIYRVLK 6 1;Scan: 23158 Run: 20240131_E0_NEO6_Mueller_MS_TechHub_IMP_THIDVJSSG004_Celegans_Nulcei_S3_DSG_SEC8_allng_FAIMS_001.raw P1_LAHYNKR P2_HARKESYSVYIYRVLK 6 4;Scan: 23107 Run: 20240131_E0_NEO6_Mueller_MS_TechHub_IMP_THIDVJSSG004_Celegans_Nulcei_S3_DSG_SEC8_allng_FAIMS_001.raw P1_LAHYNKRSTISSR P2_HARKESYSVYIYRVLK 6 4,Q27484;Q27876;P04255;Q27894,;;;,;;;,false,Q27484;Q22979;Q27876;P04255;Q27894,;;;;,;;;;,false,DSG,110.184,false,true,false,false,4,4,1,Self,-0.008,-0.002,0,,0,0.011,0.01
99,255,274,Scan: 11101 Run: 20240131_E0_NEO6_Mueller_MS_TechHub_IMP_THIDVJSSG004_Celegans_Nulcei_S3_DSG_SEC85_allng_FAIMS_001.raw P1_SLGVSGASRKAR P2_SLGVSGASRKAR 10 10,P20631;P20630,;,;,false,P20631;P20630,;,;,false,DSG,110.12,false,true,false,false,1,1,1,Self,-0.008,-0.002,0,,0,0,0
98,253,272,Scan: 10962 Run: 20240131_E0_NEO6_Mueller_MS_TechHub_IMP_THIDVJSSG004_Celegans_Nulcei_S3_DSG_SEC9_allng_FAIMS_001.raw P1_LSEKLQR P2_LSEKLQR 4 4,decoy:A0A1N7SYP3;decoy:A0A1N7SYN2;decoy:A0A1N7SYR7;decoy:A0A1N7SYN7;decoy:A0A1N7SYN9;decoy:A0A1N7SYQ0;decoy:G5EDD3,decoy:;decoy:;decoy:;decoy:;decoy:;decoy:;decoy:,decoy:;decoy:;decoy:;decoy:;decoy:;decoy:;decoy:,true,decoy:A0A1N7SYP3;decoy:A0A1N7SYN2;decoy:A0A1N7SYR7;decoy:A0A1N7SYN7;decoy:A0A1N7SYN9;decoy:A0A1N7SYQ0;decoy:G5EDD3,decoy:;decoy:;decoy:;decoy:;decoy:;decoy:;decoy:,decoy:;decoy:;decoy:;decoy:;decoy:;decoy:;decoy:,true,DSG,108.81,true,false,false,true,1,1,1,Self,-0.008,-0.002,0,,0,0,0
97,252,270,Scan: 35332 Run: 20240131_E0_NEO6_Mueller_MS_TechHub_IMP_THIDVJSSG004_Celegans_Nulcei_S3_DSG_SEC9_allng_FAIMS_001.raw P1_IKLPHSTR P2_ENIDTVLEKIASK 2 9,Q20720,,,false,Q20720,,,false,DSG,107.38,false,true,false,false,1,1,1,Self,-0.008,-0.002,0,,0,0,0
96,251,268,Scan: 31828 Run: 20240131_E0_NEO6_Mueller_MS_TechHub_IMP_THIDVJSSG004_Celegans_Nulcei_S3_DSG_SEC85_allng_FAIMS_001.raw P1_VIEEVERQSGKEFQK P2_LIDKELSGDFK 11 4,Q27473,,,false,Q27473,,,false,DSG,106.35,false,true,false,false,1,1,1,Self,-0.008,-0.002,0,,0,0,0
95,250,267,Scan: 11803 Run: 20240131_E0_NEO6_Mueller_MS_TechHub_IMP_THIDVJSSG004_Celegans_Nulcei_S3_DSG_SEC85_allng_FAIMS_001.raw P1_KEEERVAKSR P2_EEERVAKSR 8 7,O62486;O18218,;,;,false,O62486;O18218,;,;,false,DSG,106.07,false,true,false,false,1,1,1,Self,-0.008,-0.002,0,,0,0,0
94,249,266,Scan: 13302 Run: 20240131_E0_NEO6_Mueller_MS_TechHub_IMP_THIDVJSSG004_Celegans_Nulcei_S3_DSG_SEC85_allng_FAIMS_001.raw P1_HSLVNRQLSKK P2_ERKSMSAQQK 10 3,G8JYE5;Q23525,;,;,false,G8JYE5;Q23525,;,;,false,DSG,105.82,false,true,false,false,1,1,1,Self,-0.008,-0.002,0,,0,0,0
92,248,265,Scan: 40422 Run: 20240131_E0_NEO6_Mueller_MS_TechHub_IMP_THIDVJSSG004_Celegans_Nulcei_S3_DSG_SEC9_allng_FAIMS_001.raw P1_EKIALQNKMIEEAR P2_EKIALQNKMIEEAR 2 2,Q03560,,,false,Q03560,,,false,DSG,105.27,false,true,false,false,1,1,1,Self,-0.008,-0.002,0,,0,0,0
87,161,204;171,Scan: 45451 Run: 20240131_E0_NEO6_Mueller_MS_TechHub_IMP_THIDVJSSG004_Celegans_Nulcei_S3_DSG_SEC85_allng_FAIMS_001.raw P1_SPVIDCTKLGYFK P2_GLLPETPLIVKARFFSHEAEQK 8 11;Scan: 42959 Run: 20240131_E0_NEO6_Mueller_MS_TechHub_IMP_THIDVJSSG004_Celegans_Nulcei_S3_DSG_SEC9_allng_FAIMS_001.raw P1_SPVIDCTKLGYFK P2_GLLPETPLIVKAR 8 11,Q9BKU6;Q9BKU5,;,;,false,Q9BKU6;Q9BKU5,;,;,false,DSG,100.231,false,true,false,false,2,2,1,Self,-0.008,-0.002,0,,0,0,0
86,240,255,Scan: 17712 Run: 20240131_E0_NEO6_Mueller_MS_TechHub_IMP_THIDVJSSG004_Celegans_Nulcei_S3_DSG_SEC8_allng_FAIMS_001.raw P1_TKTLVK P2_RKFELGRPAANTKIGAHR 2 13,P48156,,,false,P48156;V6CM07,;,;,false,DSG,98.94,false,true,false,false,1,1,1,Self,-0.008,-0.002,0,,0,0,0
84,238,253,Scan: 9074 Run: 20240131_E0_NEO6_Mueller_MS_TechHub_IMP_THIDVJSSG004_Celegans_Nulcei_S3_DSG_SEC8_allng_FAIMS_001.raw P1_HRSSVVTGKSSSK P2_HRSSVVTGKSSSK 9 9,P10567,,,false,P10567,,,false,DSG,97.74,false,true,false,false,1,1,1,Self,-0.008,-0.002,0,,0,0,0
82,236,251,Scan: 21669 Run: 20240131_E0_NEO6_Mueller_MS_TechHub_IMP_THIDVJSSG004_Celegans_Nulcei_S3_DSG_SEC95_allng_FAIMS_001.raw P1_PKEIK P2_DFLVKAR 2 5,O17570,,,false,O17570,,,false,DSG,97.16,false,true,false,false,1,1,1,Self,-0.008,-0.002,0,,0,0,0
81,235,250,Scan: 38160 Run: 20240131_E0_NEO6_Mueller_MS_TechHub_IMP_THIDVJSSG004_Celegans_Nulcei_S3_DSG_SEC85_allng_FAIMS_001.raw P1_KVTELGAELSNEERNLLSVAYK P2_EYREKVEK 1 5,Q20655;W6EKY2,;,;,false,Q20655;W6EKY2,;,;,false,DSG,96.96,false,true,false,false,1,1,1,Self,-0.008,-0.002,0,,0,0,0
80,234,249,Scan: 36870 Run: 20240131_E0_NEO6_Mueller_MS_TechHub_IMP_THIDVJSSG004_Celegans_Nulcei_S3_DSG_SEC85_allng_FAIMS_001.raw P1_VFFKAGVLAHLEDIRDEK P2_KGFPNR 4 1,P02566,,,false,Q21000;O62244;P12844;P02567;P02566;P12845,;;;;;,;;;;;,false,DSG,96.49,false,true,false,false,1,1,1,Self,-0.008,-0.001,0,,0,0,0
79,233,248,Scan: 31697 Run: 20240131_E0_NEO6_Mueller_MS_TechHub_IMP_THIDVJSSG004_Celegans_Nulcei_S3_DSG_SEC10_allng_FAIMS_001.raw P1_MLIYK P2_EAIIEEKC 1 7,Q93573,,,false,Q93573,,,false,DSG,96.12,false,true,false,false,1,1,1,Self,-0.008,-0.001,0,,0,0,0
77,231,246,Scan: 11560 Run: 20240131_E0_NEO6_Mueller_MS_TechHub_IMP_THIDVJSSG004_Celegans_Nulcei_S3_DSG_SEC8_allng_FAIMS_001.raw P1_RIAKHR P2_LRDTYKNHPEVR 4 6,Q23494,,,false,Q23494,,,false,DSG,94.36,false,true,false,false,1,1,1,Self,-0.008,-0.001,0,,0,0,0
76,230,245,Scan: 12970 Run: 20240131_E0_NEO6_Mueller_MS_TechHub_IMP_THIDVJSSG004_Celegans_Nulcei_S3_DSG_SEC85_allng_FAIMS_001.raw P1_SVVRCPQKRYNTK P2_ERADKK 8 5,P91128,,,false,P91128,,,false,DSG,94.25,false,true,false,false,1,1,1,Self,-0.008,-0.001,0,,0,0,0
74,228,243,Scan: 19693 Run: 20240131_E0_NEO6_Mueller_MS_TechHub_IMP_THIDVJSSG004_Celegans_Nulcei_S3_DSG_SEC85_allng_FAIMS_001.raw P1_IKWVEK P2_GRILSKQGRK 2 6,O18650,,,false,O18650,,,false,DSG,92.93,false,true,false,false,1,1,1,Self,-0.008,-0.001,0,,0,0,0
70,225,240,Scan: 23354 Run: 20240131_E0_NEO6_Mueller_MS_TechHub_IMP_THIDVJSSG004_Celegans_Nulcei_S3_DSG_SEC8_allng_FAIMS_001.raw P1_YHELLEDAAHKLK P2_HHEPFTADAKK 11 10,P34466,,,false,P34466,,,false,DSG,91.07,false,true,false,false,1,1,1,Self,-0.008,-0.001,0,,0,0,0
69,224,239,Scan: 18726 Run: 20240131_E0_NEO6_Mueller_MS_TechHub_IMP_THIDVJSSG004_Celegans_Nulcei_S3_DSG_SEC85_allng_FAIMS_001.raw P1_RKAAK P2_CRTDFLNRVKSNDEK 2 10,P34334,,,false,P34334,,,false,DSG,90.93,false,true,false,false,1,1,1,Self,-0.008,-0.001,0,,0,0,0
67,221,237,Scan: 28623 Run: 20240131_E0_NEO6_Mueller_MS_TechHub_IMP_THIDVJSSG004_Celegans_Nulcei_S3_DSG_SEC85_allng_FAIMS_001.raw P1_YLAEVASEDRAAVVEKSQK P2_MKGDYYR 16 1,P41932;N1NV25,;,;,false,Q20655;W6EKY2;P41932;N1NV25,;;;,;;;,false,DSG,89.78,false,true,false,false,1,1,1,Self,-0.008,-0.001,0,,0,0,0
62,212,228,Scan: 36587 Run: 20240131_E0_NEO6_Mueller_MS_TechHub_IMP_THIDVJSSG004_Celegans_Nulcei_S3_DSG_SEC12_allng_FAIMS_001.raw P1_GSAVEREISGQYAADKK P2_GSAVEREISGQYAADKK 16 16,Q95XS1,,,false,Q95XS1,,,false,DSG,85.34,false,true,false,false,1,1,1,Self,-0.008,-0.001,0,,0,0,0
61,210,227,Scan: 13813 Run: 20240131_E0_NEO6_Mueller_MS_TechHub_IMP_THIDVJSSG004_Celegans_Nulcei_S3_DSG_SEC9_allng_FAIMS_001.raw P1_SAKVDSVSDK P2_KLSSAR 3 1,A0A061AJI9;A0A061AD21;C1P640;Q21313;G5EEV6;C1P641,;;;;;,;;;;;,false,A0A061AJI9;A0A061AD21;C1P640;Q21313;G5EEV6;C1P641,;;;;;,;;;;;,false,DSG,84.13,false,true,false,false,1,1,1,Self,-0.008,-0.001,0,,0,0,0
60,209,226,Scan: 26505 Run: 20240131_E0_NEO6_Mueller_MS_TechHub_IMP_THIDVJSSG004_Celegans_Nulcei_S3_DSG_SEC85_allng_FAIMS_001.raw P1_ERLRELESAKK P2_ERLRELESAKK 10 10,decoy:O62244,decoy:,decoy:,true,decoy:O62244,decoy:,decoy:,true,DSG,83.78,true,false,false,true,1,1,1,Self,-0.008,-0.001,0,,0,0,0
59,208,224,Scan: 19563 Run: 20240131_E0_NEO6_Mueller_MS_TechHub_IMP_THIDVJSSG004_Celegans_Nulcei_S3_DSG_SEC8_allng_FAIMS_001.raw P1_VREDRSTWKANYFTK P2_KALRGHLGK 9 1,Q93572,,,false,Q93572,,,false,DSG,82.1,false,true,false,false,1,1,1,Self,-0.008,-0.001,0,,0,0,0
56,204,219,Scan: 17827 Run: 20240131_E0_NEO6_Mueller_MS_TechHub_IMP_THIDVJSSG004_Celegans_Nulcei_S3_DSG_SEC85_allng_FAIMS_001.raw P1_SLRGEKK P2_QELRKFYADHK 6 5,P34662,,,false,P34662,,,false,DSG,81.38,false,true,false,false,1,1,1,Self,-0.008,-0,0,,0,0,0
51,198,213,Scan: 33336 Run: 20240131_E0_NEO6_Mueller_MS_TechHub_IMP_THIDVJSSG004_Celegans_Nulcei_S3_DSG_SEC9_allng_FAIMS_001.raw P1_YPASTVQILGAEKALFR P2_ALKTRSNTPK 13 3,Q21276,,,false,Q21276,,,false,DSG,78.97,false,true,false,false,1,1,1,Self,-0.008,-0,0.032,,0,0,0
49,196,210,Scan: 39244 Run: 20240131_E0_NEO6_Mueller_MS_TechHub_IMP_THIDVJSSG004_Celegans_Nulcei_S3_DSG_SEC85_allng_FAIMS_001.raw P1_GSFGKDGIHEFLRDLSYGK P2_EQSEKFK 5 5,Q11067,,,false,Q11067,,,false,DSG,78.28,false,true,false,false,1,1,1,Self,-0.007,-0,0.033,,0,0,0
48,195,209,Scan: 41929 Run: 20240131_E0_NEO6_Mueller_MS_TechHub_IMP_THIDVJSSG004_Celegans_Nulcei_S3_DSG_SEC85_allng_FAIMS_001.raw P1_SLQDEERANTVEAQLKEAQLLAEEADR P2_KYDEVARK 16 1,K8ERM4;K8FDX2;A0A0K3AQS9;A0A0K3AWP0;Q22866;K8ESC3;A0A0K3AUC0,;;;;;;,;;;;;;,false,K8ERM4;K8FDX2;A0A0K3AQS9;A0A0K3AWP0;Q22866;K8ESC3;A0A0K3AUC0,;;;;;;,;;;;;;,false,DSG,77.46,false,true,false,false,1,1,1,Self,-0.007,-0,0.036,,0,0,0
47,194,146,Scan: 12271 Run: 20240131_E0_NEO6_Mueller_MS_TechHub_IMP_THIDVJSSG004_Celegans_Nulcei_S3_DSG_SEC85_allng_FAIMS_001.raw P1_HTAKRLTYDERK P2_AAKPSKR 4 3;Scan: 9749 Run: 20240131_E0_NEO6_Mueller_MS_TechHub_IMP_THIDVJSSG004_Celegans_Nulcei_S3_DSG_SEC8_allng_FAIMS_001.raw P1_HTAKRLTYDERK P2_AAKPSKR 4 3,P49405,,,false,P49405,,,false,DSG,77.05,false,true,false,false,2,1,1,Self,-0.007,-0,0.037,,0,0,0.012
45,192,206,Scan: 33702 Run: 20240131_E0_NEO6_Mueller_MS_TechHub_IMP_THIDVJSSG004_Celegans_Nulcei_S3_DSG_SEC8_allng_FAIMS_001.raw P1_LGPGFVNGEKLSINVHSELR P2_IFTKDPHVAGTEANKK 10 4,P91406;G8JYE4,;,;,false,P91406;G8JYE4,;,;,false,DSG,76.26,false,true,false,false,1,1,1,Self,-0.007,-0,0.038,,0,0,0
44,191,205,Scan: 11093 Run: 20240131_E0_NEO6_Mueller_MS_TechHub_IMP_THIDVJSSG004_Celegans_Nulcei_S3_DSG_SEC85_allng_FAIMS_001.raw P1_LNKEK P2_KHQEEINRK 3 1,P02566,,,false,Q21000;P12844;P02566;Q9GRZ9,;;;,;;;,false,DSG,76.2,false,true,false,false,1,1,1,Self,-0.007,-0,0.038,,0,0,0
42,189,203,Scan: 18541 Run: 20240131_E0_NEO6_Mueller_MS_TechHub_IMP_THIDVJSSG004_Celegans_Nulcei_S3_DSG_SEC75_allng_FAIMS_001.raw P1_HEKMERSQNPR P2_HEKMER 3 3,Q18013,,,false,Q18013,,,false,DSG,76.09,false,true,false,false,1,1,1,Self,-0.007,-0,0.038,,0,0,0
41,186,199,Scan: 14406 Run: 20240131_E0_NEO6_Mueller_MS_TechHub_IMP_THIDVJSSG004_Celegans_Nulcei_S3_DSG_SEC85_allng_FAIMS_001.raw P1_KPAAKPTPAK P2_AVPKPTANAPTPK 5 4,Q9XVS4,,,false,decoy:Q9XVS4,decoy:,decoy:,true,DSG,74.8,true,false,true,false,1,1,1,Self,0,0.007,0.038,,0.005,0.004,0.004
39,184,197,Scan: 44420 Run: 20240131_E0_NEO6_Mueller_MS_TechHub_IMP_THIDVJSSG004_Celegans_Nulcei_S3_DSG_SEC9_allng_FAIMS_001.raw P1_EAKAK P2_EAEEVLSIVRDVLTETTKAK 3 18,O44565,,,false,decoy:Q18038;decoy:O44565,decoy:;decoy:,decoy:;decoy:,true,DSG,73.83,true,false,true,false,1,1,1,Self,0.007,0.005,0.038,,0.009,0.008,0.007
38,183,196,Scan: 25556 Run: 20240131_E0_NEO6_Mueller_MS_TechHub_IMP_THIDVJSSG004_Celegans_Nulcei_S3_DSG_SEC9_allng_FAIMS_001.raw P1_TLKSLASRELVK P2_KDFNAK 3 1,O01869,,,false,O01869,,,false,DSG,73.63,false,true,false,false,1,1,1,Self,0.007,0.007,0.038,,0.009,0.008,0.007
36,181,194,Scan: 29295 Run: 20240131_E0_NEO6_Mueller_MS_TechHub_IMP_THIDVJSSG004_Celegans_Nulcei_S3_DSG_SEC85_allng_FAIMS_001.raw P1_NSKYRIIIK P2_KRFGLLPTQK 3 1,Q9XVR8,,,false,Q9XVR8,,,false,DSG,73.34,false,true,false,false,1,1,1,Self,0.007,0.007,0.038,,0.009,0.008,0.007
